0.0,0.0,0.0,-0.228630137669285,-0.18730934973714056,-0.13602036113696372,-0.3939602302190786,-0.40078464327685703,-0.25376564134789237,-0.5172768969414525,-0.5480324360746943,-0.35266002018910775,-0.5986382053707998,-0.6749373808692406,-0.4313836239077672,-0.13252297874707486,-0.9599065875814787,-0.22170953722090542,-0.4744494825031696,-0.7392262256949013,-0.35078658158977294,-0.47062502255832367,-0.553349701061654,-0.4330681908972928,-0.37563592445552,-0.5436778056324483,-0.49075133212106264,0.0009023068967065373,-0.8152285439628745,-0.22949969247961693,-0.37872289194259545,-0.5792978046828093,-0.31409294164526713,-0.37416545976720716,-0.4404658926368645,-0.33198736945305135,-0.29882857110369326,-0.449285203668874,-0.35259032610871904,0.08081488249941493,-0.5799734917259789,-0.24836179662402322,-0.2856809686457866,-0.3547721202641787,-0.32107545399672427,-0.29325617406068016,-0.24920812441588922,-0.28009998534658054,-0.22911832220993084,-0.27685957135505646,-0.2579701698215558,0.10606956587827461,-0.31778814264770766,-0.2848551339994793,-0.1659509283740979,-0.13953385117801664,-0.34451700469239466,-0.1719484006314554,-0.07539773787620126,-0.32420760202422005,-0.10910055208967766,-0.10022004413519404,-0.3009234769345165,Fist
0.0,0.0,0.0,-0.2052801304860389,-0.22157477672911866,-0.1688559285868015,-0.3642140362794781,-0.45244139836263353,-0.3175103258025429,-0.4803144534557417,-0.5897236158448605,-0.4392363810363697,-0.5392036592096721,-0.6469109166449892,-0.5392269279444784,-0.06169312471778029,-0.9511917385587997,-0.28369475048926657,-0.44520267888486537,-0.7282809779534685,-0.4461631111732989,-0.41321912216122036,-0.5694512162034089,-0.5569117111951709,-0.2839940758990362,-0.5787278291558823,-0.6320262666667179,0.07548937661406785,-0.7472607870701158,-0.2808583972091855,-0.3538830534456455,-0.48732655336972697,-0.3892698224684258,-0.29507372688145034,-0.389016878923666,-0.41207493262742606,-0.17064993355793362,-0.4302898894894868,-0.43618702396348336,0.15297962951735386,-0.47132095998174184,-0.29110130925123145,-0.2586782175717714,-0.2226489835711217,-0.3706147771639249,-0.19674474682190568,-0.16528881782824037,-0.3175073148353023,-0.07745978899944025,-0.21670196903955768,-0.2867355617286613,0.17866760797240902,-0.18825435055066095,-0.3231239642700739,-0.145811224980439,-0.0052590970749539934,-0.3858022951805404,-0.09123000488488289,0.014209639986845688,-0.3618056390150149,0.03319237151287351,-0.05154917608430303,-0.3365717409871956,Fist
0.0,0.0,0.0,-0.19269760325646565,-0.15460245862945368,-0.1772549941311221,-0.38382498637770657,-0.32713635270471864,-0.32789201938017587,-0.5470772851126295,-0.3951625562275648,-0.4522948520505769,-0.6418962644260268,-0.39845644938371594,-0.5530678523556805,-0.15685140136840175,-0.9508729143891428,-0.2669051115469066,-0.48756717745493494,-0.5334848893460966,-0.4477333792267526,-0.46006587096017915,-0.3769175474089267,-0.5643424722038642,-0.35438791830498106,-0.45919741587477353,-0.6371773890944942,0.04952204072535212,-0.7929437148612312,-0.2633845444555984,-0.3063170614188525,-0.2658388376007264,-0.3869554712822202,-0.2678789275303808,-0.19698859698431032,-0.40057340984538264,-0.1722794466385903,-0.36997490742674943,-0.403758464213592,0.20771461050949033,-0.5215044842766472,-0.27927302192261355,-0.12986918725505467,-0.03381650557239313,-0.3731655233102768,-0.10362903795895378,-0.036241551431290216,-0.2981230910571901,-0.02706163701265594,-0.17752116188705058,-0.23764684305058814,0.30617978727189893,-0.22351202128794612,-0.3193475371824935,0.03824418512941871,0.13116505520229646,-0.40555241669511055,0.06909301975059969,0.09498998367931662,-0.37416107954781713,0.16084705957437198,-0.046382973196372204,-0.325922601122962,Fist
0.0,0.0,0.0,-0.2165757143981539,-0.04554102621145592,-0.18536616710689657,-0.4485572988804238,-0.13369426470925516,-0.33471340806439953,-0.6069490734509259,-0.1351395122758944,-0.4522585420444477,-0.6898122216273068,-0.09383662069759464,-0.5467343335346884,-0.4125168547140103,-0.8595344435334973,-0.3017124209515102,-0.5333834749150931,-0.35664157443417555,-0.4795119725132573,-0.4762331892631857,-0.16451019897410582,-0.5965709725670517,-0.4142474914914738,-0.2501469795007089,-0.6793269806389014,-0.1620492174627292,-0.8441161341400918,-0.2922493951352803,-0.2871909566035146,-0.25625034328463653,-0.434332925436105,-0.2642479136141554,-0.11593379065527225,-0.47139768238124863,-0.21973939773391146,-0.2646818119734313,-0.4987346611611095,0.06729523345018035,-0.6962097440968068,-0.2964462560448938,-0.04500246607746887,-0.12492669636870135,-0.4081191066666459,-0.05399346538334404,-0.02497126998599222,-0.3604397822524116,-0.028083861599304292,-0.16161550974420869,-0.32838511201920184,0.2520743575377387,-0.49502455320195976,-0.323358344241171,0.15192085541017555,-0.04421407123353844,-0.4160778339422533,0.14636367739045075,0.010934772447868793,-0.40332449166849565,0.18606042060455905,-0.1296242752223562,-0.38003205183468874,Fist
0.0,0.0,0.0,-0.2118242464106465,0.13895087228945002,-0.23602594446553984,-0.4469741789310585,0.20946915723396523,-0.4032477116246703,-0.5400085499017766,0.17918826115078704,-0.5345943041554043,-0.4980663379268512,0.027917560225565245,-0.6248576885222086,-0.7028864033328736,-0.6042835883266459,-0.3258201334116829,-0.6240670704490737,-0.30321844417384536,-0.521712886729274,-0.5033668157375196,-0.058833654362232736,-0.5993765643630086,-0.48483214581642203,-0.07161183556040374,-0.64411409574114,-0.4987625206948845,-0.8137881757453546,-0.2983031226238385,-0.3108471330900104,-0.35023857538516007,-0.4766687009935356,-0.22517124497135071,-0.0567231149089817,-0.48499311452879323,-0.26781982080187944,-0.14392097380847346,-0.4768551676123792,-0.2513627036103063,-0.8837308219986647,-0.29481576924578395,-0.04195015322323002,-0.3921642939982222,-0.45742181309148205,-0.012853419435312938,-0.1297607099726815,-0.38796846990678385,-0.07834713404230545,-0.1847252456257054,-0.3275367156814147,-0.003000977372119037,-0.8603757634512599,-0.3178702820881238,0.14802975531907897,-0.45671401816572876,-0.44588949157924607,0.15091018861436978,-0.24404362156714354,-0.42993949435953227,0.08714807338127471,-0.27953906708189974,-0.3938793548227087,Fist
0.0,0.0,0.0,-0.05878530066815826,-0.0049702022770854795,-0.04001779832896845,-0.16447256215373426,-0.08954671974879445,-0.1103823551967151,-0.31313283598738223,-0.1938101958859151,-0.17486058182506137,-0.46210671675981513,-0.28035549537991766,-0.2553821788094314,-0.04214025546117282,-0.40196987849558247,-0.25959359506704704,-0.41030101667431657,-0.5250106316322751,-0.331850424571953,-0.6455182825683661,-0.4449127363303097,-0.34049430813194786,-0.7610024377405215,-0.3534202504530807,-0.3473965839268165,0.0037925762212399575,-0.5565188364668664,-0.28282881685578337,-0.4547012606009404,-0.6458662902682932,-0.3541044246504349,-0.7024896354092823,-0.504746306346047,-0.36908764847301123,-0.8050580586574915,-0.39922064843606936,-0.39621523330622926,0.013619255182225166,-0.6694605969251242,-0.29260090999363236,-0.4057635624336392,-0.774759111347846,-0.3666362096177329,-0.6486398285579515,-0.6329204038310022,-0.37871613843353397,-0.7492261771820662,-0.5263161374406314,-0.40205902414287553,0.011030644061139985,-0.7349380456619969,-0.2997355293908131,-0.30619680559951445,-0.8088785739584426,-0.39699171202485545,-0.4999423846711195,-0.7249788099219413,-0.4207420529032895,-0.5954224049293355,-0.6512391476082653,-0.43494424406032633,Fist
0.0,0.0,0.0,-0.25849694553866104,0.008568961474571654,-0.12289254717968774,-0.5123513240181491,-0.15970729530905164,-0.2049781888763147,-0.6133242398147608,-0.38533943189041303,-0.28119657513677365,-0.5863199334929293,-0.5806732216540842,-0.3369681218970066,-0.46046558855683434,-0.5727742794751325,-0.13039249941090955,-0.5224523644521432,-0.8127800010170441,-0.2577444409198748,-0.4278990080350224,-0.5750346441218103,-0.3085193130359574,-0.36668746692250537,-0.3897528237035782,-0.32465645102770796,-0.29471282355419404,-0.6485082987250043,-0.12391260690699936,-0.3583848155717668,-0.8729995988097459,-0.2554897349212466,-0.26919585750564295,-0.5649381129229808,-0.284292275597676,-0.23258352046113662,-0.3949315476654484,-0.28083921824998664,-0.13079399101787062,-0.694838656463649,-0.1353139869795105,-0.18444045018636088,-0.8952848136991715,-0.26133640039390604,-0.1286152346860328,-0.5881195604054457,-0.23068250922513217,-0.11075247428828928,-0.4151983493205035,-0.1832720349359309,0.031995587567059544,-0.6958916954991246,-0.15710261129439806,-0.026801832821307676,-0.8739628952238102,-0.2442339103073544,-0.0029071304354690245,-0.65933435344035,-0.2197372029229604,0.010338526819324607,-0.5135230178299142,-0.181781345892418,Fist
0.0,0.0,0.0,0.022203290160095927,-0.3524169835130593,0.010964522130854186,-0.08783011504614659,-0.6697006367002394,-0.010375400249316215,-0.26767149968249904,-0.8451707434261592,-0.03885245188990691,-0.4197094633874044,-0.9050146530740317,-0.06922748055755704,-0.04345435810404951,-0.8402168486279886,-0.03566274540671379,-0.33366508607337986,-0.8862895884858187,-0.07324783293233693,-0.33878708753928466,-0.7312979470541077,-0.09753129976776162,-0.27077255168582043,-0.6689303274566027,-0.11698101188399603,-0.1320723040164996,-0.7242696205629094,-0.07310360062218954,-0.4252261141764156,-0.7171148356589028,-0.0880046685330951,-0.3919818165937736,-0.5855970313712541,-0.08756025803095512,-0.3169329455251076,-0.5349529368541082,-0.10048216807208472,-0.23529062363148828,-0.5610998764216938,-0.1080540776790586,-0.4793952656181747,-0.53405694895574,-0.11720146554615085,-0.44597318319402174,-0.4257198386433981,-0.10441025671913,-0.3812833523075547,-0.39323621799873804,-0.1093418137418063,-0.3352022185833684,-0.39005241990303124,-0.14367956148873617,-0.5063018730250546,-0.35850579325795484,-0.15265674422150521,-0.4952155478978097,-0.2914179769447093,-0.14090382914186902,-0.46121094032216314,-0.277956783924257,-0.13580397051193935,Fist
0.0,0.0,0.0,0.14029756620069825,-0.3501142282564747,0.0329421466410011,0.10954478584752568,-0.6811232563178191,0.02826753702238685,-0.03892257379299505,-0.8233973215617014,0.01459846579360797,-0.1949208304892389,-0.8148987717680026,-0.0039246234519706895,0.06243558470502172,-0.8822113381551815,-0.026144672123460076,-0.1725370778481777,-0.9839643508583434,-0.045222925685217304,-0.18355912972687158,-0.823194522461479,-0.05599408732574074,-0.11926488334647088,-0.7286538003174748,-0.0657168770124483,-0.06895090189166188,-0.7789523341845715,-0.06867936661507894,-0.2921869626114772,-0.8131292307909636,-0.05662181267786069,-0.27131964816416954,-0.6624933665138353,-0.043928877672977595,-0.20494413640853626,-0.5852496846186418,-0.048800181005084306,-0.20102005303762957,-0.6229305100147667,-0.10462392895048246,-0.37607132480897576,-0.6413571056035372,-0.09361947222077333,-0.3433806643818998,-0.5109470847916652,-0.07403792189301593,-0.2728574753255247,-0.45075724266181233,-0.07339640758840282,-0.3206861775726266,-0.4513929703099708,-0.138843157888586,-0.4237275289932908,-0.46575516693944824,-0.1266677356388758,-0.3895172616365203,-0.3694231187588109,-0.09444955725856147,-0.3380227279977013,-0.3150876153029102,-0.07414364132142172,Fist
0.0,0.0,0.0,-0.020578912694057414,-0.3516497043382081,0.05955800718547483,-0.11602213698963816,-0.6422821619946386,0.04499987373458198,-0.2863903439700134,-0.8061829794765635,0.00384519990337733,-0.4428132918906447,-0.8709793793138739,-0.03870318545795347,0.02801080329851654,-0.8942842628050783,0.061120287579706375,-0.2930586667947676,-0.9560448888050542,0.00973593376132945,-0.3255608214353691,-0.7702695033351041,-0.045225155149128775,-0.2670922887447356,-0.6701376938274316,-0.08667782059794414,-0.03231549064572899,-0.8732793841431069,-0.012325242894878045,-0.3862424745816312,-0.8754206294478221,-0.034475261828904175,-0.376080596627474,-0.6888543002215692,-0.054584327057810154,-0.2996324949358208,-0.6108107815771382,-0.08067449486109515,-0.12248772960931567,-0.790988572573443,-0.08641157865565395,-0.4435316206047747,-0.7577244356344067,-0.0952065339327501,-0.42119705165090293,-0.5813018041770799,-0.08855094780753278,-0.3397449596731491,-0.5231692878169673,-0.10051730823845302,-0.21931412776497652,-0.6867858813565296,-0.16254115055396184,-0.4554922799092943,-0.6247012886836861,-0.17320649808545563,-0.440851311668208,-0.49087895347405797,-0.1644947673626985,-0.37629601068271196,-0.4479198099655485,-0.16222854649686366,Fist
0.0,0.0,0.0,-0.21833224164360132,-0.2822139800236856,0.01549860643012193,-0.3041198360642212,-0.5340814992282542,-0.0076561380914286735,-0.37100855466447163,-0.7354297988165662,-0.04878647418436498,-0.4023177217235332,-0.9088083539299208,-0.08197345968316791,0.011652330867513862,-0.9044953354610707,0.06615249069427433,-0.3319747256062732,-0.9432881540786642,-0.0004898300788640697,-0.3556820987339573,-0.7463158479805536,-0.07004431609945187,-0.28686159823893387,-0.6609434983173615,-0.11784908628395774,0.013726500004690341,-0.8966455452792157,0.011864075113977569,-0.37284253522102806,-0.9056495350775233,-0.02824194894923914,-0.361494292547969,-0.6877065468693239,-0.052704168369251965,-0.2827058632247158,-0.6087030984274916,-0.07301793394085145,-0.027207469338858058,-0.8415032605147631,-0.051814411834149005,-0.3926125826255113,-0.8179949829684484,-0.07361453366137839,-0.37341742628054464,-0.6137849669123212,-0.056675575598706354,-0.29851618922140655,-0.5508894605142525,-0.054584134560282334,-0.09365813656709658,-0.7552379599778544,-0.12409099729607084,-0.3770007358152012,-0.71709502714341,-0.13932780628040745,-0.36822922966015403,-0.5667557757224222,-0.12784504824261383,-0.3048613592356992,-0.5062430468859024,-0.1176578625802573,Fist
0.0,0.0,0.0,-0.24455640626679803,-0.1684081621712197,-0.09614039308650402,-0.41168260275554563,-0.4096615556133504,-0.16183891092417946,-0.49439224301908097,-0.6262090814911832,-0.2234389547220041,-0.4872448423565126,-0.8333926091313559,-0.2608624592428129,-0.08110664415704696,-0.8213694915286153,-0.03947171832972421,-0.3555313847362008,-0.9008384277603245,-0.13837329017932667,-0.36911771999463666,-0.6526304890715305,-0.19591586462082478,-0.2875660746319687,-0.5697465351089911,-0.22780675528489105,-0.012824400054625526,-0.8576471152499331,-0.03900686495519028,-0.33105200639986065,-0.8733903265069312,-0.12605793840912288,-0.324138964414865,-0.6019199713544363,-0.1366337510369687,-0.22840678644749596,-0.5515596980455453,-0.13086106506663167,0.027818827790731263,-0.8564942947816893,-0.05803423402422952,-0.2808373718091852,-0.8310627130419455,-0.1289408385100849,-0.275067232629905,-0.5705887818191453,-0.0917413774893141,-0.17751818200760966,-0.5150412476058754,-0.057784459849466,0.05632175869456106,-0.8162007723411373,-0.0927882298894559,-0.2040421080343101,-0.7869009788132885,-0.1424260567310032,-0.20090791107398442,-0.6027068085152473,-0.12290183096065709,-0.11316742869225146,-0.5399875106858067,-0.09273565010795357,Fist
0.0,0.0,0.0,-0.25478581969488984,-0.13267414672689498,-0.0985006739648454,-0.48538255096927946,-0.33806798268503835,-0.16415809855291089,-0.5755237925980755,-0.5874973461463768,-0.22964268130769788,-0.5381918315791544,-0.798878289755595,-0.2685945468148054,-0.3222820652161149,-0.6915054190837415,-0.04027074355148988,-0.447458540840658,-0.818279368498318,-0.17081793413703658,-0.42408561549984897,-0.5696396979627347,-0.22437594786675855,-0.3544024940942839,-0.487518802684217,-0.24427489987463158,-0.19068768018518967,-0.725554198676143,-0.040756495002656566,-0.3339492267326078,-0.831080114357117,-0.18308698835172468,-0.3080744306756212,-0.530746549323134,-0.18769087880772367,-0.2281643447122939,-0.48329571020835566,-0.15939971614638795,-0.055384164833992396,-0.7450742828192696,-0.06779751503186772,-0.19548980727839943,-0.8163328195532545,-0.2048008692215224,-0.18182503147820842,-0.5295514218729268,-0.15391765076048752,-0.10124436828183757,-0.48371162250207395,-0.08689966026011528,0.08528661539694672,-0.7305602562469674,-0.10589855120820495,-0.05728251604043076,-0.8028428570613487,-0.17569437067280605,-0.060727165405959634,-0.5959669130674096,-0.137950495456334,0.012305753980197204,-0.5378744103165394,-0.09002897702361315,Fist
0.0,0.0,0.0,-0.24792528236436295,-0.03184305081060763,-0.14244131453674577,-0.517494263413819,-0.22132390861422066,-0.21778347329594067,-0.6628799936072849,-0.4869606980126368,-0.2803591243684445,-0.6255549901602061,-0.716530003050834,-0.3086514361114106,-0.47489638113966054,-0.557405058336377,-0.08317793973457181,-0.5684280711812859,-0.7468953645622747,-0.21397566298302859,-0.4847598748125688,-0.49716532367617067,-0.24416867318680613,-0.42773469117127166,-0.4242272390615388,-0.24496275265387338,-0.32268493490317246,-0.6222693562434113,-0.06142261096148357,-0.4154875583136252,-0.7866723434575921,-0.20356569893286697,-0.32724346905938345,-0.47238090350443906,-0.19114003484019104,-0.2853603709175953,-0.4410276325373769,-0.14727889301330785,-0.17106939846286895,-0.6618843935753851,-0.06952807323012686,-0.24861985126765918,-0.7789625407387039,-0.22240831120620724,-0.18681222783508017,-0.4745341549969576,-0.15908048057418037,-0.14629893119381351,-0.43350493055279965,-0.0769050731271622,-0.01719744694254368,-0.6710233250975123,-0.08955938079922318,-0.09089536049346097,-0.7874900714467148,-0.17610771858388133,-0.07023034257245563,-0.5592693638915863,-0.13298216664483536,-0.04437638297117825,-0.48762878936046095,-0.07770024438139751,Fist
0.0,0.0,0.0,-0.2607570298049695,-0.004492444279039413,-0.1280464238611978,-0.5561502841451218,-0.18119267605415434,-0.18323344344093245,-0.720588633159249,-0.43805018145872515,-0.22751793470166246,-0.7143250399286502,-0.658082558155201,-0.23804849082243437,-0.5440559553570593,-0.5277385291662352,-0.04802690807809424,-0.6320637688237047,-0.7357073765629294,-0.174977619796805,-0.5249455269220243,-0.4932069515410412,-0.2125122961755538,-0.48144023893140936,-0.4073340539551093,-0.2175507921930075,-0.3899828827773169,-0.6152605669200352,-0.03319697676782678,-0.46161036299020186,-0.7954834158441746,-0.17068456950222427,-0.3454261311752014,-0.49561811148073637,-0.1734025202906776,-0.3232921205431508,-0.446574266862024,-0.138206152359315,-0.22964003328593083,-0.6724573571624158,-0.04696828715307674,-0.2837993280489451,-0.8051804979748927,-0.19689326919196146,-0.19066857267057807,-0.5093712127090636,-0.13983003754137752,-0.16823441567396888,-0.45428484145710357,-0.05941574352003411,-0.06492341862478802,-0.6995525826634781,-0.07085649363997622,-0.12491772995521996,-0.8154524840673615,-0.1573930741180434,-0.0775321821089997,-0.5889504310777749,-0.1114459827779404,-0.061030791407093166,-0.5159337631347893,-0.05132644075788806,Fist
0.0,0.0,0.0,-0.2693773850371331,0.09655383046599743,0.06023355462015708,-0.5601593987099747,0.07256503847825108,0.1344010339600098,-0.7296018366643363,-0.11311948655034068,0.17650415473108877,-0.7959582202093253,-0.2746366781213641,0.24113318695948932,-0.698970504048509,-0.16972850328142836,0.2755726146261355,-0.8094184516448207,-0.3904979232876079,0.2573191182529877,-0.6243389727368659,-0.2592900912237048,0.25911924516729623,-0.5548849445623845,-0.14825904115109187,0.27723240196053367,-0.6260725206393832,-0.3816261078826995,0.23291840915071774,-0.7174805665086678,-0.5933330022659262,0.19153227202234704,-0.48201329352646144,-0.4145204286925609,0.1691487573615923,-0.43483725103224774,-0.29926203528252043,0.1807309868813471,-0.5313697363169368,-0.5530903534310788,0.1711077138697599,-0.6594472077725199,-0.7427133636425705,0.11621634836702593,-0.4404444506230369,-0.5317481644378892,0.13096773884803986,-0.3893181531730524,-0.38857306670401875,0.16478200954273464,-0.42453889925784555,-0.6661350321030025,0.114566049165207,-0.5013823499185235,-0.8289917834168802,0.11407734176348827,-0.36977394660165663,-0.6719552845315233,0.1598930653285869,-0.3259002230922844,-0.5558734059958682,0.204550900083567,Fist
0.0,0.0,0.0,-0.33440908859650376,0.1034618419007856,-0.06833788386894686,-0.6075889009432319,0.0601008437019459,-0.13056069370121615,-0.8073460278115172,-0.01879306072120412,-0.19639191571650394,-0.9579675704452701,-0.15590074053045244,-0.24081755143104286,-0.6209466467309764,-0.6095282989920717,-0.017336492543850817,-0.9062259655077248,-0.28236324440575633,-0.1396672119547734,-0.7589898658778302,-0.09594046030573845,-0.22784684579693293,-0.6439321912270747,-0.1252895910544308,-0.2838335549631036,-0.5795913309094334,-0.719629621126616,-0.04067652782711181,-0.8648564043699782,-0.3028477183855649,-0.14108362156447596,-0.6794495438918567,-0.11400424805354809,-0.17203793053261263,-0.5721224244077479,-0.17916232436808477,-0.18436000185826537,-0.520977087705575,-0.7335994794300001,-0.08280324387411273,-0.7671163826907847,-0.3058466481671279,-0.15557069023231282,-0.5927816215516027,-0.12667850938426625,-0.12039907720620303,-0.4943525917213448,-0.18949410334555353,-0.09513142942030432,-0.4459720092455949,-0.6814491211336376,-0.14062555470033217,-0.6181496225025417,-0.3380836533751443,-0.19646286974682847,-0.49539656989453984,-0.21493027830975187,-0.18042943929902502,-0.40105507365245285,-0.2724149260828251,-0.15567302393238652,Fist
0.0,0.0,0.0,-0.13257053838508473,-0.3403851086319304,0.09513791085572904,-0.32700084101845633,-0.5398372210336179,0.0965331807174924,-0.5456045677694632,-0.5635164793595566,0.06249870571053045,-0.7141779455319162,-0.5024546470633401,0.013981881995626045,-0.3829327988907415,-0.8771405377623305,0.11564171734514685,-0.7036864736274232,-0.703688656751779,0.09822230496521031,-0.7103082016736835,-0.54816817951307,0.06031121997899462,-0.6431774396056036,-0.4966247694084445,0.027168441627883042,-0.43950753094837625,-0.8005445281744703,0.02806096670145773,-0.7491734289565046,-0.5910498877983291,0.044719643085146164,-0.7269043130270035,-0.45565454243420317,0.023342662385584818,-0.6733189019623702,-0.40268711149973485,-0.009549339910367806,-0.4898173198544814,-0.6482313724894415,-0.05566913267602165,-0.76149997281956,-0.41242992768761855,-0.04155518011182538,-0.698217123366154,-0.2652561586112146,-0.05371806274387201,-0.6131569847131338,-0.23503064596674705,-0.0828872063445523,-0.5293596275625301,-0.4550668141701123,-0.13694206711442464,-0.7260890720175402,-0.24489368993165758,-0.14268277778391017,-0.6731667070072752,-0.12170637596555405,-0.1405371466396345,-0.5960684228801112,-0.08788728469387129,-0.14306821618581161,Fist
0.0,0.0,0.0,0.20856199868042635,-0.2930580436992087,0.016329084743842395,0.2897484383456005,-0.617406936935481,0.014245648911723436,0.23656032069143643,-0.857792788032277,0.010474675373083293,0.13813264971247893,-0.966318306751606,0.00702901595242301,0.07162906635366373,-0.9310785977249669,-0.028567392855211697,0.05407597062078521,-0.9978844392248778,-0.03608926923991663,0.0775011221053629,-0.8353485442678713,-0.06158055282384681,0.09893088469315393,-0.7148735919820433,-0.0836637788338127,-0.11265156066978435,-0.859102832065321,-0.04800183628876467,-0.08465149206277436,-0.8680934349748604,-0.021624217396716706,-0.0528682965199582,-0.7390421141308051,-0.029263374973759377,-0.04002635239750498,-0.628202646810928,-0.0530290550649099,-0.2505684087431632,-0.723251042662503,-0.05898962927221565,-0.20214442277808847,-0.7266257572336634,-0.0344995302963939,-0.16113764782596704,-0.6246853905995525,-0.029069105588470718,-0.14281372105846135,-0.5222676210587995,-0.04219175133993038,-0.3555806496086723,-0.5841590265805177,-0.06847579847388245,-0.29552481944974895,-0.5944233831395473,-0.04668285308036002,-0.25289079922437757,-0.5038837278286302,-0.017812427789575182,-0.2299885591755509,-0.4289115796980266,-0.0006982897150751044,Fist
0.0,0.0,0.0,0.24283036657790671,-0.22536482772529667,0.014146111116287864,0.35264943167147095,-0.4898248173136438,0.0018404492473240949,0.36111452763573015,-0.7358983291577348,-0.01158351988177339,0.32026372458974645,-0.8709873454363867,-0.024380134767454566,0.21172182663841466,-0.7496655851311554,-0.06011067105926209,0.13601103699144934,-0.9877037158269332,-0.07708675345466057,0.13846692555113174,-0.8639343351665342,-0.08839162028237262,0.166105755966149,-0.742709938764934,-0.09431848371091234,0.02719466555940544,-0.71807509386869,-0.07452553221947264,-0.00995105458872251,-0.8955493219507862,-0.06209104126817532,0.0045169123990835836,-0.7911832536440719,-0.04545470383947965,0.02919139831323443,-0.6813123384081772,-0.048887109852464104,-0.12914363632201087,-0.6505805813211492,-0.0812364841639993,-0.12664926583851244,-0.7757895568423776,-0.06299832699734295,-0.10465676910469815,-0.7038843049144746,-0.035182490840756905,-0.08739553990383438,-0.6076499771114926,-0.0314324882173222,-0.2530749037904312,-0.573117782319402,-0.08572415841464132,-0.21702785029454552,-0.6879256656529025,-0.060468662098778284,-0.1966410852412485,-0.6147767830384622,-0.019675766669139397,-0.18521164477612287,-0.5285985237488332,0.004939193122803327,Fist
0.0,0.0,0.0,0.24641307881408608,-0.23275572446425125,0.011983747452656356,0.3818512324996853,-0.568862810214054,-0.022045517998412523,0.3824730632605337,-0.8562056025578535,-0.046477218110248464,0.2505495132922634,-0.965082966538145,-0.07641864358220217,0.24402931294576685,-0.5385811965770028,-0.19405521015369523,0.1712424373296525,-0.9171485936639407,-0.21494486267753155,0.168157831615577,-0.8398495027059363,-0.1914863378670568,0.1805416115391408,-0.7254121588729918,-0.17469782178114962,0.04860830736285715,-0.49679075547518164,-0.22449545159856288,0.00826847956274863,-0.8786527176036816,-0.23158383456183465,0.023073253915215735,-0.7800023968701444,-0.1878101800795075,0.033846776665915713,-0.6474791256791891,-0.17398033881797065,-0.12372091130961153,-0.4635178513807156,-0.23673285743812694,-0.12986524950732853,-0.7989894504784513,-0.23193214107297658,-0.10729384959439757,-0.7019654813609999,-0.16913234502585578,-0.09591914248981062,-0.577881063232759,-0.14493257153080297,-0.2734549948296502,-0.4301235073964839,-0.2441972244777784,-0.24387828529169414,-0.7145897025120918,-0.23393104247137064,-0.2233163335145716,-0.6379060207946603,-0.17490087187796002,-0.2238757373441349,-0.5393052839518575,-0.14294747843312774,Fist
0.0,0.0,0.0,0.21518364677457497,-0.18019131483463427,0.004058840689059589,0.33513010461075876,-0.5291956308323915,-0.028326892006013342,0.33647432296263163,-0.8245876136564639,-0.05649218483129555,0.23203406659930886,-0.9687344450337815,-0.08782805327729194,0.27303168958303436,-0.4750775125472428,-0.16135648054621143,0.20038347096096676,-0.8783333911597034,-0.2237454072858352,0.1839849253309843,-0.7671696733263914,-0.24360082382972195,0.20054387074887753,-0.6325983982628287,-0.2513624777404386,0.08304650884334279,-0.4465746331531002,-0.19494592528295313,0.03584142887816098,-0.8471842855323178,-0.23295939759567758,0.032100544443211004,-0.7312182010110949,-0.20731133450984618,0.044473840363276965,-0.5992451655406247,-0.20016537955417912,-0.09521526911511254,-0.42958780686053083,-0.21919647004121964,-0.11466274367762647,-0.7929919656832325,-0.2459186414944343,-0.10979506184062171,-0.6782028868079256,-0.18385467983758966,-0.09437076349122762,-0.547422111995518,-0.15157605534360374,-0.2565159913840423,-0.4189158150621004,-0.24103848164992125,-0.23806986766738697,-0.7077213353116751,-0.2528163322354333,-0.23220350090897643,-0.619285660186975,-0.19657947049141306,-0.23161166568045238,-0.5115722410232565,-0.16163499559807318,Fist
0.0,0.0,0.0,0.2721742360020572,-0.19045281341901762,-0.04504920349218898,0.4415857619312477,-0.6066279174936203,-0.11470880777545803,0.4078860493603938,-0.8973037638491773,-0.16874515139484772,0.27628537668360625,-0.9273997097968666,-0.222652426336807,0.31435327779205496,-0.3342880776716624,-0.29361674699988527,0.29242059561063033,-0.8727220853282797,-0.3834424342184376,0.2552318277155885,-0.7291213403121133,-0.3986596672963422,0.25876549709295216,-0.5298567343406008,-0.39845923644652037,0.09297110723001371,-0.302697782535565,-0.31473793722484955,0.09639885516324823,-0.8455050015039756,-0.3888738628031156,0.07068328536701794,-0.7209299342374712,-0.35510541947650004,0.0691689189461419,-0.5431475857846918,-0.33707569137252547,-0.10359892811260608,-0.3103855816324716,-0.3252108276827132,-0.07357359646100292,-0.8019181056518425,-0.37105645770552126,-0.0706000402711089,-0.6864625497218234,-0.3036250493104606,-0.05919457575965188,-0.5108654773670644,-0.2626193977443645,-0.26893484210126994,-0.3454445455386568,-0.33671671074597886,-0.20727511831067877,-0.721311443483585,-0.3552447645283478,-0.18792510230357526,-0.6446541591219512,-0.29950447246120754,-0.19737892358157277,-0.49632026193120116,-0.2665321203789875,Fist
0.0,0.0,0.0,0.27755536563503597,-0.1777363160085889,-0.04190392181649155,0.45355199967685594,-0.521755178445175,-0.1284997087094809,0.4248833598886572,-0.8004151538537096,-0.20017127170253987,0.2763622615972712,-0.8556533027905935,-0.27956156998064047,0.3254695016420405,-0.28871498115666544,-0.3534101429430598,0.33151935766721374,-0.833952583183813,-0.4411553065451705,0.29229648191623187,-0.758320847148687,-0.44794992241928105,0.29146990317415805,-0.5876516699525155,-0.44485944445084685,0.08894702222496363,-0.252266579329873,-0.3814637366513774,0.09593960115438026,-0.8496662609134278,-0.457935073873896,0.09120628881671489,-0.7695194935288344,-0.4200525980547871,0.10124546335681131,-0.582780910628966,-0.40345857383968214,-0.11188921495212094,-0.2571414241264636,-0.3931621239303074,-0.07852366730924845,-0.8151022105719862,-0.44778624815557033,-0.059732971785772526,-0.7130311898413614,-0.3803886736025513,-0.04307372591176071,-0.5216968145445874,-0.34108532862363405,-0.27656055294951803,-0.28571595212496464,-0.4039322698478273,-0.22234866024959382,-0.6891901200902771,-0.4388687183524566,-0.18510140253350676,-0.6297393377638464,-0.3894270531573195,-0.18152384133723004,-0.4786581069731793,-0.36012786437814603,Fist
0.0,0.0,0.0,0.14777046185862558,-0.2094057159983718,0.009558669748854044,0.2347084292999784,-0.5064970737580636,-0.020729720617524143,0.2332379677289448,-0.7905437377779821,-0.05517991842010057,0.1956386143835825,-0.9765330740721397,-0.09004825264983621,0.3874895382807874,-0.5668626321326047,-0.055415245384112986,0.22426010937337323,-0.9472279434396755,-0.10230502975510475,0.12812545947062526,-0.8778049336142061,-0.11574555498137884,0.13664806656581494,-0.7585367667903613,-0.12594361949639157,0.32180725218666617,-0.5356361894309086,-0.09200525452100171,0.10523512259778241,-0.9253871124724331,-0.11939331261159647,0.0345924187705398,-0.8175254936030873,-0.11086080380149349,0.048812191888568855,-0.7096203982383751,-0.11501521814691115,0.20966004970250515,-0.5085661907364994,-0.12684073004257915,-0.004274961085406292,-0.8603593259403209,-0.1513077727493472,-0.07008987704671885,-0.7420618306788204,-0.13427932698039194,-0.04910795345739697,-0.6340507376456492,-0.13494778758105272,0.0768312377104542,-0.4721019305336893,-0.16115143364255388,-0.09851546224412525,-0.7191334803257357,-0.19523292771732756,-0.14783101027625636,-0.6232899636040019,-0.19377388536540854,-0.12523431046635985,-0.5211459970642127,-0.1917341320932674,Fist
0.0,0.0,0.0,-0.17229813738743704,-0.2629643435444107,-0.043292151436137044,-0.1886783574734937,-0.49699919493476724,-0.06097705990106294,-0.18048405802657713,-0.6723149250312098,-0.07800252455525142,-0.18286678148801785,-0.8110285315900162,-0.08630725952523775,0.17220422491694218,-0.7273805370175814,-0.006578746857719268,-0.06898132795591902,-0.9449983364793638,-0.08219612330234005,-0.17436892481769867,-0.7982564356027126,-0.14261804089851934,-0.18370029830328374,-0.65515207193128,-0.17311250451285898,0.19135957596197206,-0.7449999478620826,-0.010343031941023538,-0.07722624936648526,-0.9928147087126092,-0.09140602044002488,-0.17804355570317767,-0.8047092522208333,-0.12386251608707408,-0.17384542389016308,-0.6448945783486492,-0.1273928634662456,0.17656277598717757,-0.7387746682426423,-0.024591274343640286,-0.08897647992204716,-0.9403865883116325,-0.10126346413599886,-0.16769834647663676,-0.7428069694850804,-0.10194020560263424,-0.1508106848446161,-0.5825640163445706,-0.08279434617578867,0.13939805041904882,-0.7075519138560111,-0.04510847349233498,-0.0760776544671241,-0.8487415453920194,-0.09857649612708015,-0.1363973898840916,-0.7150286906078176,-0.09876052442079618,-0.12304314131481697,-0.5876376462909813,-0.0812545438685505,Fist
0.0,0.0,0.0,-0.2883518984901827,-0.10833710195484622,-0.056942550183751967,-0.5295566826173194,-0.23917376981088534,-0.11347393280338855,-0.6387176866061166,-0.4679698941811529,-0.18370404092338563,-0.5723073505671812,-0.6698550788610902,-0.2402908546547997,-0.3736123912047519,-0.6368268113865,0.04012238123776584,-0.4518400846754872,-0.8857864787196218,-0.07338746726617852,-0.48573659071857583,-0.7251329343888222,-0.15186910018800473,-0.4762574841916748,-0.5618366875226763,-0.18788544678914046,-0.25307115682326026,-0.6976459539443598,0.023509136059921797,-0.34368946352172725,-0.9346333087714219,-0.09131336593911658,-0.36823407992850055,-0.6836134407601105,-0.13682883595421735,-0.3414084713574248,-0.5144961856622076,-0.1382544699816974,-0.12534874062502735,-0.7257533116775016,-0.015082200299119632,-0.2295886120757202,-0.9345975499081312,-0.11842235096945954,-0.24864418726820167,-0.6714715799988219,-0.10162384515034069,-0.21233635301704065,-0.4993309742787676,-0.060487401634881845,0.02202077588741227,-0.7085407104235931,-0.06107157446695853,-0.10403333895056505,-0.872582880494084,-0.12477145689993215,-0.13200323114694434,-0.67937061264125,-0.09960161737721102,-0.09186039805576199,-0.5393917068022076,-0.059478167595102154,Fist
0.0,0.0,0.0,-0.2588833470738867,0.1386487965616943,-0.15581702078587745,-0.5654748473238522,0.12528566622679696,-0.24620036817916868,-0.7718074333964337,-0.03979404514282375,-0.3200929971329571,-0.768381566531864,-0.2872410247505366,-0.36514681706007746,-0.6666055276651781,-0.28318636872304603,-0.1211231342515925,-0.8082017356329856,-0.5222510651004146,-0.27214661401772405,-0.6508963207420254,-0.4344564235816771,-0.34246272492381846,-0.5317193067638935,-0.2816708163090122,-0.3654713709586538,-0.5241307806553516,-0.46314258584507306,-0.1043321717080406,-0.6534204272683112,-0.6919431669127615,-0.27087700173886997,-0.4551582092017667,-0.4862592653324529,-0.3146611489150106,-0.36582443113997637,-0.3186904003251951,-0.30740573351083006,-0.3798452563138742,-0.5922870993563775,-0.11165000946396426,-0.4672526343396953,-0.7807532563660796,-0.27785052632914825,-0.31025780428627714,-0.5411604569150633,-0.24093815939181307,-0.238693639414137,-0.36435471659721524,-0.1745057800499474,-0.20926862871906496,-0.6827325365047205,-0.13192719005352407,-0.28935984709045026,-0.84302315788035,-0.2516608197125664,-0.1918809574752705,-0.6591019044211045,-0.22036038698348145,-0.14642841458741548,-0.5172746929331625,-0.16707502571732977,Fist
0.0,0.0,0.0,-0.15108561202281773,0.2029308843970837,-0.3472746691219627,-0.3373817067795783,0.23115348901885488,-0.5523398784870029,-0.44753401880537047,0.09948823850002327,-0.7011285426007878,-0.48747248711907565,-0.12015208567020268,-0.8244542297990326,-0.5667684040711048,-0.13611545561881183,-0.5014333423205286,-0.6001754172667967,-0.3002114423073051,-0.7413923107346029,-0.39048664620720935,-0.20354955276661774,-0.8441175278624242,-0.27847541642312423,-0.11239257114176651,-0.8907999668456652,-0.4829375994262298,-0.3520303929584384,-0.41623577680818996,-0.4964320133201703,-0.5326155368027089,-0.6808592515878135,-0.2647533843496342,-0.367608322264616,-0.7758906506191161,-0.19536263386501787,-0.24965917064397808,-0.8116840408569433,-0.3769186609395946,-0.5330521106286032,-0.35467808525670547,-0.3828222782353432,-0.6602341460176242,-0.5914076802949524,-0.1991915815735166,-0.4765408813254001,-0.6223564710894661,-0.14988624760564612,-0.33331607931471385,-0.6109717325170237,-0.27839537249458124,-0.6595092198723289,-0.31684950801632744,-0.2627984570274554,-0.755998346135979,-0.4908591294315202,-0.144731720660036,-0.620869685444859,-0.5288223897511246,-0.10843341720449227,-0.5054981748627269,-0.5339379195536508,Fist
0.0,0.0,0.0,-0.041059331860249265,0.34207104548356204,-0.252216096134827,-0.02307611397918972,0.5694877485164077,-0.46139469095997243,0.04663689647639562,0.6256698408328659,-0.6320729580415663,0.07613947723606362,0.6091664728989237,-0.7893788623355099,-0.2395602941520416,0.10223792068869123,-0.5550399970631271,0.023957235486880703,0.2913298870918933,-0.7460762371568921,0.18165851592078794,0.421730529055591,-0.7975375926354104,0.2412195041870561,0.4338772215019552,-0.8247864561715055,-0.14428287155260616,-0.1457808125748716,-0.5167178448727904,0.19504332709109962,0.05320757497019759,-0.6957700829745591,0.31517909301574654,0.2843007290650515,-0.6984950727057408,0.315695808581168,0.2989582904460228,-0.7094297923391455,-0.014223720169323679,-0.3333156112216923,-0.482759216934195,0.3122371396047525,-0.16393977232879872,-0.6641212115185073,0.38918847537508283,0.08736877987646367,-0.6357942491255488,0.3519348165421856,0.13638637569437673,-0.6116719541149357,0.12634772424265453,-0.460453700078378,-0.4655611517145644,0.3988361873076516,-0.3175904610370389,-0.5860964719560544,0.4569293863435679,-0.10736312227815735,-0.5761210961933623,0.42448002788619965,-0.043403246015632155,-0.568695614398811,Fist
0.0,0.0,0.0,-0.24911325805153986,0.13574243626812096,-0.21945201195138847,-0.5448209159896782,0.17231915815175589,-0.3634641813785128,-0.7233093441666724,0.20500398213819154,-0.46610876439622856,-0.8361679846685625,0.11797835380382388,-0.5356343990531737,-0.5248513447355071,-0.4661480515686199,-0.3520380798339649,-0.5352115433456378,0.1595265233558756,-0.5248966379582307,-0.4173252681989071,0.26656851209915877,-0.6085810907434962,-0.3485356129493354,0.14289517833442858,-0.660358239321059,-0.27717555349361406,-0.5639297867455707,-0.3177352058952392,-0.2682604199319347,0.17403036151202259,-0.4552733759303285,-0.2131715889690509,0.16319107394989382,-0.4606886707194455,-0.19027069716550962,-0.044876298125311756,-0.4632700723764966,-0.035240631575934274,-0.5374683202474432,-0.2998264319689682,-0.041488983270836624,0.14460878113852835,-0.4252444863250079,-0.022078482429765043,0.13304346186325067,-0.34734181838015044,-0.012845422560207266,-0.0633740105415624,-0.28319418715608374,0.17110793890019996,-0.4397468710967976,-0.307847597743392,0.1628590509094962,0.08276251648083106,-0.42843619651867665,0.15691702821061262,0.06393068151082888,-0.4141881490728149,0.1556925120411486,-0.13567335228109453,-0.3773213194332409,Fist
0.0,0.0,0.0,-0.2714788801842284,-0.06633544480675138,-0.02217002736785214,-0.5706528172199267,-0.019365897872474197,-0.06946063852551825,-0.8077807101840472,0.09172207911473436,-0.11419963524945659,-0.9754801773269154,0.15863994789709343,-0.15255094419064463,-0.647425738667505,-0.236113988139263,-0.12246912734272193,-0.8563534264688387,0.1924088118251122,-0.17317843493645696,-0.7649950992407804,0.2855202743086071,-0.17269350759176863,-0.684484681656494,0.20552823511045787,-0.1742602942365274,-0.5192335300641604,-0.17295812120038123,-0.15486777647629352,-0.7124717022045642,0.35291773330319864,-0.1929514395004512,-0.6037773163674977,0.3523963480818751,-0.178513650534904,-0.5357045221900384,0.24633181546972266,-0.1818475166332763,-0.38397029749469397,-0.05107455350164426,-0.1853014870046258,-0.5563353204545558,0.4413177857331072,-0.220870862634987,-0.4577205978711333,0.39585233292995214,-0.1969259870061679,-0.3967289005576704,0.26591052210251503,-0.19507629475580773,-0.24965151185727902,0.09083085316548233,-0.21562019548343786,-0.41129957284573704,0.4671071104434302,-0.2608426208326513,-0.3489381117631049,0.44519885824996636,-0.2538697888280856,-0.28516088233295145,0.3419444386321534,-0.24681505815013005,Fist
0.0,0.0,0.0,-0.2636601922713985,-0.22274681285130343,0.014401276971176881,-0.5775633156049697,-0.21878127430031058,-0.030047839868925653,-0.8151749883806123,-0.034225522123566235,-0.08226127506145268,-0.9575164801117092,0.12841457639718443,-0.13367819341911938,-0.6839787435486867,-0.32027937365590864,-0.11337675844370688,-0.9817343613987507,0.025464478030717674,-0.18854496547935304,-0.8834904485582376,0.10115905475837443,-0.20664461562987985,-0.78781351530517,0.03339665263762466,-0.21397951539510165,-0.5948328088118587,-0.15649618154790504,-0.16469078043853652,-0.8891154145502232,0.2406567423914939,-0.22990559926073828,-0.779389067529336,0.25517875866311285,-0.21722846765594658,-0.6885723926084802,0.1562216364706712,-0.21400167655216618,-0.49592667838652943,0.04024584315758333,-0.21055876140234683,-0.7362907246578604,0.39239321394266846,-0.26819055992365937,-0.6272742100506823,0.3527849367209,-0.22843350746746435,-0.5439864188898866,0.22379400139312655,-0.20543885873279397,-0.39743118364867414,0.23808706125347295,-0.2524950365149495,-0.5928096851246409,0.47190896511244046,-0.29559878248757604,-0.5100157711784266,0.44330292145625344,-0.26311603486142915,-0.4311114146732694,0.3526476641822831,-0.235243926515492,Fist
0.0,0.0,0.0,0.08786489165851373,-0.3272615134855423,0.012198749572381241,0.08388048031524405,-0.6630081849600045,0.0036227397939658313,-0.01746862660021762,-0.8862483130868409,-0.0009534424398049739,-0.14395307002433655,-0.9313262831589294,-0.004386998567250752,-0.12930618315198797,-0.7241906483280294,-0.0829169010998896,-0.3098448872895805,-0.9454483806754448,-0.10061563148281971,-0.251726460011586,-0.8568686429688561,-0.10073885329965288,-0.1763604876066823,-0.763160804046255,-0.09737936399249733,-0.2616143528318728,-0.5667549581511698,-0.09835437157229379,-0.3950373409944075,-0.7830455353190579,-0.08947179331587891,-0.3311240588507401,-0.7153963591015395,-0.06311248333488677,-0.2684353383741642,-0.6275759708564841,-0.058681497584324734,-0.36369896239771343,-0.4084027209716911,-0.1051428468925227,-0.4584299810537468,-0.6091574595711641,-0.0908803403089945,-0.4037105617950379,-0.564906551143451,-0.05099926531594906,-0.3491305546630761,-0.48240089133213593,-0.03868885998951964,-0.44111815321850917,-0.2601642433990827,-0.1089458151074458,-0.5122516755420518,-0.46521092947497017,-0.09036940842285371,-0.46253179208269835,-0.42386741788274995,-0.043674580689144045,-0.418392859985622,-0.34670487936394073,-0.015834393206413434,Fist
0.0,0.0,0.0,0.3072888401883359,-0.2538771099990493,-0.05546742810096164,0.44207457989266274,-0.6375298578381051,-0.06407317218295022,0.4443186260660251,-0.8943578542424933,-0.05200949034131,0.3436355256702823,-0.9160377192863689,-0.030106782619728933,0.08620168254926314,-0.8862177540305565,-0.09784227840553551,0.26272999796595015,-0.9311942953673724,-0.08186494415225636,0.33477691893127814,-0.7463962923628862,-0.07042136664094735,0.3371900120080161,-0.6325300497635707,-0.06752700314938513,-0.07562138228081834,-0.8057546305361409,-0.0639833588670668,0.15178284539907896,-0.8187286944316143,-0.018081752529042358,0.23475124857653876,-0.6827465876032626,-0.004233882595127567,0.22059179759947886,-0.5894386444629098,-0.019645690155778894,-0.16092750511869375,-0.6623227936641711,-0.023572338477022736,0.054220250189261035,-0.6794077396984309,0.013429922912784246,0.13575610095482668,-0.5790638768638601,0.014406552473644241,0.13099144878918295,-0.48457901042463386,-0.0050355981498571446,-0.1845868659384298,-0.5155333513148707,0.015160115073705302,0.003621355246738001,-0.556488680859481,0.050776413279539606,0.07786508532785452,-0.4919075024996604,0.06876965759004745,0.08135250693193159,-0.4149552475749458,0.06863011240226011,Fist
0.0,0.0,0.0,-0.05531119878656723,-0.32661683420694104,-0.07572181468509549,-0.03184085202827653,-0.6828534617842396,-0.11546679471834645,0.06131548784713275,-0.9313165321699071,-0.15150937772611028,0.15357027095709572,-0.9747391299952575,-0.16217213180522977,0.25906870570887097,-0.7229012699704789,-0.02594299055374492,0.39844019820993976,-0.851277448245207,-0.12508684606251141,0.27296902246461735,-0.726697460868795,-0.16360997536649657,0.17305865971247045,-0.6600738477285005,-0.17147679565893595,0.3441334995544243,-0.5541746250772998,-0.027600934961265203,0.4739835947700334,-0.6758473881250483,-0.12884108507067754,0.29216487431773197,-0.518756799677464,-0.13688779395718076,0.21350182473328322,-0.48444715837403796,-0.11509840034351453,0.4069104375799366,-0.38024316855644064,-0.04780337566817125,0.5033362784963018,-0.46968552410606756,-0.14196835454720777,0.3350934921081268,-0.34432457429058405,-0.08896106901587698,0.269817276784318,-0.3153234285801961,-0.027744316230547395,0.44130808682062483,-0.1797094923570184,-0.07588409089129383,0.5293589788684889,-0.2696015153897397,-0.12116300199642893,0.4007365511760355,-0.19810450901103452,-0.06971968570714158,0.3500829842333006,-0.17740128979488176,-0.016399246056480802,Fist
0.0,0.0,0.0,0.11684919027210945,-0.3466578829830024,-0.09410530225376784,0.2889423898924367,-0.6688922085922137,-0.154885169666592,0.49188654345465793,-0.8421345904463077,-0.22103610551685562,0.5919214554623107,-0.6985590816528782,-0.2521921821806096,0.6234679092209583,-0.44588655379652037,0.004600789973997453,0.797367594734347,-0.5338451598196322,-0.1365973939078572,0.5853289086018851,-0.5317190902494138,-0.18869653190593413,0.48699001590241237,-0.4893474607573826,-0.19800371952188411,0.6278233703412844,-0.22979880018090354,0.0009106364483119607,0.7735865022248665,-0.32436149434942857,-0.14265546076909066,0.5089409903638569,-0.3228512347710492,-0.1386779767321089,0.46799910624779145,-0.27716698169507287,-0.09353528814945765,0.6095469211858969,-0.011868288062264172,-0.03487928982003795,0.7355807759681503,-0.09481605285325316,-0.16914781065144305,0.49563910983063103,-0.10899864334803386,-0.09711630672022424,0.4386180173868202,-0.05495272929853038,-0.005402170104389492,0.5588507277077989,0.208959636173266,-0.08256235992388891,0.67974266523557,0.12855809868454465,-0.13695853136332903,0.5183809371062269,0.07457346336247542,-0.07566967954292605,0.45756221231649125,0.10201589113802703,-0.005801673852520356,Fist
0.0,0.0,0.0,0.10122219213447205,-0.3370519041500538,-0.09334691796884134,0.28061643903774297,-0.6689077989131968,-0.14588562973915148,0.47899136915532176,-0.8546102680350125,-0.20052071724346704,0.5649167109896058,-0.7226506806496542,-0.22316742375949053,0.599437253536415,-0.4820230286085566,-0.0036592315610532258,0.7881199659464994,-0.5487192659683284,-0.12819616033737166,0.5962094008221255,-0.5354814977693334,-0.17283372128488875,0.48440630316043015,-0.5035106557820511,-0.1797262273307089,0.6165236569888158,-0.26063692916612097,-0.00346086733065649,0.7608136525672158,-0.3238698818983377,-0.13574283560311176,0.5163476485057056,-0.30580819497994927,-0.14151545867558343,0.4532324117301216,-0.2815281288260093,-0.10608055405298675,0.6031362406886301,-0.036686516148852405,-0.03104144773674524,0.7216607841683605,-0.09204494791082186,-0.15313544430506132,0.4989356995456512,-0.09393246238786489,-0.09770842946778352,0.4365784452862246,-0.06972627314463932,-0.02158053300459797,0.556022796896058,0.18570138667623745,-0.0691103399116675,0.6596104032303628,0.12908190581562706,-0.12108074661189035,0.5050609884614747,0.08861224237085187,-0.07068972103297567,0.44955750899202207,0.09406452074840926,-0.010956596037336933,Fist
0.0,0.0,0.0,-0.20042879698637678,0.34171380809401164,-0.08156420018892076,-0.43763030510862355,0.6319667882312281,-0.1406828915174404,-0.6838784782282545,0.6982360941753925,-0.21160478209837183,-0.8044752699009412,0.4919620770384534,-0.25929953058813904,-0.6780925698363249,0.2791424512886607,0.03230335317385161,-0.8784428250798249,0.2960150248137587,-0.10769604732862072,-0.6896917256339289,0.34061237020127816,-0.18608001890027245,-0.5609612298423426,0.32420409653672666,-0.2164438888940617,-0.6528566908141831,0.06728223957206311,0.01656243453668409,-0.84479544975675,0.09695734887264837,-0.13621600365623618,-0.6032273450917292,0.1545750153993845,-0.1723071074213545,-0.47967284283035166,0.13832683714582983,-0.15409758661817102,-0.6175597072041368,-0.14582328738926367,-0.02811913977467001,-0.8019736343000179,-0.11156229021955344,-0.17231999498609646,-0.5675312813869766,-0.037387143885455464,-0.12915920761583102,-0.44395222035054027,-0.038281222309531716,-0.05420572115326504,-0.5498188440921775,-0.36110168672690535,-0.08253000732305243,-0.7343531323545027,-0.3199273943781303,-0.15843067549261597,-0.5640906201698881,-0.23333871399801479,-0.10879631954836348,-0.4491526568125293,-0.22229143557956343,-0.04403316809116224,Fist
0.0,0.0,0.0,0.04306549580109742,0.35932063537209175,-0.06354122424019751,0.026271193178704855,0.7041140618191774,-0.11696355614409751,-0.08216948591765158,0.9134910528996554,-0.18460771904049578,-0.2210516584801567,0.8673173767036862,-0.23289596811635863,-0.31265741548867504,0.7061074752740554,0.024175860225126963,-0.3981684590935764,0.9112748126629047,-0.10507185155518596,-0.2654301653136431,0.7876321139896209,-0.17847018375236526,-0.19889326530664161,0.6526505706660433,-0.2086051189476433,-0.40326129601960675,0.576689216139941,0.004091891117739586,-0.4659967415864309,0.7658248418057234,-0.12907857547599258,-0.2957078093516439,0.6069149516662556,-0.158078618632488,-0.2494689310007518,0.48026894467252307,-0.14527085278081261,-0.4842783496747606,0.425679126246448,-0.041722250880742655,-0.5450831573242134,0.6119775086271356,-0.16141905532799658,-0.3690120178069775,0.4804242481871616,-0.12525633653011975,-0.31826332374057986,0.36286412983041366,-0.06820867777079088,-0.5452223185577788,0.2368319515378815,-0.09756226853432007,-0.602456516936911,0.4169099639348336,-0.158046465951723,-0.4601132494031307,0.3505274178965252,-0.12017478865033011,-0.4062005627412881,0.25222810050810707,-0.07162000730282624,Fist
0.0,0.0,0.0,0.2849888673545575,-0.2732834670665781,-0.07218760447692153,0.5994206674423433,-0.39991750772180173,-0.11339958538475028,0.8379014847784281,-0.3585700797090842,-0.1673305710975125,0.908292129459462,-0.15024628404098833,-0.18836970834779576,0.7475043760507887,0.1214390231114306,0.08411158257632474,0.9826867434626746,0.16460342770350433,-0.08504396398910935,0.8419359757384561,0.011159180361390405,-0.18259379653595306,0.7179345437386558,-0.06917893565841375,-0.2154859238018547,0.6595978329716582,0.29587440949353677,0.0678711878261128,0.8724853178437243,0.3062494185440279,-0.11396990713353523,0.6490415723487077,0.10546094569728323,-0.16297045241367894,0.55955987797472,0.10715747919804922,-0.1379122170870715,0.5571888162774827,0.45520322861301,0.016486029535004106,0.7305592322804754,0.4296493394963659,-0.13636243690367647,0.5274745931401393,0.23519598475800332,-0.09442512688099455,0.452159869146683,0.2729505464321903,-0.012325820645629313,0.42243930689994014,0.6064273789743264,-0.04548032394305291,0.5656588055625137,0.5492511947910939,-0.10518096673297835,0.4396197020635232,0.385924980240671,-0.051171307096500064,0.3757787660831354,0.42302590930122214,0.02057482846699394,Fist
0.0,0.0,0.0,0.30480875639681376,-0.16588102411054248,-0.12295090070831834,0.6458063206587386,-0.12033617638253882,-0.19589769775170598,0.8643498523982436,-0.013449417237801405,-0.27486570804577953,0.7643205680441605,0.09847563167540638,-0.32791724447981296,0.7015025388301874,0.48760476772708417,-0.03134397916964571,0.8577247711769068,0.4773825464437047,-0.19082484445283077,0.7376422365798326,0.22764958845017705,-0.27847767612620966,0.6073333999161453,0.1155451257913563,-0.32087683802696504,0.5551911217911287,0.6592882434457451,-0.04504938640222931,0.6328162026097063,0.49522119784084717,-0.21673016651731028,0.5108083826263758,0.2256312893495285,-0.25302604217355323,0.41885496829148816,0.2149987382761824,-0.24188749156882983,0.3758130478522829,0.7260350818969842,-0.09268040703390937,0.4244298810551704,0.49778547759481206,-0.23807238139545028,0.3293016173645808,0.24991026098919222,-0.19643634354895168,0.2713523846982226,0.26901381447207195,-0.13348319995390748,0.1927035901546769,0.7429065876677753,-0.1590993756598322,0.23309616761699725,0.5111762159840483,-0.21994351946998736,0.19543166410463667,0.31185936480774556,-0.18719704574778773,0.16164010531424147,0.31105080686084974,-0.14547895249704557,Fist
0.0,0.0,0.0,0.2679043469824753,-0.0015109759162579034,-0.2095631677954933,0.5814105445380752,0.06399119914207896,-0.37500941150558775,0.751200514547598,0.22078500451012212,-0.523677127189684,0.6326930876355902,0.3968408608854273,-0.6364840207752226,0.564658171960574,0.7557303673381159,-0.23051124769971737,0.605828495194074,0.67648869308661,-0.41873008315244586,0.508829376295177,0.4226700709542465,-0.4732859559198868,0.451330585443723,0.38026463948800737,-0.49678544583020023,0.3761677701052203,0.8724295723691402,-0.21851570742065057,0.3783556761175011,0.7158446445226149,-0.42853707680292863,0.2931468257307745,0.38879589152879956,-0.4342026507825613,0.27841660427290915,0.4010425717020782,-0.40762655531740016,0.18479305740594293,0.904850907232022,-0.23828282032142478,0.1761002968434304,0.7027076907209955,-0.44675126257124104,0.12697849762693683,0.38604966095321885,-0.3886596636960473,0.13205305730847905,0.39311108294774716,-0.3172981922879635,-0.00025756436056765695,0.8808366546670322,-0.2785465250591887,-0.017780140767850415,0.6450801909025495,-0.3968700950921529,-0.037216292983023126,0.39757548305539203,-0.36902975250411446,-0.027624912476904177,0.4032812877388712,-0.3292565951247626,Fist
0.0,0.0,0.0,-0.09588606353587903,-0.27538475785000865,-0.15448449498492892,-0.10552871424447084,-0.6223297098034061,-0.2355577814116261,-0.011925216185252852,-0.8846219271696817,-0.302655419734402,0.13871020778342327,-0.864240802096723,-0.33384902006397316,0.21410916164244276,-0.7724615770204596,-0.08077837241873188,0.32829198637456153,-0.9175296920901032,-0.22441843911605244,0.19255597153810888,-0.7139483993767018,-0.28002816139237335,0.12066178306102986,-0.6197349053711348,-0.29731972486098995,0.3245616140600525,-0.6103655936317949,-0.05872446269658852,0.4138235099690287,-0.7244622409316976,-0.21040226748711022,0.22825420977042998,-0.49752874739259967,-0.22375109978413685,0.18264641107336943,-0.4639794249342263,-0.19637132165633744,0.3990956764026793,-0.43127694024231644,-0.06713595562532948,0.4602297000388579,-0.48985817662681447,-0.21179162693310108,0.2844821593341198,-0.3257829047836808,-0.1571499071136409,0.248589875760833,-0.30559517563622285,-0.0830382976487416,0.4474399819864913,-0.2297907267608078,-0.09065107855582807,0.48189822632978985,-0.28163057602695624,-0.16088894912460874,0.35371945926046605,-0.1899631153522329,-0.1157494682724969,0.32195161330589844,-0.1786483497041547,-0.06195589316812372,Fist
0.0,0.0,0.0,-0.25355213217306094,-0.025962521009479496,-0.12575716088088618,-0.5134914213470625,-0.2455671737681842,-0.19026407144708363,-0.6447859751286243,-0.5070163626900921,-0.2449484974932939,-0.5891767714961358,-0.7106155175435556,-0.26561299727755205,-0.41687403194027456,-0.6478122368365277,-0.05910923380524327,-0.4822518423726682,-0.8515298915309809,-0.20574256817052516,-0.418737484761725,-0.5906366085648329,-0.25625390397215786,-0.3748631132802284,-0.4732091833502848,-0.26741060171495723,-0.25595124787625206,-0.6817698377878936,-0.048090184099651385,-0.3186784613397537,-0.8506468263558788,-0.19838851241775082,-0.26253974560570736,-0.5226750033078108,-0.19937915785256868,-0.23989646587157162,-0.4714172041517177,-0.16055892721559684,-0.09352160052542613,-0.690923833717383,-0.06749670335282475,-0.14824143248667587,-0.8056703752099872,-0.21996729842588686,-0.11364228180485325,-0.491339269731825,-0.15629830514038018,-0.08585196692738797,-0.4527825980792357,-0.07206259682360022,0.07813873286223139,-0.6674372742343908,-0.09875554731040231,0.017211751542858495,-0.7546188996929366,-0.1865261294359433,0.023288099499626378,-0.5221010343013877,-0.1427934108113459,0.046604072155017745,-0.4777952517693496,-0.08509685428005724,Fist
0.0,0.0,0.0,-0.3065580753043189,0.06314160539548137,-0.08787260025106554,-0.6307912801646529,0.005975173175052247,-0.14802225340365477,-0.8447513566926583,-0.15686561987435177,-0.21462307475842743,-0.8457271384137304,-0.40921066346141993,-0.2523331438360896,-0.6193997377014003,-0.47446487647477004,-0.007992156896010674,-0.7979865488065578,-0.5800390813160883,-0.16362191806047086,-0.6525912841791036,-0.33876108957543666,-0.23321489954648644,-0.556050151560333,-0.2701233781598844,-0.2588486188347759,-0.48196761325123155,-0.6045803473211161,-0.024619673531088584,-0.6544129405007262,-0.6737082132703571,-0.18054266698897692,-0.48998378805666737,-0.38343343191498686,-0.1870342463766782,-0.40901099824986453,-0.36794972276048543,-0.1522718493231956,-0.32588799613241043,-0.7111199856633795,-0.07192126935022757,-0.4828048951332839,-0.7570527781723136,-0.21940122680978416,-0.3435973117727733,-0.4607889644185069,-0.1464321154086657,-0.2631066381500964,-0.4517661480212636,-0.056777971595424775,-0.1441451626781972,-0.7850583418518737,-0.13041603883591774,-0.30040365617349735,-0.814599507482406,-0.20193317714983505,-0.229219358658505,-0.5790475924751808,-0.14020351478468007,-0.16049645921655106,-0.5449292335323631,-0.07105700240531088,Fist
0.0,0.0,0.0,-0.3115833770314893,0.07828779852617268,-0.08398324111593482,-0.6399481551614913,0.038685928211452864,-0.13861856444632603,-0.8653498594954376,-0.10166882803670889,-0.19967192926909455,-0.8824115407411147,-0.3469361332268623,-0.22848790577560296,-0.6460945646121425,-0.45570663403494394,-0.002374989585487448,-0.8332971038625573,-0.5295864495418644,-0.15860053327752976,-0.6734800221826991,-0.2968794779812412,-0.22611549459642902,-0.5808552605170276,-0.2516789930912625,-0.25052558459409446,-0.5171662559859164,-0.5879027035524795,-0.015580781807564921,-0.695717568326878,-0.6184175523273313,-0.17285205197056921,-0.5114521935707849,-0.3397474319789431,-0.1751837559059624,-0.4403970764220066,-0.35438396316137205,-0.13754763198741088,-0.37298056956138453,-0.7051953794070414,-0.05964080434444979,-0.5367959295373959,-0.7161505780780845,-0.2056522485062083,-0.37709047538955326,-0.42970403473036745,-0.12928304818655456,-0.2986817315073236,-0.4489871784057483,-0.03816423906608976,-0.2054526157743286,-0.7922403485020175,-0.11489034116472821,-0.3613793195604328,-0.7870581940722877,-0.18371765976345458,-0.2727088560614391,-0.5579917429537492,-0.1231441745260968,-0.20035464788481266,-0.5538611515562086,-0.05515445842500956,Fist
0.0,0.0,0.0,-0.26488429715661066,0.005819452155802266,-0.09756993848230415,-0.562687689435035,-0.12442190134838252,-0.15630515676884332,-0.7542575737500271,-0.3240814809829822,-0.21756484157775477,-0.7314891095021099,-0.5592649407728044,-0.24872706642571513,-0.5129064580155166,-0.5601858066782711,-0.01595572631362262,-0.6590350472696501,-0.7327911079249889,-0.16938122273840533,-0.557039186423072,-0.47917150109861717,-0.2341633291062339,-0.4761839195960884,-0.38375621894939266,-0.25511086093956087,-0.3668994248124329,-0.6559639178761261,-0.022483385599477466,-0.5064002316865646,-0.7833200666959932,-0.17299472375920408,-0.39267491252493436,-0.47359025676619765,-0.17694029261614674,-0.3244534179778007,-0.431718488423448,-0.13981835105167628,-0.2070078531039285,-0.7246275856954139,-0.06062132704520181,-0.3321724023722689,-0.8114235542118297,-0.201396792083072,-0.24327674574206168,-0.5088077946544376,-0.133092537832594,-0.17509763817526525,-0.48031752594302396,-0.04712648712437168,-0.02885975356687385,-0.7621338453690524,-0.11065443368091048,-0.15569771279447794,-0.8291368893843023,-0.17922247901227328,-0.1189865593077849,-0.6007124890065592,-0.12480644147625347,-0.06507697612567034,-0.5579485798193979,-0.06136169250508733,Fist
0.0,0.0,0.0,-0.25943899166386863,-0.008899172263106773,-0.10351678542446403,-0.5413832791800469,-0.18785365138598883,-0.16327748542355472,-0.6960459608773594,-0.4321585480358124,-0.2215330426131617,-0.6482652880816181,-0.6560898352009381,-0.2500727771351106,-0.4745020226494938,-0.6007124981861978,-0.03217139204039945,-0.5859676769900822,-0.790348080941783,-0.1788624959975891,-0.5102352801408078,-0.5336939563220656,-0.23930237530729542,-0.43475612634159516,-0.41478487400296155,-0.25813091990933107,-0.322568021374822,-0.6731190413341295,-0.03545667958348852,-0.44631551558422616,-0.8295563510363604,-0.18099976070202542,-0.36884178152730795,-0.5169748967551389,-0.1842459382792046,-0.29866406397779727,-0.4464815663173346,-0.1473676655465018,-0.1621977825846086,-0.7090449642740042,-0.06859251558973362,-0.27574691212475017,-0.8081155989962269,-0.2107880681439647,-0.2177522822001883,-0.5020892953638191,-0.14694637789996848,-0.14733870629690454,-0.4435455241049405,-0.06348285427096693,0.015244048737479551,-0.7081794035448651,-0.11314573408139282,-0.10246163622872986,-0.788756395501161,-0.18902231637565997,-0.08987654990506293,-0.5619586945206326,-0.14070850915990393,-0.03974535863687941,-0.49715589492678663,-0.08059185974459712,Fist
0.0,0.0,0.0,-0.27417341762850617,-0.11450781361821265,-0.05760055592028003,-0.5086619599530976,-0.2948394928610336,-0.10616853711309393,-0.6295307749017591,-0.5226055502854945,-0.16607636230996975,-0.6075826607846576,-0.7210783856722291,-0.20236718957129873,-0.4207012843195635,-0.6622439366200598,0.026298334586975166,-0.5502920427125505,-0.829225932185253,-0.09779070057396305,-0.5085231097983699,-0.5826497578244185,-0.16123711421391737,-0.43824469952123896,-0.4862801634490795,-0.18807235403256814,-0.3047540628693799,-0.7075905044845494,0.0075378148218550765,-0.4443552484574376,-0.8309561340104828,-0.12226839407056474,-0.3938692669339984,-0.5501479714004183,-0.13403610784490153,-0.31580382671029683,-0.4899413369178617,-0.11068082042425849,-0.17904034017162007,-0.7313413047761613,-0.037239691499919125,-0.31512817630991236,-0.8107002867468438,-0.1528801521068317,-0.2787726046572522,-0.5316445158809784,-0.1012919353069382,-0.20164534115468333,-0.47629363936525154,-0.03656873453253359,-0.04177643832794958,-0.7168562641047941,-0.0917961592288471,-0.18441209533507277,-0.7536604473913247,-0.1421796143527834,-0.18279598395719107,-0.5527769873147855,-0.10088376724780712,-0.12003587718146451,-0.49920105957485733,-0.05387119128047379,Fist
0.0,0.0,0.0,-0.16035046549341603,-0.3200024863150633,-0.046503409545431536,-0.20067883439303993,-0.5769136844466247,-0.09592734090470988,-0.21326960628449473,-0.7729035959998648,-0.1505828626242666,-0.17830378296791372,-0.9622811879590063,-0.19054659638482602,0.20834336159147326,-0.8111620582255991,-2.95911787890309e-05,-0.05540012281787016,-0.9942863404349287,-0.09124417579375758,-0.13550270601767359,-0.8077549962800712,-0.16654244193420736,-0.10015012476597414,-0.692821798642648,-0.2151859172473488,0.25815088192776936,-0.7897260021942145,-0.027317752059219914,-0.06829985708796638,-0.9595035536156878,-0.09877969328897676,-0.13550018346396162,-0.7234207787773728,-0.13034461599747135,-0.07927276393071554,-0.6123184321090877,-0.14801847235898904,0.26071036582607715,-0.7349238255082284,-0.06864211976009166,-0.06608646755894014,-0.8563724766772108,-0.12233444848942464,-0.11392710231494318,-0.6233272601166951,-0.1061253507790649,-0.05131136595722093,-0.5199360574394404,-0.0956644781951546,0.23045949810360344,-0.6518452343411977,-0.12206196223745823,-0.025198898952447913,-0.7297065790189947,-0.16035959972233926,-0.05419353492636324,-0.560486814674311,-0.15070730019887782,0.00479345746562366,-0.4645452176192303,-0.1359191696072363,Fist
0.0,0.0,0.0,0.04145787171784143,-0.27088501140690674,-0.002358891501369496,0.024420055082950108,-0.5577950790392071,-0.053271630640987014,-0.06593259586721475,-0.8053946843915739,-0.10814104283978099,-0.15080493880858126,-0.9755959739749973,-0.15959437958373254,0.23734798543744928,-0.6805469161288771,-0.06867098730271115,-0.017302653162894813,-0.9450105457921362,-0.10505601636869454,-0.09694888861832573,-0.8467181170044369,-0.10957957583006743,-0.0642814624291721,-0.7492642308620306,-0.11819930018124053,0.20409111184339793,-0.6147666278552772,-0.10874747461538778,-0.11317177453933643,-0.8664521609424963,-0.12974621268721206,-0.15266560154789574,-0.7305827259926951,-0.1192718482346354,-0.11535662271533953,-0.6388554777381459,-0.12621646825117996,0.11887884217773458,-0.5390963438415437,-0.1476209499766124,-0.19328748326167797,-0.7524763044145227,-0.16310323756466957,-0.227375241577321,-0.6090648782194494,-0.14401614193429982,-0.1852987798004963,-0.5257575170744859,-0.14940095191194108,0.012457740101202016,-0.4528562106390829,-0.18869504803896445,-0.23003551918311352,-0.5904342134546865,-0.21717982532151753,-0.2593579217555162,-0.4870767062988819,-0.21770262485920236,-0.22169859291362526,-0.41530260368829053,-0.2208705589903606,Fist
0.0,0.0,0.0,0.17090859080781207,-0.27344104526357865,0.03092935898041861,0.2534432110146148,-0.6159180138655479,0.021110481089008648,0.2600730357895435,-0.8762422849046264,0.007501352700219437,0.14654399500190787,-0.9625999210753073,-0.009479255694769883,0.1757403372945889,-0.6936069585215964,-0.0795984454112768,0.0443868059168287,-0.9922726168721006,-0.11586572084225429,0.031577802554478014,-0.8708653589505545,-0.13191958159382963,0.0625922973745726,-0.746776244115403,-0.13945398897303857,0.013914520395975174,-0.6261825049818946,-0.11642978392109973,-0.10069545672414822,-0.8903033677311294,-0.12187220720174222,-0.09806491202416569,-0.7919666341202266,-0.09679428456982946,-0.06600799063669756,-0.6904206851367476,-0.09216090562147092,-0.14716773029325242,-0.5531319386303474,-0.14522037821319408,-0.22338326675532993,-0.7727717694417293,-0.13838474127603928,-0.20763994219478193,-0.6936647231692676,-0.09349901753960173,-0.17413951913305928,-0.5986562164922784,-0.07707649748076943,-0.2934638698920316,-0.47750470028214237,-0.17096183894886496,-0.3291061937990562,-0.6773337150123756,-0.15049647208281133,-0.3138638034437572,-0.6181181914564615,-0.09981092551193779,-0.29277991188290203,-0.5403098255607238,-0.0701372503278336,Fist
0.0,0.0,0.0,0.29774036581064656,-0.20358841838513117,-0.03294593994593552,0.4375489714710033,-0.5262368584382079,-0.06662293880370275,0.43006032196966787,-0.8354327816429236,-0.08492563407265746,0.3110848385956056,-0.9447278056035053,-0.10351616547926924,0.18673251353960485,-0.532139074687987,-0.16248762433113273,0.1786230230556289,-0.924665218937313,-0.19018323283194932,0.24416721183103599,-0.8742732821947231,-0.19499386124889537,0.2840760908456558,-0.7853092024356729,-0.1959105218254522,0.029233135833884028,-0.533442820132436,-0.15842072670939905,0.09668624052336812,-0.9256345226435213,-0.16579753050149468,0.20063782573764335,-0.8619708985250962,-0.15773819596870678,0.22545641310313366,-0.7439295632984444,-0.16577189838769377,-0.08458654256810047,-0.5280366993340794,-0.14417760928307352,-0.006095829561867915,-0.882871857637458,-0.12983995330127115,0.09802916225034843,-0.8176360274437643,-0.11667185110931315,0.13405484690227518,-0.7019082578915455,-0.12244180874474403,-0.16583639991481927,-0.5191478070186916,-0.13019559404765796,-0.14345880423746904,-0.822434297290004,-0.11332689247563375,-0.08198936122723698,-0.8325106433480111,-0.09866714043936203,-0.06783352701195894,-0.7811239383155676,-0.09955097154889636,Fist
0.0,0.0,0.0,0.271449571384639,-0.1275616045811731,-0.006495169236267564,0.43148409419256206,-0.42172055302832434,-0.01960022055226907,0.4421879646938904,-0.6904749372184104,-0.030307026273621324,0.3609782428546836,-0.8358490055890755,-0.03788319647152691,0.34954328747235597,-0.5594014990634452,-0.06789507003812416,0.42401292346631286,-0.899861183960917,-0.1022882707548012,0.3959305384574066,-0.8041334336932796,-0.12000940849894903,0.3634838816806114,-0.6663374879216634,-0.12421044629463913,0.18801376808999085,-0.6221373497888953,-0.07474337847149415,0.27011828530064086,-0.9436429390744455,-0.08156252001727575,0.28023381460862734,-0.837131792705012,-0.07615058979588575,0.26256536522211305,-0.6977862096001768,-0.0774631990119977,0.04358934763543249,-0.648403459033187,-0.07775758139455535,0.1554838794597099,-0.9077987072097502,-0.07335297103355294,0.18715561167695227,-0.8033826527248142,-0.05187436448770304,0.1815244367346318,-0.689183255095231,-0.04332207313784909,-0.06446952999423942,-0.6433398702673085,-0.07884999285324654,0.04801927302820835,-0.8543048749024598,-0.06299010890140815,0.08544141564200136,-0.7769284776131045,-0.0235136795870128,0.07846561210481863,-0.6786761336826769,0.002513470441710444,Fist
0.0,0.0,0.0,0.19586792947923182,-0.2607898538644858,0.02331938124388478,0.2910168671024324,-0.5272660620179352,0.011600947315089406,0.3012723766855368,-0.7616706212940759,-0.0011636952195163896,0.2485709388935744,-0.8846143742631576,-0.01327546788230862,0.14473744051499787,-0.8096019606447179,-0.05663951560932211,0.07324119519598013,-0.9956227778422084,-0.05806041308868604,0.08024322193463498,-0.8648168716575493,-0.06028524102062428,0.1065400566347244,-0.746431272625947,-0.06104947748384211,-0.03473936560891805,-0.770303318510906,-0.07705635319954736,-0.050588728278038585,-0.9050034804361612,-0.04663197856989004,-0.024831184571832806,-0.7977676441219841,-0.02823022573151995,-0.003883478901417675,-0.6879518774120048,-0.03316600579690781,-0.1866654068908461,-0.6893953003094561,-0.08633367519058963,-0.1623995573409113,-0.787467680077269,-0.049584555365992045,-0.13642715040358702,-0.7081741670952267,-0.022480301422129468,-0.12657599680715392,-0.6069935672943892,-0.023882709535969465,-0.3088635372992752,-0.5988096805258413,-0.09353105318786624,-0.2667110534405445,-0.6800704156928995,-0.057003423368217856,-0.23941309528428228,-0.6031159258475265,-0.01399368001557838,-0.23097483020762843,-0.5143982915214936,0.010757861364308964,Fist
0.0,0.0,0.0,0.06089436739367377,-0.3507139902453414,0.03581412688892736,0.008345284873215363,-0.6582556248824687,0.004156471006561987,-0.11722685913468148,-0.8229945041656317,-0.04275276016949264,-0.2569608561609182,-0.8568693306481533,-0.08843796306743265,0.08324664347163031,-0.8537513075555628,-0.0323386085114105,-0.1942405744442234,-0.9776216345595238,-0.08078699697812275,-0.2251757287550507,-0.8210627849256689,-0.1084904242875831,-0.16901784630722805,-0.7446348422211215,-0.1312289779555415,0.008296020108352432,-0.8191140204927998,-0.0927046398838077,-0.31485360665745815,-0.8660101271463916,-0.12026147463674619,-0.3029543990633081,-0.7136562434552042,-0.12473918964943807,-0.22507470480685077,-0.6579488114101578,-0.14036138177495555,-0.0960467518713328,-0.7356040080039487,-0.14836823122499598,-0.3804645036491905,-0.7385438880438491,-0.15608624780255947,-0.34860766171219343,-0.5979802890067772,-0.14111295525789871,-0.2594471677749498,-0.551878238900765,-0.14840484201280815,-0.20261267431603505,-0.6338527289506185,-0.2060316900983646,-0.40509605460783066,-0.5989258814766568,-0.21646338713222402,-0.38060419108373855,-0.4917558940248167,-0.2061790426730153,-0.31096439251996694,-0.459922333326911,-0.20247420763439927,Fist
0.0,0.0,0.0,-0.1965402357073127,-0.3124023919471334,-0.034869015533144185,-0.28578853114239217,-0.5483541841027121,-0.09852661237090632,-0.3640947624469205,-0.7073662007919711,-0.16683319631975524,-0.44005441338500684,-0.8119485023582674,-0.222288750734395,-0.018003083374316463,-0.8990608932215873,-0.07118557513584102,-0.3533770054223333,-0.9222188287336522,-0.15696217368485604,-0.37072179620306017,-0.765166950277191,-0.21731642517941457,-0.30198629694944024,-0.7076248632353108,-0.2568652228887221,0.0034721055483436843,-0.8123046896302871,-0.10982162910763947,-0.38412458907907643,-0.769027603608889,-0.16791049935270305,-0.34653009750698793,-0.5943010123092235,-0.18130172500827216,-0.24828912627826663,-0.5526712093031647,-0.19698805343605397,-0.008984031547463425,-0.6756622088721509,-0.15545608002376474,-0.3727589568857813,-0.5993397212419076,-0.18460170754577093,-0.32553965131233464,-0.4484519660763632,-0.1527177933994031,-0.23206697926404857,-0.432541676866583,-0.1434615927739461,-0.05156536657516532,-0.5168002474306562,-0.2125950598227816,-0.32894659254333314,-0.4535664783986122,-0.22073217689209493,-0.2992318854812457,-0.3541822502009565,-0.19459140847716172,-0.21748258442963972,-0.3353140772667814,-0.17760420411727507,Fist
0.0,0.0,0.0,-0.19478669966606124,-0.18317931954810635,-0.10478093870089539,-0.35219559768081804,-0.3994335741126615,-0.19469395088040847,-0.45612419102711005,-0.5538114357865352,-0.2775572120876269,-0.5387094000813099,-0.6999162777386203,-0.3374701113434988,-0.13677649453210092,-0.9843977496408055,-0.1106944490280717,-0.44361161453585973,-0.7985929687502407,-0.22329217735163367,-0.4610964033568294,-0.5832685242590665,-0.29437559416299686,-0.3955943267241933,-0.5245950962412089,-0.33901131470594503,-0.012443756095986212,-0.9184822608117076,-0.12375930306850517,-0.3720393831109817,-0.6470640510191046,-0.21822847491904657,-0.3550089068637304,-0.4316738475381496,-0.24314845331616913,-0.2662621906776677,-0.4019581315303911,-0.25583490233184214,0.08537084313154335,-0.7665678509021173,-0.15091468913546188,-0.24782959071907543,-0.5059246863046758,-0.23417685147715134,-0.2105372635088641,-0.31774131580982395,-0.20732217196378955,-0.11797432170356745,-0.3144935319607249,-0.18426911516550643,0.15426005879087729,-0.5767680583120951,-0.19371101011486527,-0.08849274198717003,-0.39051459783390124,-0.24835656224540245,-0.06971628496469608,-0.2609164868789885,-0.22656402384783128,0.016570775599882445,-0.2625517672319358,-0.19797961962236307,Fist
0.0,0.0,0.0,-0.28475499913530117,-0.07104360958080996,-0.15925298189979079,-0.5505190578527969,-0.24348932120646855,-0.2707897317012396,-0.7166977868583267,-0.3883437794471063,-0.36334814006083915,-0.700305007262207,-0.48138948469925147,-0.4276831729142559,-0.3957897742372154,-0.9044504983322004,-0.1591218108113669,-0.5911104385884541,-0.6381862602692439,-0.2949773717316953,-0.5451282080206616,-0.4049323471295852,-0.36727656375885936,-0.46715138197115963,-0.3931573442009288,-0.40977826422387414,-0.21001636188605938,-0.9092862372837057,-0.14736650953136196,-0.43178227676934366,-0.5502504476854109,-0.2625756403419613,-0.388017465969841,-0.3230029703431068,-0.28113793210029725,-0.3115610843387321,-0.34909721340501293,-0.28461411555637,-0.03903742304122061,-0.8066980676423413,-0.15703020756671973,-0.2493002208969831,-0.449810403444577,-0.25953150726886626,-0.21153605036589518,-0.25150680554595045,-0.22302967538498897,-0.13710029249864028,-0.2897716593815374,-0.18874064889445744,0.10660547911475562,-0.6525598019888648,-0.18648692832669397,-0.059244668597836773,-0.37064373010577223,-0.2421853001672618,-0.04508190774596297,-0.22703531058720178,-0.21853141575319016,0.015149008689724464,-0.2574328598767046,-0.18910778305382084,Fist
0.0,0.0,0.0,-0.27746241650914777,-0.06932782561123052,-0.17153312211359817,-0.5605364928349434,-0.29432977754428286,-0.27816539507748156,-0.6792370495974758,-0.5127313978575085,-0.3658015909719353,-0.5474196542661753,-0.6026973167539066,-0.4218898265442935,-0.38372017691948096,-0.9073508489017408,-0.16828138514607635,-0.4288980000204087,-0.8113631034429394,-0.28766181166222893,-0.40228837497536885,-0.5371958002977885,-0.3323556334100326,-0.3645408625643461,-0.45956359085312276,-0.35675963615594875,-0.17975408355919323,-0.9733851687454023,-0.14216111532440714,-0.2620389067229288,-0.7275249976448719,-0.2450238473820395,-0.25397267681746016,-0.4519383016821728,-0.243735186602577,-0.212006831379542,-0.4328680742275048,-0.23634889821842625,0.005397160521835219,-0.9411194453253138,-0.13884091197330284,-0.06931726140613267,-0.6922011665055903,-0.2467180530675271,-0.09085905354043095,-0.4508805032325931,-0.20594369494641868,-0.06328027750598024,-0.44100802391202576,-0.16747592192152394,0.17806036589404986,-0.853459967989734,-0.15469313327835654,0.11051995785404795,-0.6637093905283901,-0.21285033109992457,0.06665140721535513,-0.4648966771744732,-0.18439779769981338,0.07487035878147737,-0.4396982921365257,-0.15402257897189467,Fist
0.0,0.0,0.0,-0.25681137269343834,-0.12094691649852587,-0.1343201075163307,-0.512074184179186,-0.3346139096724919,-0.231748955636524,-0.6234124742356608,-0.5535845865536081,-0.3199295033697466,-0.5179083080351499,-0.6837380696017632,-0.38088254185794274,-0.3204949525933411,-0.7856338482444254,-0.1274820259584501,-0.43246714580078544,-0.8669016267446481,-0.24789864330085606,-0.4242731631424252,-0.5928892479573883,-0.28808271458792695,-0.36401934587494433,-0.5018692868178712,-0.30611063001290456,-0.15059106614896559,-0.8080331267805642,-0.11709528647478795,-0.2686272782082446,-0.8494374001091671,-0.24247373151214108,-0.2670727696723825,-0.5439377126390057,-0.23737835810120492,-0.2076238925108725,-0.4838856943687924,-0.214460649430254,0.01297378878571361,-0.7851598051731001,-0.12869294811723173,-0.10114723561417972,-0.8126741960972961,-0.24684145444830075,-0.11210734111313475,-0.531736666355024,-0.19030756277691965,-0.05344228078857262,-0.4794802622958212,-0.13229684954391668,0.16781555393505043,-0.7184365253367134,-0.15391002972497284,0.05327349971667097,-0.7746197040912224,-0.21309637849077434,0.03087176021715087,-0.5697550642315051,-0.17004490033894656,0.08187009928779884,-0.5107657719814551,-0.12580404627544123,Fist
0.0,0.0,0.0,-0.2688495620848134,-0.10083083808958157,-0.11306525007690085,-0.5180786764344889,-0.319160784153214,-0.18646423135069126,-0.6033599745881199,-0.585834671482769,-0.2531903256818325,-0.5000302940356014,-0.7325990972648333,-0.29155052108030804,-0.3592824844158696,-0.6946727592263421,-0.08612675809027372,-0.43916124788410477,-0.8753304193768326,-0.20232166287981684,-0.4106581911727185,-0.6258499756368694,-0.2373387192349297,-0.3711959163978307,-0.4886423499205005,-0.24545048002704928,-0.196359882691041,-0.7245326804835448,-0.0788848391548897,-0.2814505893903704,-0.8689436159667221,-0.203150866606753,-0.25580682337582555,-0.5585929741488899,-0.20009807845953476,-0.2247473278828948,-0.45370745994991035,-0.17213417565060563,-0.037970006520053716,-0.7222292466215567,-0.09392931828197718,-0.11213249244735035,-0.8249591924165008,-0.21874017418268765,-0.10646082587318793,-0.5359534321129192,-0.16389582076820097,-0.08312216924989983,-0.4417498358834903,-0.09831076186896659,0.11714441937200717,-0.6697383704158848,-0.11999804040726701,0.05281561472203973,-0.7874188544332601,-0.1903022667616901,0.03229540776967127,-0.5772470603783711,-0.15014437244881862,0.04228239997507604,-0.48959918185344214,-0.10273110260612478,Fist
0.0,0.0,0.0,-0.24235762617952797,-0.1043960222093379,-0.10605831637207848,-0.4761989849628873,-0.3154110065176295,-0.17874911619859457,-0.566560056543642,-0.563062546408852,-0.2483825110745617,-0.48254795716560284,-0.7217122569135762,-0.2899241794852712,-0.3390367805844197,-0.7011107939905866,-0.06987970678025383,-0.4447549120116379,-0.871219916263909,-0.20777133042512713,-0.41755166594352455,-0.6250017749828921,-0.2645231150604453,-0.36490323950298786,-0.5116058803900665,-0.2854190129111617,-0.19364266635159114,-0.7453569808473668,-0.068257076496004,-0.307738829728999,-0.8787138766732941,-0.21663265244432595,-0.27602704883006945,-0.5602654145954477,-0.22423427383942143,-0.22226770012874222,-0.4724799914114813,-0.19603694020351853,-0.048900734246621586,-0.7586303220814246,-0.09166836380950001,-0.15656445837707,-0.843571403089691,-0.2323242513806865,-0.14571374262535344,-0.5431410879618028,-0.18251141786367248,-0.0947212935796729,-0.4634064007592585,-0.11492419786072175,0.09652602195364103,-0.7273953548879989,-0.1264525493550037,-0.009916366818119337,-0.785530479814337,-0.20635141853384878,-0.0164274534899701,-0.5780143200824772,-0.17645463508421264,0.03268534400816898,-0.5156301530127428,-0.13250510127542953,Fist
0.0,0.0,0.0,-0.2742993847754256,-0.12476804818066232,-0.07341314810512703,-0.506139626337153,-0.34761133001312206,-0.12680873457973355,-0.5799335942777071,-0.6104089115249762,-0.18607695435010427,-0.502560936692116,-0.796603756081089,-0.22372839953724236,-0.3440254638514171,-0.6883085646512102,0.003725989786360239,-0.433396300436773,-0.8925283072961413,-0.12474320599857551,-0.4141921810508149,-0.6570462227426996,-0.19167711922971223,-0.3565669051629385,-0.5211228774449121,-0.21846524687057212,-0.20064583734433925,-0.7285925056628815,-0.007668633649162303,-0.30596002335900213,-0.9083576697190405,-0.1423064671771959,-0.2868621164197283,-0.6163913754279114,-0.16410894908028567,-0.23127162222441106,-0.49838025690725696,-0.14510385842324944,-0.05958326885208957,-0.7448765004166893,-0.04442781401556126,-0.17429366813997518,-0.8726134735428434,-0.17368793926239284,-0.16404990824827875,-0.5778837419001455,-0.13771425901466455,-0.10581223627141202,-0.4608979083941052,-0.07865814268951993,0.09153383870904744,-0.7187904603720915,-0.09003476059046647,-0.04663946417272377,-0.8082518406760735,-0.17039886691813289,-0.053005273674333546,-0.5925671342197993,-0.1467804571787007,0.0020362169958927654,-0.4933446147700341,-0.10516193823510704,Fist
0.0,0.0,0.0,-0.17813752315538603,-0.28666015535409656,-0.011827185382810952,-0.22417477454344661,-0.5534211537885877,-0.03265518169087706,-0.2414179407047377,-0.7331554402787888,-0.07325789220086985,-0.23116109826768064,-0.919342505023171,-0.09653101855596873,0.09965422858935373,-0.8646576153203357,0.09473498300113237,-0.12999754395354027,-0.9914759512464248,-0.008722193877940793,-0.1797855753970232,-0.7867915481249607,-0.08771267884664921,-0.1249670059118758,-0.6641019105150879,-0.1309779232649685,0.15293248774696613,-0.8611630450671847,0.0492018989263995,-0.12849925062518675,-0.9895661730042998,-0.059636876714912655,-0.17303257512075776,-0.742597293770829,-0.09441357599002606,-0.10455965456082982,-0.6329187246309501,-0.09309402362170305,0.1844374909823765,-0.8350515926624562,-0.017155444085400352,-0.11285531248302028,-0.9351019312301269,-0.11316570844297534,-0.1529836592878687,-0.6867092860271857,-0.09073942854466809,-0.08324060474709775,-0.5718066424443848,-0.05305490425715548,0.19253526996428777,-0.7845664076571356,-0.09328335685596854,-0.07456820222330814,-0.8466336136966024,-0.15509076609724928,-0.11643732034619976,-0.6735132488680577,-0.1424550485085604,-0.06474960412966889,-0.5721582707392108,-0.11237860123920988,Fist
0.0,0.0,0.0,-0.03901015471576077,-0.315099935164154,0.021514284255827233,-0.019655772865372706,-0.5626741292500501,-0.002528803697130128,-0.037662012724009715,-0.7388236482157736,-0.044820909952276486,-0.0943805547138474,-0.8494653721600597,-0.08380906330606848,0.22710541479474294,-0.7752960198167552,0.021306856781123755,-0.02440684421070381,-0.997760262752294,-0.06227972405323847,-0.10981831037019817,-0.8296646277187637,-0.12734908542988485,-0.08729932286247136,-0.6928635998602772,-0.1638344529573154,0.20039505237766136,-0.7657598457511275,-0.03038556431643457,-0.10514321120751167,-0.955234261123817,-0.09116178513444823,-0.16104291876851679,-0.7657866961937608,-0.11070064019305408,-0.12145371032092778,-0.6455591560864204,-0.12050842782057161,0.13244553222032276,-0.7311831362143535,-0.0881485384403064,-0.16271638821635967,-0.8853144596489062,-0.13721808009838574,-0.21083904199015058,-0.6924285810610245,-0.1210929062784551,-0.16720790528290222,-0.5771679565549124,-0.10878545171683456,0.043257103797077506,-0.6828038421633001,-0.1496848290737877,-0.19540066190490135,-0.7857160729881372,-0.18415623127862535,-0.2365272143004714,-0.6401327648874169,-0.17018047181650947,-0.20605425148430323,-0.5386921048332577,-0.15190312574446257,Fist
0.0,0.0,0.0,0.1659106498567879,-0.27355422443880245,0.008350189765915738,0.20445800135978087,-0.6002530653449305,-0.01102920141901322,0.12715797998132267,-0.846085958275179,-0.037600237234511454,0.009484859831271342,-0.9657232312778855,-0.06588958738246962,0.2924372590866343,-0.753565232412928,-0.015391127685990722,0.045977463704636894,-0.9975052418711728,-0.053566456582659606,-0.009958276187385347,-0.8687182315167471,-0.07918128498365026,0.03347113959772336,-0.7620638267868773,-0.0980420898403385,0.18047551964809713,-0.7280583902492547,-0.048818427328928084,-0.08686754475468576,-0.9180780864075039,-0.06284671715844603,-0.11171732344345049,-0.7789641651381856,-0.06867072694996297,-0.06601130894725084,-0.6892727666633002,-0.08364873992309507,0.03899507513567464,-0.6688897237969929,-0.08049527928081927,-0.19237192084222574,-0.8282021471538785,-0.09316076562036511,-0.1997991286490469,-0.6932169348326426,-0.0821207350141404,-0.15102473273006775,-0.6069870164490514,-0.0843046793413535,-0.10990341716912788,-0.5963961407277648,-0.11321685461755934,-0.27354394734942955,-0.7033818698824185,-0.13015193399924774,-0.27685026573269106,-0.5988424231210023,-0.11581019294385533,-0.23809804268719853,-0.5264989749226135,-0.1032784484005241,Fist
0.0,0.0,0.0,0.21328868862013883,-0.223449570943769,-0.09835253058608963,0.30237208600920823,-0.5198125553597949,-0.14909923886775722,0.27146456987220347,-0.8245820431051584,-0.17737796802340464,0.16404275450118538,-0.9505384898982763,-0.1881884499304923,-0.03636749045014559,-0.6354517313745994,-0.12751752813978068,0.06562970438073187,-0.9830222644026638,-0.17134751119160493,0.14745434828274692,-0.8420250747950342,-0.18912788546399817,0.14585822941347287,-0.7102094679989289,-0.1903026055559047,-0.15944707595621432,-0.6327724352896101,-0.08438974640646237,-0.005483578155702741,-0.9374971069286117,-0.10424144234878188,0.08870968721212014,-0.8195996566725762,-0.11023245762757823,0.0695340087001783,-0.716770296414285,-0.11773595800639501,-0.22016697312069974,-0.609398600215579,-0.04346441374708233,-0.05844217834810443,-0.8822779448979026,-0.04973427216213481,0.025745865278974486,-0.7783883873763463,-0.03187937226623425,0.011008956948893962,-0.6717940582569036,-0.022639767674315373,-0.24230353012140896,-0.5871791698116899,-0.009942477973143082,-0.10842097538501512,-0.8005608180584822,-0.011014283004386062,-0.029137331926547314,-0.7365645619720452,0.008935457918883392,-0.036153600123494334,-0.64046177693547,0.024042887925016434,Fist
0.0,0.0,0.0,0.20691884071193242,-0.22912574879693948,-0.006241374216788653,0.35912844535858374,-0.49839179155801444,-0.033226644960962226,0.34912090029881715,-0.7721928766220071,-0.05902446285147649,0.2343580713259487,-0.9104855788709015,-0.08752014369633815,0.19944711230913456,-0.7525699065990135,-0.09043850418354325,0.06033976055355176,-0.9884840811869849,-0.13877440158855786,0.06008795009699844,-0.8588275173037555,-0.1758193208504789,0.10422264077788397,-0.7353277190832548,-0.19841422776978643,0.007848803891551846,-0.6892846038998639,-0.11385302212912804,-0.09338134702849549,-0.8780949651058865,-0.13069843478937804,-0.07453824252539522,-0.7653906866153415,-0.13012992733648687,-0.03659104691888559,-0.6544809844251228,-0.14298399754876598,-0.15190412441906143,-0.5980873924839305,-0.1320325100497989,-0.21264955588609444,-0.7548846422110761,-0.14634279959882915,-0.19007378816197515,-0.6663178897720109,-0.12049334922791594,-0.15799206900362198,-0.5588994968821658,-0.11257068271409755,-0.28749306524038754,-0.5042743399015304,-0.1501396024642107,-0.30438912007773145,-0.6634326327569015,-0.1495043012207253,-0.2852664632881186,-0.58294654188824,-0.10718905445649264,-0.2628880893540941,-0.4882391353876917,-0.07804530845888068,Fist
0.0,0.0,0.0,0.23778752295100464,0.2946848242818569,-0.1551007626762588,0.5012361381589688,0.4587975536768731,-0.2789556195436483,0.7223628306278382,0.4363923646942962,-0.39482441870221563,0.7985973909541989,0.19961875826274406,-0.4873657986300135,0.8056288625816463,0.03455433194454256,-0.1801865290581395,0.933712940408599,0.15522989615399194,-0.32262024774268133,0.7592130437663311,0.27559260971742183,-0.3617180890255547,0.667727014446521,0.2559334081278479,-0.3682656608880194,0.7385493462299789,-0.18437933883899424,-0.17858212885263383,0.7910561129869143,-0.00013572197143491967,-0.31326980904115437,0.5341985028631048,0.13420777868984712,-0.3061563181835923,0.5149297073317989,0.1059458415839939,-0.28216017521987913,0.6333539737551865,-0.3671069007552547,-0.1990926462341795,0.6520404464453722,-0.15066770998262669,-0.35235918823985235,0.4372636581251222,-0.01411322282300534,-0.3016132470114324,0.4074922385605335,-0.06393874123868765,-0.24240130549743832,0.5056112273753616,-0.5439977606505573,-0.23167483332159935,0.5248414642836288,-0.32476745136932417,-0.3265478049862756,0.3867678550095123,-0.18893429526853972,-0.28464252350493124,0.33883225683044554,-0.23099014160035808,-0.23780935141183787,Fist
0.0,0.0,0.0,0.2483566002182849,0.20834182216066227,-0.08000314068381663,0.5678001440065251,0.25593505578930503,-0.14120717587256426,0.7826377852280617,0.23644114233230154,-0.19899518619876908,0.9588548001409707,0.15453576949814807,-0.23815156558845949,0.7839777311734054,-0.4123423378234411,-0.14886662069798512,0.9360606544299064,-0.10108696401801018,-0.2872356605760854,0.7491235339313824,0.04724244272064672,-0.3543557615622144,0.6168602969766573,0.04346579121960661,-0.3796206091487588,0.6775834406033602,-0.5516520602413932,-0.16462214953022336,0.7981245043863621,-0.13075556238120994,-0.2762720492044032,0.6238946769254213,0.03449641203678166,-0.2821650977110902,0.5233113023090742,0.03264776547255717,-0.28034705119731396,0.5257808272595371,-0.6108846115205455,-0.19463407373416694,0.6216737185385999,-0.1508708922473168,-0.30406915184482947,0.4642700181584382,-0.005178470075861682,-0.26364828421661496,0.37356312927534746,-0.023985866357093773,-0.2265742046335005,0.3551032957649213,-0.611179986073444,-0.2318233574632548,0.4602870348886612,-0.2173612374699345,-0.29321854208801695,0.3487435964888981,-0.10830185063798994,-0.2560933839591542,0.2696033921695385,-0.13411511165613973,-0.22395104052864404,Fist
0.0,0.0,0.0,0.22284988315248813,-0.15549118455448724,-0.07859910815171384,0.5272207397807067,-0.1831098037879225,-0.20811783271108272,0.7462253653632387,-0.020441327129557072,-0.322889689900358,0.849166731481023,0.16226195942035843,-0.4205533660127275,0.5733216260881259,-0.6228077671098262,-0.37940570578071414,0.8410085158034883,-0.16344262456868033,-0.5157433323079563,0.7561028184880936,-0.019702880537238832,-0.5300314908292542,0.6533809690244601,-0.0810948138768926,-0.5279105803748074,0.42586164545904365,-0.5280053724647085,-0.42057078533609954,0.7348258947112979,0.03574498243394674,-0.5534340697523864,0.6094792308181757,0.13410184807753095,-0.5116111701871474,0.5037810328140444,0.02355756113164771,-0.48097724948818843,0.2807526430715728,-0.3411364455134463,-0.45581037513461353,0.5857379870690282,0.20656371165059095,-0.5463800732783184,0.45282582900830903,0.2645235405910086,-0.4565021379402948,0.3518782952335149,0.14831110535886954,-0.39956683065145887,0.14515691382165974,-0.11333044965482228,-0.49757487849197685,0.39200086975966597,0.3262191342116157,-0.5448887469400309,0.30198258444475945,0.3419301030659379,-0.49082527225146055,0.2075361412303745,0.2182647190850168,-0.4559280302216175,Fist
0.0,0.0,0.0,0.13199478240408244,-0.31301876142814344,-0.029482391455764877,0.4448589883352784,-0.4501684815900349,-0.104257099639172,0.7386426599666678,-0.36149872534366995,-0.1756533822010899,0.9417012797763545,-0.19276385855402256,-0.22441292945346433,0.4552582086294947,-0.7695210930523879,-0.1907439499430185,0.8146859146919073,-0.4937882358168525,-0.3040724232341545,0.7304677955587245,-0.38335406712613346,-0.33679104794155446,0.599173632237019,-0.4197787022797583,-0.3420828063187038,0.42095103253972727,-0.5761190226828946,-0.23546271808010952,0.8068925634586056,-0.2676880485967112,-0.3266899686138473,0.6910376166797603,-0.16823438976246577,-0.30582116748865384,0.5540294098711463,-0.21754515041868142,-0.2836516563107786,0.3972057988170663,-0.31921061055230265,-0.280609820078171,0.7625972993232054,-0.03608688019933352,-0.33212275278750153,0.6365685053683267,0.03973002629417779,-0.2557169386571593,0.509581906133469,-0.008529805738472418,-0.20418159357243343,0.371653679694761,-0.03352294102087157,-0.33020915339923135,0.6467191935976565,0.18949747195528602,-0.34741436151742516,0.5319397970593981,0.21694764959373156,-0.28932544589164055,0.4144193563449927,0.15350724988614123,-0.24911414011820643,Fist
0.0,0.0,0.0,0.09140398875671082,-0.33830417400670404,-0.028868181276202658,0.34378881271489437,-0.5464622646787167,-0.09536615539363363,0.6109382509027481,-0.5406402238996633,-0.16193111956283235,0.7707428710583495,-0.4315846071394055,-0.20749637171284027,0.3156768475467475,-0.7977760662159682,-0.14380335580218562,0.6892159678269231,-0.676079984227147,-0.26057092051842295,0.6117821925638269,-0.5529392495810951,-0.30967045117664904,0.4809985153416667,-0.5347536926212954,-0.32327219040028077,0.32700218672161013,-0.5666800907742717,-0.18531293576032629,0.7124659386000572,-0.4391956863892874,-0.27849319583317894,0.616214468538704,-0.3224175778583355,-0.27501654684264343,0.4836645591305829,-0.30765831055669646,-0.25735700756803004,0.35869037377475,-0.29527111512324083,-0.22968807357960647,0.7046273421064012,-0.191652451202814,-0.28351854433559204,0.6018279585055217,-0.10323914115119591,-0.2189851059154709,0.48206571852829083,-0.10032233734971714,-0.1671721866030325,0.3928515696027838,-0.016551906764815064,-0.2787817935456354,0.6563485103404655,0.02977693308445673,-0.288404190703069,0.5605211935292562,0.08541575672477102,-0.22514217538406758,0.46252597020386893,0.09638525238311205,-0.17669963486754572,Fist
0.0,0.0,0.0,0.011198712326901969,-0.42453509202124595,-0.026899434091403183,0.16702696432414837,-0.7781679457141463,-0.05198643390747497,0.39747494762766417,-0.9152903985003162,-0.06524685756048385,0.5364172973396748,-0.827680821096112,-0.06407268380801227,0.2934379410433816,-0.6069621196873052,-0.12422911487940204,0.5547730161397184,-0.7762938041809164,-0.15135529146520815,0.45157216797858923,-0.7568266500533175,-0.13713419171320962,0.34728999893386453,-0.6828914432232116,-0.12393379787427208,0.39028493109095125,-0.36495395420871585,-0.11950510452451371,0.5992284988288561,-0.5784683540240596,-0.1284568522281209,0.5021545887243969,-0.5769427485714032,-0.09814507782432301,0.4052739129686799,-0.5041198457547359,-0.08087204326210869,0.4627519622573626,-0.16583425860616305,-0.1089833518675401,0.6022329937377698,-0.38572346151692294,-0.11277225806413302,0.5191335369198162,-0.3869209932675941,-0.07562919819824446,0.43547483943422427,-0.32249249170472494,-0.05726199947294938,0.5102638679671139,-0.0008798822792873745,-0.0982913488424908,0.5956468104107127,-0.21023433844006698,-0.10138838292815602,0.5263146735563872,-0.21710467857166804,-0.07484715166658133,0.46007776102546966,-0.1537938861788458,-0.05677706161105084,Fist
0.0,0.0,0.0,-0.08429641807565437,-0.42385319171052505,-0.05006806384371347,-0.012561902677008257,-0.7684628610614338,-0.08267434302404016,0.14627548330150236,-0.9598308223825546,-0.09670734137427384,0.26420154581484856,-0.9343100155422397,-0.09885007595535927,0.3018326293500481,-0.6592717834961833,-0.13671095461602312,0.32115186783549077,-0.9391379206645383,-0.1219895231389277,0.21036144389881353,-0.8439044838843617,-0.08919613774677192,0.16179109088747293,-0.7139127272678106,-0.07454659569876022,0.4143322546267767,-0.4959303438040619,-0.1120583071805336,0.37674783131859735,-0.7797277998771855,-0.09155825763458472,0.2746940371246603,-0.7250626170265866,-0.059664244871938915,0.2337003873591318,-0.6138178834954712,-0.05407904166805759,0.46466989619956117,-0.35172808086788016,-0.078016820231182,0.4193165018084418,-0.6193214529441018,-0.06576374398020442,0.32704075207162997,-0.58254263273917,-0.0386076920432449,0.2806321786319953,-0.4841567306024643,-0.03594366577002746,0.48401926039743987,-0.2374146799389658,-0.04585898565386388,0.45280278940764473,-0.46044571727993266,-0.041997164733334,0.367428597999148,-0.43900521311192225,-0.021479361955716512,0.31602114736232606,-0.36525417947912114,-0.010325128234768789,Fist
0.0,0.0,0.0,-0.16836017942056591,-0.3596345857929649,-0.11442290777295169,-0.17395892071482683,-0.7341749552903339,-0.16326478994086932,-0.07928632766010923,-0.980342482447885,-0.18067178903772488,0.010374206297420259,-0.9761810058022747,-0.18326093782724745,0.23656687681342706,-0.7140309249770443,-0.15611779157123368,0.09886502261187752,-0.9814623908080038,-0.1273079688932521,-0.009291565954368376,-0.8607122366081702,-0.09845861009692627,-0.031854103790491035,-0.7306257770444582,-0.09056697406528048,0.3537453496449078,-0.6141089671699248,-0.0973280839097493,0.17993247686331224,-0.8862014255983989,-0.07280865275145056,0.08560081056138119,-0.7910608031742153,-0.052717833873030376,0.0750595652757707,-0.6620488899450754,-0.05565550310736119,0.3951955675769681,-0.5132277359402113,-0.032670448022256965,0.25667435067083477,-0.7649890234637279,-0.018168647621592614,0.17732709558425575,-0.7057736132051445,-0.007441477791261377,0.15234898541518838,-0.5899952259503956,-0.01483321568481947,0.4035327520918897,-0.4268573719571997,0.023957753562847458,0.32847372048700774,-0.6323549969672446,0.019929604304517765,0.25679602763347814,-0.5869835432346762,0.027116985161172873,0.221785260535814,-0.4925440754132102,0.03129284590495749,Fist
0.0,0.0,0.0,-0.1573430479282309,-0.40877135422359184,-0.09257277305210725,-0.1659845861846105,-0.7919948518832285,-0.12068872076876128,-0.11976543658446291,-0.9788750695393555,-0.12222928213651842,-0.050422154629600646,-0.9119675706636229,-0.1169132081088,0.30835486324928474,-0.8924201425734006,-0.10957929676611486,0.09373783254816317,-0.9942590370022836,-0.0515963766989926,-0.008422523105961456,-0.9028550846507638,-0.023619065246637844,-0.029521417150113072,-0.8073121153271303,-0.021126496501066794,0.39204320300266593,-0.6848459264413801,-0.06314181779587502,0.18324854232709512,-0.8212539071344032,0.0009759938704924662,0.08402837815656015,-0.7755524198317468,0.009502742748828076,0.05101097512328436,-0.6831863652123188,-0.01070706086745884,0.3867922713160038,-0.47903393489017954,-0.007858368435619139,0.22044570175778552,-0.6158440951897739,0.03680868544698297,0.14194767342621858,-0.5988413059230856,0.027263438098959827,0.09809836335544675,-0.5150660553957289,-0.0001981941323039453,0.3369956569820915,-0.3095270723132787,0.04153289710392853,0.228117533053534,-0.4211102940818223,0.06140565326984399,0.1601281036802744,-0.4120229035549486,0.07169300319924585,0.11243625101511269,-0.35840612615094514,0.07377742231496283,Fist
0.0,0.0,0.0,0.3090199154079412,0.14398422677935044,-0.06852863730728401,0.6450126583736443,0.08349671586371143,-0.10976921938138208,0.8453179547960818,-0.10654055554726548,-0.15746861552421765,0.8566188580631331,-0.34391426464828617,-0.18094997556859577,0.6856104386522134,-0.4185116145814746,-0.040420141726141626,0.8835159588263675,-0.4352867139002152,-0.1729885175411274,0.703407702939722,-0.19642576577643858,-0.22649639547045797,0.6056329641310801,-0.16076314178928813,-0.24625844720977794,0.5788309621330665,-0.5635720130357678,-0.07027586156834975,0.7724458843134083,-0.4931416914045461,-0.20637739315751474,0.5699028317612114,-0.21929745908406084,-0.22620576087605396,0.500454023311773,-0.25882728609949646,-0.22270394696923188,0.45115059680961184,-0.6918537899948306,-0.12014574393892627,0.657329416043253,-0.5784107958293216,-0.2841132408236838,0.4574006989905009,-0.31094287701393797,-0.2344693005715177,0.3693480478374234,-0.35119313587886136,-0.17135131084752295,0.2997386868429984,-0.8148226572339596,-0.17329650619261064,0.49893831336239236,-0.6483422892151962,-0.27443578574832417,0.3690348676445518,-0.4490092602612566,-0.22058750413700404,0.2744702991915211,-0.4879262285674926,-0.16480554763286445,Fist
0.0,0.0,0.0,0.20590457750032928,0.3857871347823502,-0.06246774179086234,0.4967031051195125,0.6638709923796301,-0.08644650951872714,0.7770689341412456,0.61841165923225,-0.11717888597441094,0.853619688783012,0.33010498514055236,-0.1317597634239994,0.6685128390659066,0.4211776260785849,0.019270902426687893,0.877907966738281,0.4552562778545569,-0.07937549516233909,0.7101226533788502,0.4618467897434407,-0.13579223216474987,0.604594420782627,0.4377606035074669,-0.16325026069116827,0.6542154991244129,0.19886986098581388,-0.006972222438871846,0.8356553693907234,0.21367464513856899,-0.1220687742781766,0.5824886722946978,0.26258267423948545,-0.16435865281261286,0.4864726509939799,0.25349710101804795,-0.16897699468913388,0.612143455376407,-0.022320976932741834,-0.04959176499981627,0.8095172571794714,-0.013834346743319964,-0.1865280227677277,0.5429205495313387,0.07052206689768066,-0.1621572583964198,0.42661439741128054,0.0749920668838762,-0.11048337575177765,0.5437933780151278,-0.270388485991342,-0.09643882230610307,0.7034583619733983,-0.20874501251189015,-0.18669013148813743,0.5274781759331275,-0.11686797626485627,-0.14976734044951392,0.42656398904592346,-0.10622081298570506,-0.10053116052775396,Fist
0.0,0.0,0.0,0.22079467886075177,0.4024946284284317,-0.04596168137841197,0.4828041504267112,0.6821507124856554,-0.07177304702381221,0.745900351036206,0.6205907469694716,-0.1110493704188791,0.8430160926512389,0.36339433036558133,-0.14400788867178083,0.6824242373541866,0.46632812610035224,0.02701993076134416,0.8678020317858582,0.4917377674501611,-0.07150945176315815,0.7129659914169021,0.49614282813228355,-0.14558298039881218,0.5989071039635038,0.4718420271177775,-0.18674862666338293,0.664309029264798,0.23493411290299995,-0.007286421076451475,0.8294771030209878,0.2312945942780718,-0.1101368599283951,0.6107872553491541,0.2716981482564324,-0.16123475514099234,0.49363639036992923,0.2582227081165945,-0.1785677558106878,0.6103050654012766,0.007750581020216233,-0.056871454156744335,0.7912560154337512,0.001960043174677789,-0.18139669085815455,0.5572052076900257,0.08198457519017638,-0.17059827300197344,0.418565770434426,0.09324823100388002,-0.13378768109531947,0.5265045799012771,-0.2348107810311413,-0.10930053102741741,0.6899080087870751,-0.18121235463737026,-0.19502103416931185,0.528253501186412,-0.09718731668542101,-0.16097529551083553,0.4104101433064987,-0.08449690929700203,-0.11570161691688556,Fist
0.0,0.0,0.0,0.3850939016165743,0.20592611605734995,-0.009907355043934989,0.706642836090138,0.20245370928741757,0.008133293218536333,0.9256017017471357,-0.015840145768155345,0.005098010912304007,0.9717230457724357,-0.2360497916071173,0.005900694618185036,0.692955436700513,-0.1652789259470096,0.14879415095767806,0.8173404317312294,-0.38664859893433107,0.09310299667136891,0.7022836206070535,-0.27353482369031346,0.024439700234667742,0.5979959136481314,-0.1682246581350288,-0.017010009070694783,0.5672070356300606,-0.3508615887272484,0.12283100074646607,0.7083600446541172,-0.5579354524527238,0.04865995120664043,0.5725328764478185,-0.37672466836956087,-0.023996741026666053,0.4728944876925101,-0.2518068590168142,-0.06034553745445614,0.4379720296406553,-0.5012531798255128,0.08109034330714024,0.5879785439134553,-0.7109696260707294,-0.005241389390677819,0.4678798549519337,-0.5026632095167622,-0.02999023061543025,0.3785003963315304,-0.35079366785220384,-0.025662610211004588,0.29655788979474673,-0.6428847048449395,0.03923361839790692,0.4232803990081401,-0.8002686924689756,-0.006731931970363679,0.3581815020148873,-0.6313145564612932,0.006350753232894523,0.2903738284287566,-0.47881242969780313,0.028631258541885873,Fist
0.0,0.0,0.0,0.34091387387222694,0.051702958617803,-0.0508339750338589,0.613722858201769,-0.11313653117772585,-0.07009798557481489,0.7411028443387628,-0.39319156367607955,-0.1021799474226918,0.7073050889793032,-0.6411970585063013,-0.12330346052188841,0.551882723388049,-0.5127380023874317,0.04471517914740853,0.7189441935012311,-0.643201645618825,-0.0369202481524541,0.6522911680070234,-0.43506512380414586,-0.09195595674551464,0.5378795097605702,-0.3016004799365633,-0.11269630172060058,0.4473367518324978,-0.6230385098435256,0.02507031312016209,0.6407343839414429,-0.7362294733229995,-0.06806193503787218,0.5483305116961951,-0.48473644715948244,-0.1190090312155159,0.40933494116765823,-0.3601609005690322,-0.1312745167098164,0.3260194153040895,-0.7321327706127337,-0.011750046745248955,0.5455020480164725,-0.829414213897028,-0.12041419100508582,0.46000368605224834,-0.5588527460267,-0.11479819287253386,0.3222158742189792,-0.4355965107499146,-0.07874308249931966,0.1757985265474688,-0.8374767465920603,-0.052435097409756715,0.41074077296095346,-0.866611636102702,-0.12666405665151242,0.3724348806104226,-0.6654029686929123,-0.09806273809874667,0.26517468600844724,-0.572992040408549,-0.05706687783625116,Fist
0.0,0.0,0.0,-0.015495961360831206,-0.3326668213306107,-0.00956460547558766,0.07001568272472733,-0.6248702992671596,-0.06532719791992013,0.24438944148621042,-0.7469710522438532,-0.13045687507478138,0.4072359294816387,-0.7398687075531485,-0.1753783855543604,0.05575630089427066,-0.8947123787503423,-0.07553438986576412,0.42105665554728694,-0.8912968911159557,-0.1682294406647225,0.42544935214373414,-0.7257508005781358,-0.207562833875819,0.3559081822231142,-0.6426668315268226,-0.2234082792884551,0.13066723685184473,-0.8169965014773389,-0.11648295434317908,0.5148129072836287,-0.7560752521869344,-0.18197353451700524,0.4828806092900804,-0.5884285251367238,-0.17397722291121162,0.38989842313362333,-0.5554202369211008,-0.1656223583526231,0.22104525320863572,-0.7004337775313525,-0.16406936137866873,0.5788538585145923,-0.6058616037490184,-0.209411372380882,0.5320351688282943,-0.4488786485690611,-0.16685670553813856,0.4400893487726633,-0.4255267866060333,-0.13898036887120122,0.3139832110325724,-0.5397768012780169,-0.21582892784587082,0.5765037574641998,-0.42258204469380445,-0.23687278938733275,0.5279695107537017,-0.29044215784273786,-0.20647685042246106,0.44496172047070454,-0.2656694083769081,-0.18408053670028315,Fist
0.0,0.0,0.0,-0.03145974301766395,-0.350978191404531,0.026902828859620854,0.04470004573842446,-0.6390546759046576,-0.010213893553698823,0.21660278419668375,-0.7623238891760423,-0.05592365119740743,0.37503960889349836,-0.7282762403840956,-0.09051330292629123,0.09870188754662225,-0.8578279854503584,-0.09710043261634851,0.3997447535365917,-0.9062262130355629,-0.13768871713830388,0.38569850441886544,-0.7503352372722949,-0.1282559149292474,0.3097166295867078,-0.673320211011439,-0.11370292992652786,0.21812786578583038,-0.7150853513858327,-0.13914295808682262,0.5049128496927361,-0.7473834110802129,-0.15124657659492957,0.4621877588631703,-0.5937871693530341,-0.118603908297374,0.3690871558603168,-0.5287177572376212,-0.10192299888908729,0.3392189515970445,-0.5198120066360055,-0.17370089858994722,0.5662920499166104,-0.550044131317077,-0.1734321884836106,0.5095869219051713,-0.4222494548448382,-0.11850971722057205,0.42141542968248297,-0.3646693483625718,-0.0928675357436262,0.44278545459372326,-0.3110881975764324,-0.20519129528161717,0.5939681486443655,-0.35325490108030483,-0.1899032658299077,0.5276223175433427,-0.25521133183663547,-0.1353476960544655,0.4537709956692983,-0.1947332270138416,-0.1007177347442638,Fist
0.0,0.0,0.0,-0.044372423871352096,-0.38177979726514644,0.029196039433517715,0.03172337000585481,-0.6791403305820192,0.011963594343856096,0.20132582223036438,-0.8141998780418852,-0.008591604393825726,0.33191140783516787,-0.7724728263715814,-0.021252272270733563,0.10991731873411692,-0.8015085141606785,-0.09399229625713867,0.35518379171152953,-0.9284140660168348,-0.10904951227542946,0.32888665191984934,-0.8086458973647652,-0.07984455512292965,0.2505221739038939,-0.714782709743811,-0.05173456374315481,0.24598902490774194,-0.6282127843321889,-0.11494706405137593,0.454189697280727,-0.7365145871202134,-0.09684784873532545,0.4032261699372047,-0.6300344590528877,-0.05420265653887198,0.3225331174278539,-0.5491840039089169,-0.03581202512950954,0.3657706718196636,-0.42770292423304146,-0.12483574099860907,0.5158523844970639,-0.5330662319688007,-0.10155831742508534,0.4596492129366232,-0.44273669247427444,-0.05797576353191054,0.37909938158848283,-0.3681463616214114,-0.04433678641883958,0.45615142870162756,-0.23672875717582806,-0.12996921461862773,0.5491223555203762,-0.31907295511818445,-0.1021217086869009,0.4934217472490275,-0.2540353116348949,-0.058698820896984305,0.42781145352541533,-0.18936896490996438,-0.033422622663390536,Fist
0.0,0.0,0.0,-0.11180123012361867,-0.39403355624936404,-0.0484858437715666,-0.07654475997884136,-0.7373748739583952,-0.07882154417303396,0.061711666286615334,-0.9510401090471519,-0.0922369451900422,0.17815599557521183,-0.9794579913422935,-0.09445890342537903,0.25390952914823145,-0.6812044907338043,-0.12037110277287254,0.27462193906344684,-0.9379440222810335,-0.09053133881398823,0.16693679152594532,-0.8616476065880734,-0.049252442162727554,0.10607441736692669,-0.7403675251356733,-0.029867611077795977,0.3831841164432219,-0.531061320476371,-0.09362419518375785,0.3354545248596218,-0.7786253886946503,-0.0544104361475013,0.23460256872921179,-0.7232555137570571,-0.023705971531168463,0.1910988233730766,-0.6135294316493619,-0.022079281381769338,0.4428387667608621,-0.3798907754873843,-0.05652951457851069,0.38631059939559476,-0.612997989987615,-0.029941178080778962,0.29437011262487534,-0.5706399093836007,-0.00955598398880992,0.24366233233001536,-0.4719407021128989,-0.014952867523488816,0.46715038799531694,-0.24617318911695268,-0.02074198220935289,0.43786389430827055,-0.43921991239076197,-0.012359035373270443,0.3589132923144008,-0.407100502225744,0.004960269805752085,0.307616004636019,-0.3264716066006468,0.013872787677365135,Fist
0.0,0.0,0.0,-0.11809453988234495,-0.3503803432657668,-0.0779281755487388,-0.08542517616033204,-0.6748582269796706,-0.11915559150060072,0.0353265475632528,-0.8920435157761992,-0.1386142531649513,0.13022429478328454,-0.9804621291773394,-0.1474301403961699,0.2701901633459234,-0.6291768341751763,-0.12008366065821742,0.20116731071883653,-0.8594990741020492,-0.09726991828938046,0.09297250101134055,-0.7602753877973385,-0.07459481935531465,0.058316114293273914,-0.6412137283989096,-0.06927787356719135,0.3676745202925182,-0.4993154780176468,-0.08255722532418053,0.2660696907280737,-0.7312270039978863,-0.05702561588340033,0.17251422016003967,-0.6677932889097288,-0.043807897346279344,0.14633826147678364,-0.5554456519694828,-0.05265004521045659,0.3983990881895859,-0.36883234631515965,-0.03781450428949322,0.32688874239034366,-0.5911194007174062,-0.019817517031097746,0.24199981220385805,-0.5483819846245976,-0.003933050232081673,0.20393084447249804,-0.44726051932203253,-0.009979729357155355,0.40115871201999664,-0.2503979363542394,0.002077504867707717,0.3698161807531408,-0.4396141756646977,0.007423722387886904,0.29400863380511294,-0.4168830548615541,0.02463214456474613,0.2514254641845482,-0.3374975371467242,0.03361115196121134,Fist
0.0,0.0,0.0,-0.16260745271614985,-0.4184371003723471,-0.11849633629470878,-0.13216719783433298,-0.802459796114366,-0.1619618651678791,-0.04729727942972767,-0.9837325802709154,-0.17330083055794462,0.036628859832269954,-0.9537486541846615,-0.17562939811531922,0.33952840659050887,-0.7857446279406508,-0.13487756599910944,0.1629867013900198,-0.9739228983672491,-0.09542908455563526,0.048261323768649014,-0.8802157862296962,-0.07379107951356884,0.0211216421102513,-0.7682720480547126,-0.07353717650707646,0.42164129328710787,-0.5784723206706843,-0.08189102872184503,0.26038654242489495,-0.801693819944177,-0.03703386212927572,0.15721184419763734,-0.7458232768382534,-0.02651370151686535,0.12008865832671628,-0.6438652141468268,-0.04023824729199257,0.4139545113234662,-0.3883822460989954,-0.0242481969434434,0.293894803277198,-0.5853057931181186,0.0009220521835401412,0.21762263566100087,-0.5559006313884893,-0.0018381638079375672,0.1816215144097803,-0.46893616019346485,-0.021358904295991542,0.365814296228025,-0.2380077343861854,0.026222259397460777,0.2914308931587286,-0.41136659750374416,0.03303083384979611,0.22494126655827767,-0.39100755403096293,0.04668982118710914,0.18390665654648278,-0.32654324080019287,0.052469258404328124,Fist
0.0,0.0,0.0,-0.14748684950132893,-0.4249746388964974,-0.10486358450127509,-0.09865931117945417,-0.8196957551087475,-0.1609898728714035,0.03088150895479128,-0.9519607312639562,-0.19382769369800987,0.11130278456268401,-0.8190445466865783,-0.22002509085857105,0.3601795244127522,-0.7886741721117067,-0.14855820898019084,0.24148320204328602,-0.9580230715810348,-0.15452397046853592,0.13201422632649026,-0.848335585299213,-0.16285306453281215,0.10565461379028158,-0.7199080697000606,-0.1785359222931083,0.4673164032003838,-0.55933874933212,-0.11895665129087173,0.3298968505168903,-0.7296971947867267,-0.10411280955998709,0.22152499794229982,-0.6577746090632236,-0.09881070134368472,0.1899801754011944,-0.5365790643861421,-0.11164489282324028,0.49648095519991126,-0.3312219954245213,-0.0869141659970362,0.37858184435485326,-0.48840421675143386,-0.08775745125844528,0.28353925976893324,-0.43899970677934064,-0.08080267161100897,0.2483359601702016,-0.3281509893941782,-0.08838797745182327,0.48677508399726305,-0.12623586327848726,-0.06276247981594278,0.4049916068568056,-0.2702388959477111,-0.0737845714557171,0.30961304220481956,-0.23031038258159367,-0.053000077959945095,0.2638908490523932,-0.13552793550270859,-0.03719568991012663,Fist
0.0,0.0,0.0,-0.0044973097154422294,-0.43413904770541245,0.047712869018016635,0.10160827173205836,-0.6702427799543252,0.03318590069021177,0.2771827212175898,-0.7585550713136148,0.013439102947481475,0.39832635188460724,-0.7118862427131263,-7.55965030250512e-05,0.3417091143652996,-0.8935636404081073,-0.07688073655029676,0.5177409588382066,-0.8548182355506005,-0.035072549257968516,0.465202227899733,-0.7156562862454332,0.03047599718023993,0.3876586941041783,-0.6298420020319915,0.0697952732497649,0.4993840102807044,-0.6791714942845333,-0.10473408355391133,0.5798985731921168,-0.6140932648196126,-0.02753903784080301,0.5015978781162128,-0.5105672226012707,0.025809034911339113,0.4239157397790292,-0.43359169565278366,0.03572437025563392,0.5930907360454696,-0.4172360879669589,-0.11383993482803807,0.6027631588622806,-0.40021110187714964,-0.03823153105817182,0.524685589921038,-0.31427846025610123,-0.00011356686275736544,0.4378134269266343,-0.2413985616259435,-0.008292494633201274,0.6489407566608194,-0.17692407723794176,-0.11828152246029235,0.6158047591351188,-0.19589931076055336,-0.04796316230402489,0.5377396917799839,-0.13845262018036045,-0.0011350839220097598,0.46353326615435403,-0.0881546626648879,0.017931515429846695,Fist
0.0,0.0,0.0,0.07396330291093721,-0.39030424572566796,0.01861998250856072,0.21487316634908193,-0.6131598172713473,-0.041359860040814496,0.41570837657951043,-0.6068953052034909,-0.1163889560854204,0.5813221572745146,-0.48639879946146763,-0.17429649386762452,0.28423753551193376,-0.9284286791147928,-0.08695131247260587,0.6280221415051375,-0.7605810113632581,-0.1646350962976741,0.6279222813284712,-0.5472643223648131,-0.18489342852177298,0.5346978879241104,-0.4453435980232105,-0.18746939257527565,0.3986200646762992,-0.8058698371570495,-0.13913376013193673,0.6995336535113559,-0.5552950181543059,-0.1928903842403809,0.64856919260196,-0.35447977995921076,-0.19032135078122897,0.5443038407392551,-0.31949592821722855,-0.1896225158508642,0.5086269295622005,-0.613959592954917,-0.1891143281570343,0.7565693150719868,-0.3324017382135571,-0.22236711491488312,0.6752214266190921,-0.15494305011552453,-0.1842930192095665,0.5631473070311575,-0.13504941247318758,-0.16411330824396236,0.6022236374759828,-0.3849904919666992,-0.24006720081458563,0.7566465204026035,-0.12736792921194745,-0.25336939609426373,0.6703613659612763,0.003569330613143276,-0.22029542612291558,0.5690936079390397,0.009919245488805382,-0.19400022949862564,Fist
0.0,0.0,0.0,0.34056820230510604,-0.06848749534706264,-0.0035669672820062884,0.5137279234755789,-0.28535175547847685,-0.05487672258432409,0.6261017999316537,-0.4071862803765978,-0.13166023026699997,0.7100797322159408,-0.5444575323551682,-0.1855456618497528,0.23771068398294531,-0.9005971649187526,-0.0005619010116650851,0.6221072721793756,-0.7688258879811622,-0.14795031555057167,0.5674166391367592,-0.5293843467254965,-0.24364579945735448,0.45774682541672457,-0.4499654670710802,-0.29027729348881814,0.1865186195896208,-0.8942098344780748,-0.06657381160846067,0.6545403120218427,-0.6930335664219697,-0.20644518846526289,0.5643291794443783,-0.45508804466099745,-0.24028702285217557,0.43787217857487554,-0.4230321165788655,-0.24444191238094853,0.18557641157023777,-0.8308309178752805,-0.14937953698203535,0.6202568533371852,-0.5907881404835349,-0.26568014320961203,0.5247770123626736,-0.3620881420467813,-0.22694224826836978,0.40568511844880883,-0.3295318266553864,-0.1810633350358933,0.21590391075083326,-0.7135441608232932,-0.23738049466867142,0.5558281661560942,-0.5117183748981562,-0.28026010165387943,0.4760270323082472,-0.3260828253473204,-0.22769193644874075,0.36161475251126957,-0.300856905488169,-0.18671608319341823,Fist
0.0,0.0,0.0,0.32132427267384794,0.031404908195669025,-0.08040841388649672,0.6166726365599088,-0.15092078549047994,-0.1050012285643041,0.7615483410042613,-0.43529526853834494,-0.13215590688660084,0.6963270050575051,-0.6869559632814779,-0.1373736508005827,0.4809222746668071,-0.5981262322710496,-0.005293733358543997,0.6453148586663597,-0.7498954501890562,-0.11746992331670078,0.5682010934960046,-0.46069323407501594,-0.16554375451232042,0.4706216830475509,-0.34330195831552596,-0.17600111690559442,0.366218141652798,-0.6776798274149614,-0.013338454849891277,0.5530551664780518,-0.8070508106301353,-0.15010792074489449,0.45646530048950396,-0.47189799884144956,-0.18992925588528187,0.34508419448330757,-0.40289348157755295,-0.18383250465889914,0.2397414219624389,-0.7561279960765356,-0.04127861204927687,0.4425750065247373,-0.8755004143612979,-0.1939752253583549,0.35868551682251626,-0.5297386767620246,-0.16446126606954958,0.24830172963975586,-0.447526102604666,-0.10225404536273891,0.08067442366720559,-0.847843629503831,-0.07394855037669151,0.3057509023478363,-0.8858566000141005,-0.17402408159124372,0.269856225870401,-0.6370841546655042,-0.1352843914485272,0.173661825619165,-0.5661774120004724,-0.08022578051870671,Fist
0.0,0.0,0.0,0.3435401126936915,0.1776854720115052,-0.05229050141816547,0.697549601230213,0.15816854168194588,-0.06516578042279478,0.8972158687736879,-0.10614927917763098,-0.08413653333104641,0.8537665084868434,-0.3981277085194295,-0.09056900574568987,0.7152622953500625,-0.25449107779373137,0.001512642301454996,0.8728526726594636,-0.39677738848461663,-0.07539860575578276,0.7296176507896056,-0.19762745425306455,-0.11390589050207432,0.6272535460672,-0.10455471180145164,-0.1329044179374092,0.6034169396019685,-0.4125485579971195,-0.023670066909543576,0.7800178772278742,-0.548597843596651,-0.13429021390955165,0.6067786738553048,-0.2899396160513882,-0.1744737000648889,0.4977221626756385,-0.21845206755904586,-0.17805698951382432,0.47515910023629615,-0.5585598237927192,-0.059892709075639754,0.6776042490493307,-0.7116554346407538,-0.18546973881626222,0.5117176672031265,-0.4204246922713565,-0.16206236005740932,0.39804756257118273,-0.3268060196494188,-0.11513014916536464,0.31019895866571284,-0.7216840810277768,-0.09843427013412143,0.5016456511622075,-0.7828603477872678,-0.18675152454158253,0.4045971129049687,-0.5522754730317426,-0.1509599301238226,0.3106928745551827,-0.4586575330053099,-0.10442815593481002,Fist
0.0,0.0,0.0,0.30418671646175044,0.31166765922686424,-0.05068990079485166,0.680209316471113,0.4319866701567745,-0.05986565726245821,0.9620044611248766,0.231865482397072,-0.07842080829838827,0.9556666882910846,-0.10053550944428016,-0.08125542144250093,0.7940100716264166,0.10066874291955323,0.04193847893996384,0.9976839851008256,0.04897515626905215,-0.04720275353999424,0.7771555361266456,0.1564576728219006,-0.09893887827492129,0.6633284014110751,0.19051886086323566,-0.12723236537999277,0.7220843640065024,-0.12938239339256571,0.01019379560060859,0.9265843918113015,-0.184118645272862,-0.11067424514483704,0.654507944645816,-0.015585144381348387,-0.15298222843019543,0.5518874481849817,-0.0005324330233657216,-0.1524215375550879,0.6262697940945802,-0.33942747154920616,-0.036368773531317636,0.8506029102799417,-0.41761582034392375,-0.1738220393013944,0.5817521156736992,-0.20622137759184841,-0.13868239890499415,0.4649731415560885,-0.16810358084285676,-0.07785613648884959,0.49570148920469026,-0.5727278016737178,-0.0860448194816358,0.6827624572027872,-0.5741434490883048,-0.17138033342893408,0.5140917158141878,-0.4038672276267406,-0.11974336683144299,0.41177859131823785,-0.36549949289218026,-0.05915864748147042,Fist
0.0,0.0,0.0,0.3267739461728485,0.3274690940668043,-0.03652929792875327,0.6722475702918247,0.4788995596678645,-0.035692259163040294,0.9454895035753356,0.3217997647014284,-0.04994507049720463,0.914607227233933,0.00874568994854651,-0.04548238625399141,0.7465864792146062,0.22071299467185213,0.09580968084771527,0.9708701134733188,0.1717681231970806,0.014426228666149527,0.7731566974636137,0.24923928034368492,-0.035595788340149155,0.6651560093438788,0.28383118956006337,-0.06139193214586675,0.6764696275083644,0.003685862482360788,0.06387554762184294,0.8648004522101428,-0.0736350512666462,-0.035626385916139314,0.6159854098659537,0.06250760426874864,-0.06999883294134894,0.5439453337984388,0.1006638022037316,-0.06983841114328786,0.5836478774270504,-0.1990280457386817,0.013483046761895818,0.770769859719658,-0.2715522394206771,-0.1066792705470334,0.5251912198386889,-0.1034425792457674,-0.07922644038215852,0.42987829632064317,-0.054566660054917344,-0.02715085453165639,0.46531432665492356,-0.42193971100073546,-0.040635740990944684,0.6099778514026052,-0.42783222802196247,-0.10338225131447785,0.46248601284049157,-0.2846854720671748,-0.056693491765115574,0.3796485534710084,-0.23944406405250193,-0.0038440058366796333,Fist
0.0,0.0,0.0,0.20843573315077868,0.2524140912898383,-0.12254658003980257,0.5077503157928706,0.4802284957587983,-0.1737990069011792,0.7810189800077026,0.3379671757037615,-0.22057033650993998,0.8812294064638834,0.03134219441885525,-0.2336629704730579,0.7797301441353157,0.3193387573842872,0.006173487221759641,0.9515896415106943,0.2759438489488278,-0.13539625695289612,0.73806297048106,0.27867493630558704,-0.20985587067589195,0.6674197849423325,0.26649883850670214,-0.24034740447262998,0.7511449078662785,0.06555333314769247,0.005010278190470351,0.8883216220547469,-0.013437615561118735,-0.1360047294121953,0.6095766717847277,0.08353461981142171,-0.15942665064050193,0.6006452779964071,0.11596845314857884,-0.1413225342455671,0.680765857697243,-0.16632911784379584,-0.026752254426185007,0.8208502319279631,-0.26137406959076953,-0.1814394390701309,0.5549972586745486,-0.12767724844067324,-0.12420193765913135,0.5240348040782846,-0.08448044153248273,-0.045474542001024874,0.5839327456803827,-0.4158832200981726,-0.07019726208207518,0.6793109421882964,-0.4480868395600332,-0.14408540604257478,0.5257249086150391,-0.34566075154726594,-0.07895282945777994,0.4962683874552923,-0.3202242440739837,-0.007050842703161467,Fist
0.0,0.0,0.0,0.12086245342498318,0.3064083399432301,-0.14657328159699884,0.33703487786237407,0.5679765845751337,-0.2226217550134297,0.586833212854516,0.46329182210645636,-0.2894124576196071,0.7509108094182056,0.25015661285661717,-0.33180080231727455,0.7066399291590454,0.5077894072832846,-0.056257892352151014,0.8531508729524634,0.47510850934514953,-0.21541934065510346,0.7917331119344168,0.4014034819470989,-0.29928069142565394,0.8232037489983244,0.34817968460705123,-0.3383307448917107,0.7333939125958612,0.23833712246592814,-0.057752481532243265,0.8637919883228783,0.14144442175783856,-0.22446607572935348,0.6862221204149496,0.13261554415276944,-0.2730386336220884,0.7248169682764231,0.16932737466100078,-0.2731992454716032,0.6998573525109792,-0.013003997305954166,-0.08925361929882501,0.7801539918273757,-0.13647933878511048,-0.27307610388040854,0.5269249491862584,-0.05931101709613226,-0.24633074889583018,0.48672109207914155,0.04397935245158723,-0.18690894159698518,0.6295917926118911,-0.26080972922151446,-0.13376124545370102,0.6761962969076335,-0.3434286047695097,-0.24447793112541885,0.5116397117466454,-0.2707906146983963,-0.21478909134815152,0.4703261568431538,-0.1779754489623347,-0.16667814470030298,Fist
0.0,0.0,0.0,0.08954232876783748,0.290479161189107,-0.1255567016553165,0.22847649465700176,0.5649838505899276,-0.2147902492942299,0.3896257422507384,0.48493113353121703,-0.29824882311771633,0.48099684391219766,0.2697903691794409,-0.36296697004335904,0.7460714324806452,0.47309467571304625,-0.14044557913318592,0.8537444983012391,0.40676323181754986,-0.32506000194073054,0.6682976534139465,0.3538911036983294,-0.421240668608681,0.5694796600153734,0.3579422244864362,-0.465876701316167,0.7562941597757958,0.16680697950549742,-0.16526695428909205,0.8420212206781218,0.06631464941494009,-0.3439141794983205,0.6236692421147565,0.07964216502858924,-0.3870056676407302,0.5677658928038222,0.14885751331352828,-0.38896605814827706,0.7067964444074836,-0.11521616072350305,-0.21397457605786283,0.6815722299041029,-0.23429541707236282,-0.3812048631840128,0.46659995800399506,-0.16253716537275506,-0.35037476060015393,0.42579557690799813,-0.04154753686061403,-0.3009478969466886,0.6105469112418171,-0.37216057776437705,-0.2753684654883892,0.5712573192725194,-0.4610003678537255,-0.35901034102696927,0.4217988556329977,-0.38221116163382535,-0.3170874383984864,0.38978784549784723,-0.26624691633075936,-0.2701902661974043,Fist
0.0,0.0,0.0,-0.039248123849595695,0.4216242683885864,-0.21450478765637537,-0.07557070769196708,0.7397321093293658,-0.39049496442912673,-0.08578660569363955,0.6997453571040169,-0.5378625819865578,-0.08632711800359313,0.46854958555478465,-0.6635895921006273,0.6271277925470189,0.656691721196041,-0.41888747310904895,0.3982853344631804,0.5154394689187005,-0.6348069690035881,0.17476264512641845,0.44854319094569145,-0.7393234714732703,0.1302949851638266,0.47738924250648473,-0.8027480198900617,0.6988195756068164,0.24668034314662393,-0.41534179262016746,0.2357906156009963,0.12683676352118625,-0.611296200713799,-0.03442990980664838,0.18897982204990954,-0.6423739455760747,-0.07139578356227855,0.3127220987607241,-0.6629240826483682,0.6600342446223892,-0.11589427680586195,-0.4253581552462803,0.11757013904032687,-0.15437744163657188,-0.6002752604279517,-0.08813032658272477,-0.03181368144365684,-0.5599744002702157,-0.08072290000394042,0.11780271007409175,-0.5220990426087663,0.5608998626457887,-0.40335794754516596,-0.4584973741222789,0.11296766008088874,-0.3913146637567272,-0.5676960816065346,-0.06023433161019833,-0.25930808890585816,-0.5412010432504897,-0.06153461511715657,-0.11216012176920509,-0.5093906898435113,Fist
0.0,0.0,0.0,-0.09776895442990573,0.4281263726566787,-0.19864637899757828,-0.19583357469540003,0.747239892020822,-0.36374439675539244,-0.28211865875009984,0.7493160941494905,-0.5077074001219859,-0.31899914041889665,0.473147196382932,-0.643091141573424,0.4365646232741403,0.6150886640285117,-0.36709724639649843,-0.0007883176324352878,0.5159092228342652,-0.5839975024735509,-0.13530730192757223,0.5150119461739234,-0.7345327162961431,-0.07141021436159296,0.5403506204200854,-0.8384043107573219,0.48259355162565587,0.2227032821432951,-0.3708699994611876,-0.1345918728386765,0.17125667917607684,-0.5243480415057634,-0.18815710280477724,0.2290130003957009,-0.5819170952366013,-0.030592256192050117,0.2788487665506954,-0.6503209842411658,0.4313398229582653,-0.13601058292587806,-0.3898969463476539,-0.16364001326989674,-0.14650167395933525,-0.5150585835253509,-0.1854467703473148,-0.05352430024549778,-0.5034967784766681,-0.02077697278279539,0.02363625952026041,-0.5099951659206204,0.3319366700034629,-0.42770688974392357,-0.4346938246962246,-0.11651364510385775,-0.41723065675972637,-0.5306761687877555,-0.13553306951884342,-0.3245143735467215,-0.5332890829033717,-0.01780125126936849,-0.26947221610543826,-0.5397077601836842,Fist
0.0,0.0,0.0,0.010020444548188684,0.5012616680944785,-0.10239491351780719,-0.056899813700546566,0.8280993623872484,-0.2491541742891238,-0.16269421385210855,0.9101911955321981,-0.38089707317687854,-0.23018853726127567,0.6837371086325021,-0.5061194638235357,0.3336922152054604,0.6632227477995873,-0.3972262130524718,0.01923176247806171,0.7255976258572434,-0.4896696053992292,-0.03160720083224903,0.6714586572798417,-0.4673263698233793,0.029295999297856146,0.5885519014806284,-0.4513522693497897,0.2707168678236102,0.38462571830212006,-0.43171449455358324,-0.04072269096778477,0.4704589570517869,-0.4996571413433142,-0.058833113691141595,0.44476500089430254,-0.41691112894105387,0.040409705026602495,0.43731786750614704,-0.3753445029390668,0.16343301523425735,0.1067046353969674,-0.46257510155535364,-0.057363754177969836,0.2070248727970118,-0.522962100283906,-0.06841074109291684,0.22789936066348448,-0.4292687283846018,-0.008760515133931482,0.2223708439748562,-0.3765088943607841,0.0690109528155133,-0.12811184336744416,-0.5042504998319615,-0.03381793774354637,-0.09053949113849777,-0.5607171242458079,-0.05490855335047334,0.001832191363505283,-0.5295310376253677,-0.0351381459316609,0.044816624358928206,-0.5104214749052058,Fist
0.0,0.0,0.0,0.02065877501492127,0.4001689803452577,-0.07709403054006457,0.05290930156132872,0.7433848703546354,-0.17002360569459038,0.03945428910279737,0.9647090401205614,-0.26034559143772296,0.017514818822559907,0.9077412373321244,-0.33726244171622427,0.4887517079998817,0.5943862868167669,-0.19263354557436405,0.18841526096759706,0.8985860577821589,-0.31241150758866776,0.09528353790142752,0.7669454393387839,-0.377289715589267,0.1345935500501185,0.6500069510057597,-0.42697354922511666,0.4399607066663763,0.38118540789203736,-0.23161381784634372,0.07308861673123028,0.7418198925383004,-0.338821961687256,0.037468819900481155,0.5886268362359832,-0.3535562456253722,0.11411049392420346,0.48870329928501705,-0.3769159125103918,0.325331717438353,0.20197658276073313,-0.27661990727967356,-0.023760254932965127,0.558938056166641,-0.352084881720871,-0.03134559206534698,0.4298900328911764,-0.32451247015451756,0.04894738046632793,0.351051220186416,-0.3177309193918675,0.1898184018058062,0.06162002266550269,-0.33477467277278183,-0.07322150339948617,0.35180641986806666,-0.3775766084141266,-0.061871558144701355,0.2677788573631573,-0.36808965712656233,0.023370968184261917,0.18873122275113766,-0.3706440473773491,Fist
0.0,0.0,0.0,0.0956326789726008,0.28026649703928763,-0.047403766221725575,0.15933679848693602,0.6438937341583721,-0.12394334586455696,0.11995197868831856,0.9240917840966774,-0.19342330465345856,0.03676280372765074,0.9580395330339241,-0.24751942799135002,0.4552805895345707,0.5389463218437451,-0.21998542126386708,0.2111147935467641,0.9286996608294802,-0.3048728979770354,0.1308992648621099,0.8177267786367038,-0.31267430170567434,0.16249856244898297,0.6890477945731279,-0.3193619301808275,0.3771553816299185,0.4206978036048761,-0.25619294508875634,0.0948777477117654,0.843508072640072,-0.33184614456001144,0.04659346268541531,0.7089822298425771,-0.3000457556535855,0.10677747753256034,0.6026534610831237,-0.28777501905871555,0.25486613575805356,0.32261467368043767,-0.29082038380450853,-0.0180025941333884,0.7165572660346338,-0.3451650333095087,-0.04370526344396144,0.5755900141946863,-0.29127515998811915,0.01880013706983541,0.4738402670176215,-0.2661630426464389,0.11022041144864289,0.24114439331944088,-0.3313978272327435,-0.09989932677550599,0.5607594734568259,-0.36034116480232936,-0.10762848078644133,0.4439771994890016,-0.33291649728579076,-0.044175669500713104,0.33354551912899305,-0.3229332862925033,Fist
0.0,0.0,0.0,0.18249612371976737,0.15319165601624865,-0.007873067246009792,0.24616314079343374,0.48066199106906676,-0.06367352538837323,0.1866748333330563,0.7607128377933663,-0.1178987572623122,0.11666594310987399,0.9490419256558682,-0.15339496941242378,0.4627299636848663,0.5504800267666421,-0.1443557475055527,0.26702065797117686,0.9361664513551397,-0.22867519230070532,0.20192659933590704,0.8473271635894651,-0.24476182402051133,0.22625072474478317,0.718207525945693,-0.23918309601214513,0.3581467061397758,0.49963411010711833,-0.18272136955463317,0.1445745960219973,0.919216429464823,-0.24492865795365057,0.09288632085843598,0.8000386966744067,-0.22040999304191394,0.12833645714481406,0.6752373064492586,-0.1989498319545098,0.21520430937595825,0.4616508931605108,-0.21972326341055204,0.008426314653155647,0.8510735025383356,-0.2530651150256535,-0.022858760083835607,0.7181492214167032,-0.1887751730193675,0.024497619597199604,0.6006850303453234,-0.1469189221466863,0.06118820111551162,0.4276917805593092,-0.2582934972336528,-0.09237096996549275,0.717460048781903,-0.2591571740135054,-0.10998865514190008,0.5977016727608359,-0.20726012441643368,-0.06567590289554406,0.49291882592924097,-0.17436486474833676,Fist
0.0,0.0,0.0,0.18440341008830377,0.15297628236657856,9.381179572357926e-05,0.28981194047837583,0.44186852238168794,-0.042005328144151144,0.2843010683573599,0.7078555252774521,-0.08601063389828834,0.22786668669917928,0.8881453462083734,-0.11276876362916907,0.45111337442104743,0.5482932405520473,-0.10948646124876855,0.3091755779356963,0.9340291270328909,-0.1788855831594713,0.23965676321104035,0.8289685057366353,-0.19253072492743803,0.2500829409747053,0.7097609021312291,-0.1883782659435504,0.33375606866709445,0.547961775908565,-0.14507544655212506,0.1714328994187216,0.9390989708834994,-0.1885651234401937,0.11451499148294476,0.8178199609137136,-0.16862225250901744,0.13996763245977564,0.6994405236022441,-0.1523725104106032,0.18428156265510495,0.5473555106311856,-0.17856019850477975,0.03340947649062056,0.8731115523366247,-0.20482026446959112,-0.006529932726963975,0.7415656578329168,-0.15061442778628747,0.02506074793151831,0.623709669169433,-0.11568974626837976,0.03179930723922756,0.5404448789726907,-0.21228623066433264,-0.07036253390234233,0.7770652635861891,-0.21351272909558014,-0.09657043083909818,0.6501576947062491,-0.16326806083233736,-0.07633652533246753,0.5431976403334455,-0.12890291164334441,Fist
0.0,0.0,0.0,0.25598893166925774,0.06066357627095001,-0.003179044270354835,0.45813830872824307,0.3095666856529569,-0.046197685311148345,0.5505371895487969,0.6019024259814566,-0.08937364890545389,0.5823959542517847,0.8048730106896929,-0.11399293458132713,0.6199138905806973,0.3391220233510952,-0.11081780274820022,0.5476864457811115,0.7883463230010174,-0.18460263867521326,0.4478827458174823,0.7195387942016668,-0.20049224814066527,0.4206168848243761,0.6016190023901664,-0.20049691277216672,0.48568782581763636,0.4085873087868361,-0.14844692006034504,0.39763306836022055,0.871800504083652,-0.2009748267934111,0.31728468902693285,0.7802956049763964,-0.18460593733985758,0.3103497624827069,0.6543267226752538,-0.1692649088831625,0.3255772122483887,0.4821205016493305,-0.18490036132381626,0.223244787937859,0.8791334791826677,-0.21660401613070934,0.16297182006179617,0.7700353919656965,-0.16699794156814823,0.1767487874039639,0.6465687284418014,-0.13654523630269347,0.156646870377086,0.5422902373067445,-0.22193301612939342,0.07415816629431388,0.8254459828404049,-0.2280843136445016,0.02429874847444389,0.709851473503468,-0.1863281163838778,0.03678531308350221,0.6028301209193137,-0.1581338193432368,Fist
0.0,0.0,0.0,0.30956341221547906,-0.19876171216816343,0.028066372803593136,0.5758517128699648,-0.18885310988689918,-0.00277555540368863,0.7243033962340613,0.011863720109286994,-0.04112375863855973,0.7565211328860757,0.23625638823915635,-0.06128198550497555,0.8329430691226755,-0.16754921418928867,-0.05906531117475981,0.967050124373803,0.2418830194567152,-0.07941449393602183,0.833954820680316,0.25770807631582304,-0.05895400112529004,0.7401798046825021,0.16376773324991248,-0.04036263180041354,0.7814414329505234,0.08010271796177165,-0.09919104776632372,0.8655267797845223,0.44329773007671575,-0.08615431175612634,0.740672529444542,0.4269644177309893,-0.05062664813815487,0.6545313655683159,0.3240868941566617,-0.03460730457608176,0.6851619623666018,0.3307768790167518,-0.1332337541481518,0.7286532515939094,0.5931764866331563,-0.09846983191571025,0.6196658908711765,0.556743911726906,-0.04554988598174124,0.5416432880207311,0.4542133245000238,-0.02824632214710138,0.565548580085288,0.5530245536858449,-0.16818647957924035,0.58891330273628,0.7010015479680575,-0.12612545736263775,0.49016883061659183,0.6433349656248013,-0.07494234194810193,0.42198606901681585,0.5616413503759351,-0.044335530485820486,Fist
0.0,0.0,0.0,0.12315828404152156,-0.5046485242069164,-0.03131617467427611,0.38042474002555554,-0.780084144869464,-0.05516999875410233,0.6225310116423982,-0.7678253270311874,-0.06975170105928824,0.7161171519722779,-0.6153215066910941,-0.07761838451642103,0.6511651837310541,-0.48483596100763365,-0.10048181390871333,0.7980921362623716,-0.59247275049988,-0.10965847870215539,0.6872937280593877,-0.5944191993274295,-0.10503751041589167,0.5712407986188401,-0.5514892165629217,-0.10645814376855167,0.6938522314741266,-0.18442107865020443,-0.09381660122396204,0.7700714864274426,-0.35283936938636534,-0.06426822222260187,0.6665660766276309,-0.381436928050202,-0.04149079108573367,0.5625841975291589,-0.3309039697115866,-0.04640918933252704,0.6714829132376394,0.05575309264340979,-0.08215080335845355,0.7189539502317479,-0.12930971049315249,-0.06296948157879408,0.6259180008261781,-0.16309920122915253,-0.045057913526481336,0.51958667783914,-0.12900740235038868,-0.05407234203898106,0.6214370618819224,0.2514374997976179,-0.07296534082906465,0.6415915153048546,0.07170170258424115,-0.06561994255397001,0.550786263545194,0.028548575838740764,-0.04776980790121928,0.4583504774410521,0.04726397323347574,-0.0396307347882421,Fist
0.0,0.0,0.0,0.048628589134069436,-0.3930586556261853,-0.09594769946102899,0.17775035379905813,-0.6993347094658736,-0.17835267619238598,0.371399682043331,-0.8407714001402111,-0.23178833500466436,0.5177772027606351,-0.8128657112704611,-0.26675101451004757,0.2981508954584231,-0.3289603005528213,-0.2903357070874955,0.5798816796891377,-0.6586621138936211,-0.33769141490798094,0.4494197140879372,-0.6610113221120878,-0.30858291904734325,0.33942564223042376,-0.5578365233919103,-0.2850347721574715,0.38890089498937436,-0.08372735082283943,-0.2589863020739436,0.6538996834741422,-0.4607938444357765,-0.30107662371290883,0.5303424129476416,-0.499049649814547,-0.2588109457381508,0.43836145601462595,-0.41521630862716497,-0.23716595553754927,0.4559155592019856,0.08716269792548062,-0.21845152021083525,0.6780444983988636,-0.2813284406092726,-0.244639089530206,0.5670923156222668,-0.32271568408502543,-0.19075487372343067,0.4808587649122916,-0.241821529165079,-0.16642471995457267,0.5004715997546981,0.1985699046829258,-0.1822186485038397,0.6543551272188105,-0.10532294006887814,-0.22532614970192985,0.5688998186310612,-0.13678192967468117,-0.21035427612359817,0.49299497647528795,-0.06404735376923755,-0.19781149706572135,Fist
0.0,0.0,0.0,-0.2196961828218981,-0.08078707059279046,-0.23764211595007154,-0.4999132257229925,-0.08708649712313318,-0.3779018714523839,-0.5934955534402161,0.1643551292025023,-0.48558907976018134,-0.5160883863515964,0.465326353189859,-0.5659157406481777,-0.7599188875782891,0.5510646767039818,-0.22136618133161623,-0.7105766921273937,0.524724787426174,-0.3953925593597591,-0.5845889798708047,0.39327762673330563,-0.4752973314590358,-0.5327923181589683,0.3874332029506448,-0.5102673965040435,-0.6133774900505135,0.7691940694887696,-0.17918855477579468,-0.4598794138219255,0.672916797439695,-0.34285014674158587,-0.32896266100835647,0.39624613386823365,-0.3729605264146245,-0.38585156570157264,0.39562792869615193,-0.3663768108473662,-0.4265155073071632,0.8788394438482078,-0.166011215757705,-0.2638671060371914,0.7896200921185202,-0.324602367931336,-0.18899811075096706,0.5260196513607386,-0.29803538645482,-0.25513472416717525,0.5152288847583391,-0.25614912182035254,-0.23019772105899308,0.9433913804286428,-0.17447997193501233,-0.11626793233751798,0.8640078974485629,-0.2657794092925196,-0.07308814820106525,0.6689506044238015,-0.2418831723614285,-0.12485558311770108,0.6312943338587077,-0.204451538944246,Fist
0.0,0.0,0.0,-0.22015185101826318,-0.14084452316706655,-0.2138006538411071,-0.534801622863453,-0.20788916278242772,-0.33526728264251365,-0.6636391768080474,0.06126003644620345,-0.4329209878941347,-0.6269689663409478,0.4029952335442032,-0.5051302615005494,-0.8169376577168795,0.3442926471086777,-0.16552860622409105,-0.8375026379444973,0.4165496406376826,-0.35366047039586695,-0.7141136661484523,0.3541219766233483,-0.445471457473896,-0.6646599738451313,0.36187384903148906,-0.48440311799616476,-0.6806173340453818,0.6101738924825914,-0.13709925931200168,-0.5893036866643282,0.6284539037823678,-0.31191050827789657,-0.40390129486543364,0.36032420220559,-0.33580951609920295,-0.45334160350088043,0.3155297155232872,-0.3182065169891499,-0.4991726097815563,0.7686765411781151,-0.14180896229154033,-0.3884186000898862,0.8016949593934062,-0.3176707804586131,-0.2600696149919614,0.5306834812524167,-0.27134865528775287,-0.31442692727815846,0.47824367175087446,-0.20907737228590967,-0.2977578937871609,0.8819197831558617,-0.1661636807554999,-0.21631047846132417,0.8955152508226251,-0.26379683947816357,-0.136047712650138,0.6876811819739708,-0.2182519415829293,-0.17303939102326427,0.6164969608912699,-0.16181640880137954,Fist
0.0,0.0,0.0,-0.12408848103504397,-0.42242762036819537,-0.1175763420664053,-0.42636398250826374,-0.7330458382758661,-0.17571352085030062,-0.6848600230764412,-0.6906040291076988,-0.23244961555560592,-0.7618584677945455,-0.4101543514847864,-0.27391655262720166,-0.7642066500892459,-0.6261736061730098,-0.0810495172496345,-0.8778265420039526,-0.3923123158244277,-0.2356461906001033,-0.6633006150613365,-0.307302662760536,-0.32728176673405873,-0.5503165879104005,-0.3798493427414974,-0.38083873028883825,-0.7594176861374538,-0.3595100884246893,-0.0995705827894753,-0.8180903494864199,-0.056664644397032456,-0.2630146968999263,-0.5731166613903749,-0.06473833656353715,-0.30913329950891066,-0.5043978564603807,-0.18432395129269208,-0.3145914450245145,-0.6965020512359428,-0.10810364948799944,-0.14265042053493912,-0.7410589436636487,0.14889550638082968,-0.3134433789220361,-0.5049503699414867,0.09209214078789722,-0.2929556810691025,-0.43969449660863025,-0.055052751526724335,-0.24480927395300006,-0.6068857873820488,0.09122092425159535,-0.19745981714321495,-0.6495151665774929,0.23117899153247462,-0.2888369064846819,-0.49152227674349136,0.20443449348395223,-0.25180320834949466,-0.4394235752986888,0.11138956335395893,-0.20387361238454826,Fist
0.0,0.0,0.0,-0.13939365446663873,-0.37835044387557293,-0.136722941713345,-0.362968575018321,-0.7119531055276109,-0.20869766205426812,-0.5763523185801386,-0.738285862772284,-0.2705840620732482,-0.6529007720630067,-0.48483219577141595,-0.303701399084367,-0.7213875274124353,-0.4856486902969249,-0.0876454250662709,-0.8538812509253929,-0.47936628980450285,-0.20271844888206766,-0.6461639949887568,-0.46435524043116844,-0.24625031636055966,-0.5787318551601504,-0.47039489026263853,-0.26409787262407336,-0.715001210449114,-0.22065343419643862,-0.07843761276415558,-0.7619606341493829,-0.23859154783542466,-0.18929775937945875,-0.5023710425834043,-0.27065315374363946,-0.19480063294760022,-0.5082680094666402,-0.31008976123497656,-0.18418084932199216,-0.6575135924121349,0.01142032532735043,-0.0931813965602953,-0.6769642122373282,0.005359256319913986,-0.20642197222127548,-0.4563571862554833,-0.06374547572360638,-0.1733206438130274,-0.4611440374093382,-0.09406353839651863,-0.13435665267055202,-0.5811234400266432,0.21868934038360752,-0.12205945193752707,-0.5604153360790921,0.1959870219070227,-0.17534970633733454,-0.43281940835800264,0.1257673771311705,-0.14931662232932608,-0.43938271241856675,0.10928732927281051,-0.12241604774990436,Fist
0.0,0.0,0.0,-0.039834579911080664,-0.34329038179250365,-0.15875471747036343,-0.16753348815629795,-0.731283107727807,-0.24539514277760668,-0.3579938379054053,-0.8527789988994304,-0.3105899661361133,-0.5077037961614349,-0.7123368804293125,-0.34759979314688416,-0.5891034707919425,-0.6573132574922248,-0.1429696965503183,-0.6017218936290314,-0.7546360807303996,-0.2616393479340488,-0.397582845130806,-0.6232222324954284,-0.2994358079569841,-0.3872826884778847,-0.5455730164029204,-0.3141845099200766,-0.6603828604786415,-0.4312698813816717,-0.12337033651078472,-0.6236821393313985,-0.5271539532852745,-0.2399957398061444,-0.3615713728071101,-0.4106814631764937,-0.248702119723778,-0.3957667856499244,-0.40206529703632915,-0.23904696656669874,-0.661707552249833,-0.2028879507143223,-0.1233125146487932,-0.6151287281849263,-0.2782861023829583,-0.25117574481615657,-0.3767354027709723,-0.21933887493324605,-0.21328456866456608,-0.4034922644394019,-0.20828032223609277,-0.16968275756770312,-0.6361528739326677,0.02735761983656646,-0.13522070548242465,-0.5602155518133537,-0.04031549771925241,-0.21517412485971663,-0.40503351374418534,-0.03542894589863347,-0.18603831253912678,-0.4236997059158225,-0.014726356960909771,-0.15192723540417755,Fist
0.0,0.0,0.0,0.07049477256930752,-0.33841957414423907,-0.08420041851213306,0.06730485380573903,-0.7193735860775635,-0.1357750264326782,-0.05777215817112729,-0.8951462941784081,-0.17967345802382303,-0.18787832048233918,-0.7671784545141048,-0.2028666970177686,-0.29929080797470536,-0.8023986243794398,-0.12124081912358764,-0.27566854845601835,-0.9394126420549992,-0.20374184484145094,-0.13674426628550215,-0.7498529838387823,-0.21899348709755925,-0.1289654855029517,-0.6671196051793937,-0.22404913001028437,-0.3975491271008622,-0.6368341002777904,-0.13610605095824985,-0.3194159506351718,-0.7270715862112846,-0.22862969198649533,-0.13931245393824804,-0.5599025480274519,-0.23645351980350343,-0.14642201964435578,-0.5371675727321967,-0.2349854738664152,-0.44189085094726893,-0.4355671352209614,-0.15964184767673376,-0.36305361852792273,-0.517650987277457,-0.26386450756683605,-0.17565863076880606,-0.3818460735069558,-0.2444003764521665,-0.1731566504339776,-0.35987093817374755,-0.219026590756518,-0.4596637518352232,-0.22457155491527503,-0.1885940978881679,-0.37453682421371803,-0.29265043596547186,-0.2533771139893095,-0.24553881412455905,-0.24052317548774763,-0.2362797255939701,-0.24669652532292483,-0.22256825273158296,-0.21706524721927578,Fist
0.0,0.0,0.0,0.11778352837105004,-0.334404320848432,-0.0651536505878718,0.16277518949345984,-0.7036826741431391,-0.11241443708377383,0.10677105180823411,-0.9158365479303555,-0.1585940695559977,-0.03961859710229108,-0.807110767297443,-0.18725780705615958,-0.18137105225765643,-0.8732478981816533,-0.08840749440284854,-0.12044385031271858,-0.9778571164351485,-0.1711395300887084,-0.029148759334711366,-0.782818643256005,-0.19975103950862427,-0.03413129333580683,-0.7075539916240099,-0.21437370444852408,-0.28303642793313133,-0.7523740219882329,-0.11070209490449423,-0.17126567001002843,-0.7930590073558458,-0.19605659479961848,-0.03960386523626451,-0.6029362325034011,-0.20460299766038303,-0.04470235619510282,-0.5818266434214322,-0.2054715450991272,-0.3487644106118062,-0.5856604533906402,-0.14282056796231857,-0.23457532198191902,-0.6292844912203261,-0.23219978202305952,-0.09594322065825424,-0.4744486929606313,-0.21598770238412174,-0.09826877676088965,-0.44477618415583436,-0.1960972881902839,-0.39152048846979803,-0.39989370152520426,-0.18122550332879528,-0.2868440278339485,-0.44615591830774576,-0.2303994214632485,-0.18604146049603568,-0.36479634122033017,-0.2136399581029003,-0.18799243856954775,-0.3328516002451412,-0.1978707834299943,Fist
0.0,0.0,0.0,0.13796130903728604,-0.2874286671114568,-0.09213856666012582,0.23597512261812337,-0.65092525936677,-0.1554350797189833,0.20026338817886463,-0.8773637570709208,-0.2089350685746326,0.05805997942408499,-0.8268700729092816,-0.24623462228638068,-0.1416341330989384,-0.9274579018848497,-0.13160928872409294,0.008022581070017314,-0.9740124359577932,-0.2263524084089696,0.07262953237914829,-0.7595773237286366,-0.26582485349266216,0.028753149491638253,-0.6941233007075001,-0.2878649923663007,-0.27893541239032155,-0.8199113873473706,-0.1441254172004346,-0.09006035452841686,-0.829519951479075,-0.23835194538735086,0.01151419879441797,-0.5956564209763882,-0.2545076826326823,-0.02891322682787781,-0.5678809405458686,-0.260650235376927,-0.36681676322864404,-0.6529322126200513,-0.16458998659145632,-0.1867038517793267,-0.6786334288369225,-0.26744107114865473,-0.06760143382400324,-0.47756150421932675,-0.24654426276549898,-0.09753951781526016,-0.43581069883363754,-0.22250255350312273,-0.42614367779913287,-0.45841943421665626,-0.1916159031342841,-0.27883369134259167,-0.5122577386242261,-0.2551097837008103,-0.17525590749522535,-0.3915733118716916,-0.22971385639499192,-0.1849378697518743,-0.33958963068153464,-0.20457005592446542,Fist
0.0,0.0,0.0,0.2227635040887563,-0.14724444581554233,-0.08973287944468719,0.4245094029635183,-0.4449806617012477,-0.13939798038418827,0.47916462903758067,-0.7036359181382378,-0.18289785051145596,0.3664276392315074,-0.833837678105078,-0.20838851203082825,0.23726260336252994,-0.8544276586557376,-0.08859738303853139,0.32763896157938655,-0.9244220821655454,-0.19518331091540253,0.31246303490351823,-0.6566186881661301,-0.24992371989024226,0.27084108945291946,-0.5780584293192207,-0.27964241850678345,0.0815884565553792,-0.8536283216495383,-0.10018386876885216,0.20435992705869568,-0.8670759414001279,-0.2030397127525011,0.20431922243711967,-0.5786056803426317,-0.22676937644739142,0.15623281773828168,-0.5443642742625192,-0.23355494993250817,-0.06087941498660979,-0.793092691112656,-0.12582958945604064,0.0773647867249002,-0.7820381073713604,-0.23874298008915917,0.09274491491900826,-0.512221191424651,-0.2103941333241428,0.042988942325193624,-0.48227751497260724,-0.17499865228750594,-0.19143541822955465,-0.6919556139086039,-0.15886567233038046,-0.03594466835628257,-0.6576088280859669,-0.23104644282659062,-0.012476644923411481,-0.4770087539831638,-0.19897603469849454,-0.0627938890214022,-0.4530895876611584,-0.1642160404326642,Fist
0.0,0.0,0.0,0.3300790127970001,0.12737154251906901,-0.09433649557270894,0.7277909953964204,-0.01804568084610264,-0.11897937794113723,0.8996178615047413,-0.27285450192151256,-0.14377132398530768,0.8470776125923593,-0.5053911034033605,-0.16443646446443294,0.6967657112186806,-0.4471392581994227,-0.03915236373632019,0.7654073420641369,-0.6108869679670991,-0.16239063905042164,0.6258362233716362,-0.4562190293706887,-0.255357165570153,0.5133108536490039,-0.29179103511567883,-0.30704449698969843,0.5249172873337025,-0.6237395018687211,-0.04842607898983762,0.568437580314276,-0.7298814924708642,-0.1810626719883824,0.44054212309630325,-0.5039125739183926,-0.2435310740819259,0.3591469419434543,-0.3391273581952516,-0.26145406916562586,0.33976756343584197,-0.7225667263095825,-0.07842150490928965,0.37892240664331234,-0.8021723083692185,-0.21516530980703572,0.28920470917811714,-0.555308742514652,-0.22008740945926616,0.24796043160350298,-0.38906792142115754,-0.19434121867889503,0.15685423114318336,-0.7627313691750531,-0.11643589239160713,0.20568229164130986,-0.7904576303552475,-0.20645465863027776,0.1375829451495147,-0.6117381965144052,-0.18978226129261008,0.10448401539880259,-0.48869247996768195,-0.15938513201375515,Fist
0.0,0.0,0.0,0.26340351317525323,0.13014738526464248,-0.10153925652891813,0.6529004247589422,0.07557852478241588,-0.14326991184543025,0.8599272184485253,-0.16873411233177923,-0.17578332946813946,0.7877805385197081,-0.443130062019181,-0.19037915010899148,0.6839607620874001,-0.40700693253425224,-0.10158658684059793,0.820741201104004,-0.527794644620762,-0.21867028586435908,0.6480460221761983,-0.2597914272306533,-0.2785043881415846,0.5739030700127901,-0.17753248055061407,-0.31274610936175434,0.5254707301006817,-0.5615882601562511,-0.10683127532478946,0.6481932720347577,-0.636247267836296,-0.2089067160096974,0.4835405383622677,-0.3132128587019885,-0.21536631987045488,0.44507518270989416,-0.28658348602796085,-0.21553973192767661,0.3549746135518346,-0.6798878582401142,-0.12929879645947753,0.48075595727543013,-0.7329546339626992,-0.24524996360282203,0.3404670974253396,-0.42177974054364,-0.18490364595814882,0.28711013505960187,-0.3911083365517676,-0.1333088296869121,0.1736526813482633,-0.7970355629031914,-0.16002854045183776,0.31224975685217143,-0.7891952267805644,-0.23003300355988907,0.23152066507467786,-0.5680693726358654,-0.17413552712621583,0.1696938847911664,-0.5370110026744798,-0.12802707335870114,Fist
0.0,0.0,0.0,0.2321473846378243,0.2571026807947055,-0.09128915290846963,0.5990816929330209,0.37379763048638714,-0.13513312808778763,0.8679911805116273,0.28632122199007526,-0.17420050867579506,0.9550099909848038,0.05380341628961374,-0.1958040897089877,0.7712688289557883,-0.05901993652998097,-0.10849611058419592,0.9638903741504946,-0.142922575762748,-0.22469642622293945,0.7627617835540152,0.024075910720777915,-0.2704272843272407,0.6514209251797696,0.0682115965378967,-0.2898600496677309,0.6616288935450171,-0.2714938469521849,-0.12519894480038712,0.8392182464563503,-0.32547761260431624,-0.24110896764223017,0.6135642490639595,-0.09050232403598255,-0.2522946183277115,0.5369060476563823,-0.07309528875435456,-0.24764314819585204,0.5197987844508167,-0.45662092820636924,-0.15655507357421738,0.6940028194091244,-0.4730907301431619,-0.29814005823162665,0.4818698389588316,-0.2246812775153082,-0.24766103324606575,0.40475484972291925,-0.20440258778396173,-0.19095888174553785,0.3559317008699435,-0.6449800385573872,-0.1927641577992741,0.5175981333345981,-0.5932525033847661,-0.29139660436112114,0.3870605193651514,-0.3990070037326013,-0.24244121146188785,0.3079330062456196,-0.37925688508888494,-0.19156974836999519,Fist
0.0,0.0,0.0,0.24767689932341835,0.30552772615160184,-0.09119041734677692,0.5767618240925387,0.5059501558724393,-0.13982942209349006,0.8438299037634801,0.4462735365975911,-0.18735752189227675,0.8911255342964118,0.166781116178242,-0.21683858830292493,0.7796363810253034,0.12319497755092039,-0.0765232069394352,0.9797880563373693,0.07382267635325408,-0.18591820006304585,0.749084641346038,0.19508512474838707,-0.23784345710145502,0.646727580417025,0.22817319156554455,-0.2638345304841245,0.6936278782120624,-0.10449586425287029,-0.09210332335169918,0.8697741233304699,-0.1358158891302051,-0.20525959211791545,0.6273525201296775,0.04300738151539243,-0.229187297798131,0.5656774829093928,0.04723866255328262,-0.2353745055548787,0.5800700360535879,-0.317984463525799,-0.12227711217834443,0.7608050206316395,-0.324183800454038,-0.2509280942953006,0.5318563446178501,-0.12876766670301967,-0.208983521650236,0.4561493427838963,-0.11562606152952501,-0.160622910734016,0.4540269725310916,-0.5390893999680179,-0.1582543378631194,0.6199726626781065,-0.4782017416093112,-0.23234332778332495,0.47727256882036484,-0.3180711675387814,-0.17820054518544448,0.39134466630800097,-0.30608989368703987,-0.127793684349117,Fist
0.0,0.0,0.0,0.1760323929091818,0.3476467671145155,-0.10868282715717158,0.44462423044481786,0.6193259215645169,-0.17326093805605233,0.7067954133539568,0.6263418784701557,-0.23107144286964942,0.8355600064344078,0.40781978538724195,-0.26763360256249763,0.710939155113091,0.3296116525891296,-0.12408083691058719,0.9078324251803336,0.3428063855858788,-0.241503767657442,0.658403137227076,0.3846797762926863,-0.28388580599378693,0.5657762328990092,0.3781148821726098,-0.30321885405447324,0.6681664496560594,0.0828761666241646,-0.13446579381853319,0.8411029452502322,0.11145688941653112,-0.25210396502506954,0.5733021318911792,0.20178794482064197,-0.2642707697231531,0.5344912045244588,0.18029833140851761,-0.2657580638243833,0.5976314141025388,-0.15666583690460245,-0.15977946434296464,0.7791628082587317,-0.09468457316518915,-0.29937139500894505,0.5221517007711781,0.012666594543335786,-0.24564728750966308,0.46408132446998235,-0.008384086994481132,-0.19113844319633871,0.515685333320562,-0.4077714096801646,-0.19121788587126393,0.6593499400567246,-0.2918028568424154,-0.2818298014585135,0.4925880782912826,-0.1796713704097596,-0.22870776439922572,0.42000942800514224,-0.20165983056275513,-0.17854774081731695,Fist
0.0,0.0,0.0,0.16916646543512365,0.37158958146046256,-0.08591437943297683,0.40240053993915437,0.6506956898907483,-0.14434318250056416,0.616190540122832,0.7475075957608606,-0.20092737019775989,0.7436599109298663,0.5719323851994698,-0.24521656398136923,0.7828884949236021,0.29079627861704266,-0.09500307857090859,0.8547577711210975,0.4805442012651351,-0.19612858878436568,0.6308420159990981,0.4897706796360244,-0.25180055819757036,0.5598225526145776,0.4163624995820778,-0.28447585022670796,0.7526413382077546,0.08706371953315221,-0.11160709717865377,0.7969296816116311,0.305237710699308,-0.2014902507158936,0.5592357905989479,0.3436385917531217,-0.22767367299988314,0.5111326437137451,0.269178917159572,-0.24627891857881,0.6804837832808411,-0.12059022395857497,-0.14032729964492038,0.7340455176708662,0.10130375334870018,-0.24602709988043558,0.5136843498319572,0.1688060461583733,-0.22087956412470353,0.4484477520903655,0.10669856237356275,-0.19449511561512972,0.5810230862730225,-0.338189925345182,-0.17440808335180452,0.6520221405439558,-0.12003917789172268,-0.24413433175767435,0.4949422639810278,-0.020246974518068728,-0.2065558919191861,0.41096896612681444,-0.05183985716106714,-0.1721297388851977,Fist
0.0,0.0,0.0,0.1916938759737772,0.3810940437933269,-0.05993923335590045,0.4027640827122113,0.5471239230027011,-0.15039577243213106,0.545779521974328,0.6443947587853591,-0.24672170359978735,0.654556256977359,0.6838920735788915,-0.3222541514825737,0.7928806322469468,0.06247565415179821,-0.14070215108099596,0.830508766718471,0.41975022744195556,-0.28904274168444644,0.6925431331903613,0.4701617439972655,-0.36856645873648075,0.6203547853814843,0.421015005916908,-0.4063751275994693,0.7085785871479832,-0.02512047535313806,-0.1797965575152462,0.6900188592534796,0.5214488570681542,-0.32636861233943043,0.5361347527704041,0.5282445728202956,-0.3478529596398515,0.483299087953604,0.43034531005992865,-0.34688887265613466,0.5866323069663772,-0.0389277556752246,-0.22996269698353344,0.5394995289220678,0.5002049811998057,-0.3544800592263366,0.3891004500299453,0.495429640570955,-0.30554272343003447,0.33440088790416006,0.3923203206815448,-0.2542782361202777,0.44405661564542753,-0.005954961965310664,-0.28836035250228664,0.4037980438324608,0.4268445592159305,-0.34625321298202505,0.2857161618912814,0.406177286483254,-0.296859431149822,0.24072702927413656,0.29564810058882196,-0.2544647139013933,Fist
0.0,0.0,0.0,0.20256502004195576,0.2729932938717,-0.07881897808887176,0.43008397626304995,0.419685083404781,-0.17573609440928983,0.5639203959155252,0.5516151813116031,-0.27109526792276634,0.6390287156541035,0.6887793838922529,-0.3423817473150044,0.7626297158072384,0.018388505416496705,-0.17925463075674236,0.7714383511854526,0.4712765420999828,-0.30273889590908665,0.654906923224593,0.4716115323695093,-0.35705998709269304,0.6150371667747065,0.36731836827367637,-0.3865635571848487,0.6621494317777608,-0.024401651727012925,-0.20706568380386958,0.6550148014469829,0.5237097348198847,-0.3296225451918581,0.5379165396684781,0.48054176732296133,-0.3406101254879329,0.5143229100216684,0.33970071532918894,-0.342444646706184,0.5319919907138501,0.003055721621708775,-0.24316857403445064,0.5305086651559888,0.519992667648415,-0.3397694856228348,0.41814545298523387,0.47721907075834247,-0.2910623203543873,0.38779405706086373,0.34701336838441516,-0.25253406272042617,0.3871167426952885,0.06568932073368422,-0.2887292172201565,0.3884238198415697,0.47894654176687557,-0.33323256215360975,0.2924450858463797,0.44714789797963206,-0.2916801360951137,0.25722544856161594,0.33254100804320635,-0.26228095474337365,Fist
0.0,0.0,0.0,0.26087876025280665,0.044805149745664824,-0.026743411692094685,0.566784134289121,0.14162533402454436,-0.10001381190273348,0.7715403081028519,0.2672609400321446,-0.176920527431455,0.8988976776418074,0.36396200628514186,-0.230190111666604,0.7538628502762333,-0.1281769945988547,-0.165821983883242,0.8745873167912394,0.3880382934815609,-0.2907289254611902,0.7783139981049767,0.4034345125679013,-0.3263011733605195,0.7188166865873076,0.2760122585955259,-0.33180046575737376,0.6452090919996061,-0.08397196465059482,-0.21416500326992713,0.7521288443989498,0.5282677552233612,-0.3269905092538769,0.6451469008822903,0.4941779635983538,-0.3150169440304391,0.6021358669324168,0.32866805751462747,-0.2960884408734082,0.5195756896142728,0.026985558282818713,-0.2665444465326299,0.6121209691184516,0.5924945298200487,-0.33828486912521294,0.5129978771470007,0.5364474786553505,-0.27581355511704836,0.48314760991696143,0.3778571913372142,-0.23092609089794816,0.3820997763186643,0.17046058835366892,-0.3235807710659286,0.45746439239399456,0.6033921764715784,-0.3476483968026034,0.3721935148404078,0.5392092294733142,-0.2984958982002071,0.3448783926051994,0.3878192779129037,-0.26615198752803365,Fist
0.0,0.0,0.0,0.21158980930469432,-0.10566571744138274,-0.047152349726697455,0.5498054605323488,-0.0764624596818872,-0.1273303328121703,0.7913525710895243,0.03053740717883544,-0.20351342662239813,0.9625841543720226,0.08448525634019324,-0.257476187662141,0.6113065809097928,-0.27189256226301906,-0.2257077629691635,0.8664455521239135,0.16673876533764573,-0.3588217882023167,0.7412220450306382,0.19398937665684868,-0.399630138032269,0.6351903167855386,0.1004683169229657,-0.4033954094052546,0.48926082012523564,-0.12578665499011385,-0.2583587706635747,0.7353298363584472,0.37462536494681864,-0.36086202168741766,0.6056762795823465,0.3700264415533981,-0.34259327780691656,0.5052991120680285,0.24740340118073914,-0.3209949897007118,0.3687530584064899,0.07702878720925992,-0.29322065201508996,0.6010867773164348,0.5447480815215313,-0.3642146771165413,0.4784399485968161,0.5101910325269726,-0.291138759481786,0.38390011168695026,0.3819639522197981,-0.23691890470463509,0.25821402723299286,0.29917391001071947,-0.332147543799488,0.4367914991622901,0.6403646355415591,-0.3640444491188667,0.33641456717615975,0.590679964342027,-0.3092822906894905,0.2564117655405595,0.4772488825515161,-0.26995308731944323,Fist
0.0,0.0,0.0,0.21357257582719782,-0.255391173207237,-0.03337676689947511,0.5527139883747997,-0.3104107150376994,-0.08532569794663061,0.8272740024476252,-0.18530861028201123,-0.1286639241737173,0.9877311945542164,-0.022194080806090172,-0.15457849165285964,0.5404938918096168,-0.3527429770624935,-0.18563397859699496,0.8574196751331297,-0.1688020708192181,-0.2738474340153457,0.7547537606339257,-0.15569476609098828,-0.2879240226872198,0.6154878017544159,-0.18838461874659365,-0.27757638210907803,0.4539540912994275,-0.10085697557673502,-0.201963067965758,0.7872803642798759,0.0721202986628853,-0.26547460440973897,0.6912188706688677,0.053688503948007116,-0.24533777701834386,0.5454953811641691,0.004573905562849833,-0.22557398545999996,0.3771164941978998,0.15779150613552392,-0.21468698572297124,0.7044114665175532,0.29100032881642884,-0.2630814607987785,0.6040432225993023,0.24237491336552533,-0.20365398417210692,0.472935878358514,0.18707174471386503,-0.16009017646968804,0.31503854805501724,0.3883883475521963,-0.2270264165244795,0.582933444648635,0.44950327120273786,-0.24907696343109909,0.4987098170259526,0.38312534388915687,-0.19665073422015342,0.381057485493876,0.3449715570340946,-0.15729390257279063,Fist
0.0,0.0,0.0,0.15746431391814616,-0.4124058225269541,-0.023461194747260765,0.4155449979091752,-0.6872017488657406,-0.06388057028517705,0.6730451749331027,-0.7313965598594854,-0.08903506759906181,0.796608001911972,-0.5966589737639104,-0.09702453461270946,0.45335735069065886,-0.48186851859781177,-0.18950278770864892,0.834546531001181,-0.4990799504750938,-0.22026217574146434,0.7200945449799503,-0.5032449680245917,-0.18517766597780605,0.5761746340109531,-0.4775193939833344,-0.15513721003676292,0.47580881746168086,-0.16240629926369446,-0.18971707453924766,0.8349430508427591,-0.2414696690305467,-0.20338706909127396,0.7206731329157557,-0.2756205100988739,-0.1537939031218524,0.5886286673654905,-0.2651374418249937,-0.12564123424872153,0.48116051598896864,0.11102435624729912,-0.1788517592190549,0.792158487972812,-0.01423273548720602,-0.18373260542690073,0.6855136010223615,-0.0491842923638742,-0.12099355783958045,0.5660582206541038,-0.03761973001512726,-0.09057717416231342,0.46715878389404314,0.3281020580479939,-0.1657935758321495,0.6884348464130073,0.19132478156346658,-0.18485646811460396,0.6014811395929021,0.1546595297392886,-0.1488568952637286,0.49914543741807677,0.17714385992125806,-0.12375585346614551,Fist
0.0,0.0,0.0,-0.009075649708067996,-0.3506361852842418,-0.013647784967192707,0.11817648116090634,-0.615843363368877,-0.027957340026273814,0.2888567522027493,-0.7132928557271485,-0.03945960751094407,0.3920521916164534,-0.6659621793071819,-0.05039732345554837,0.3449920390400626,-0.5418507538041277,-0.06796722533766757,0.5412170974464859,-0.65924238077802,-0.0836835363303266,0.6060550220741773,-0.7325464388641225,-0.08122522929275293,0.6265954190101096,-0.7750727183479289,-0.08148903084647155,0.43151052968972503,-0.3462422560916842,-0.06804764046162026,0.48264907189771655,-0.4926814774158519,-0.07058485386639757,0.4023162906265301,-0.47918646978937735,-0.05552050834353087,0.33744434648723004,-0.4165327524411115,-0.05308954148163771,0.45959071565559095,-0.16873712121083706,-0.06457977112776207,0.4785536725103115,-0.3279680225313257,-0.06934182622860868,0.4038499177003671,-0.32035701588744353,-0.04804624553198012,0.338399470048003,-0.2731405969180822,-0.04316134487938913,0.46223049230385793,-0.022416280914439198,-0.06174492458109589,0.46366910528719163,-0.16257099882389328,-0.06059475259888809,0.3971795161893239,-0.16703992557613379,-0.04211772817142872,0.33620985057354885,-0.13151633919655917,-0.030267917764225775,Fist
0.0,0.0,0.0,0.006904010394464856,-0.4177165668441811,0.01556642579400498,0.13869442140071944,-0.6725933061301846,-0.006143410004208566,0.332478571944227,-0.7054252794197163,-0.030732669369146128,0.45679513188382265,-0.6050975468388669,-0.045553781524522254,0.2889919156391496,-0.8752655062192948,-0.07811246178070026,0.5129178564776392,-0.8540940356861879,-0.08624761278820778,0.48718904058351054,-0.7130597431795627,-0.05895885407313085,0.4167782617582043,-0.6303550340100929,-0.038159065780814065,0.43630146177768275,-0.6921673544510754,-0.09429697055647185,0.5633043831275883,-0.6616293932565724,-0.06862096019873933,0.4963720952013984,-0.5434863903460602,-0.0316873256606071,0.4158413366887585,-0.4725248787697586,-0.018870745570119685,0.5376859685559414,-0.4636008426392317,-0.1020151177225959,0.5687424975007551,-0.43379662561876103,-0.07447406146605189,0.49686975039350834,-0.3415257480113682,-0.04325084908225331,0.41081552879301386,-0.28363628379249084,-0.03908898792983442,0.6062059124235126,-0.2388356394396455,-0.10855743109203592,0.5744661691407256,-0.21626493829920054,-0.07364445258597759,0.4988590973005347,-0.15242155198990776,-0.04174096171668146,0.4299164437539998,-0.11244141153503814,-0.02360183202678434,Fist
0.0,0.0,0.0,0.02052781176948438,-0.40767625267499136,0.00755948522364602,0.1427409764202426,-0.6887861122248087,-0.04248250584809061,0.3143250175954996,-0.7825421835070835,-0.10548618125782494,0.4605343662183608,-0.7223305095088768,-0.15369796457171528,0.34095869565879505,-0.9382508621589206,-0.058587434768005646,0.6370831588532578,-0.7319333894781563,-0.12472524723602646,0.5974838440491983,-0.5284428852474382,-0.15424614583813676,0.48935236968463147,-0.4281937369903231,-0.16890946112978056,0.48166516361097,-0.7992033964418239,-0.10196981221203201,0.7155734628058953,-0.5314260048042719,-0.14489923182003,0.6234082325612913,-0.3683568807281624,-0.14833367833575722,0.4989629608196784,-0.3412127510309497,-0.15281245422782178,0.5896242383408823,-0.5958600928576279,-0.14660224622222195,0.7651240370326498,-0.3340483895361886,-0.1692299220321366,0.6680602887343713,-0.19822666969881805,-0.14075693299046987,0.5551377018393172,-0.18274801911424787,-0.12873600872452928,0.6694045101668773,-0.36076000545348924,-0.19330318323706536,0.7610395977649798,-0.1383575917797012,-0.19442252435539795,0.6704499239259006,-0.03722675433672909,-0.16462960921711922,0.5793548933302864,-0.026787212881697876,-0.1428344725175069,Fist
0.0,0.0,0.0,0.04957567538866771,-0.34000139266184626,0.0060451526842319895,0.18152965684053987,-0.5642624573131911,-0.055391329866651545,0.34893660663791914,-0.5790819793069986,-0.1365622938966586,0.5031637563790976,-0.5171430211891356,-0.1977968616254267,0.3060268155372053,-0.9518477179447975,-0.018262256581226242,0.6320955871920919,-0.653646027306819,-0.12615770608369278,0.5831854637032623,-0.46283191310443333,-0.19738588625296324,0.4619918231027537,-0.41669433739428113,-0.23847489721272347,0.4155469667113902,-0.8586151146957133,-0.07960393056076817,0.7258282320720266,-0.5496504082929329,-0.15889517753869625,0.6411926334311749,-0.37310010281757194,-0.18201869663044895,0.5170980492069561,-0.3765228217438179,-0.19603189940473387,0.5156582770488538,-0.7054754844492463,-0.15027875891027564,0.8038049680726997,-0.37510745817083896,-0.21595218875650032,0.6901007507349259,-0.18936347520844063,-0.18876771221259883,0.5618787750755897,-0.1945273956008543,-0.16847228714888832,0.5972912853553443,-0.4963818477207626,-0.22525173430195836,0.7982531852317495,-0.18171272122896556,-0.2657386807605149,0.6815256469804685,-0.041285617097466726,-0.23868546305493551,0.552510225122531,-0.0510202958273768,-0.21457193342239753,Fist
0.0,0.0,0.0,0.33702551597006974,0.021867234061504325,0.029693414352954774,0.536860183554642,-0.19232693532397235,0.018740874201805015,0.6860792906390667,-0.30641557726065427,-0.022309688919907922,0.823972645930311,-0.43350323445749545,-0.037596748459922134,0.38910504624994946,-0.9050986957302928,0.10936171965800845,0.7303663933906687,-0.5924531792469651,0.0010564279845253351,0.6177449793267005,-0.4232548254102307,-0.0859220804973453,0.48387180048018075,-0.4371820868755762,-0.13305466202652017,0.3770528948691571,-0.9252242463722047,0.04232266999817096,0.7654796371897944,-0.5999868211041329,-0.06627462106201458,0.6382722062890582,-0.4189108565820491,-0.10834933807688331,0.4973621671914222,-0.43352231757353055,-0.1197233697657643,0.4056521247670709,-0.8736874212946887,-0.04139762664170436,0.7792390292929451,-0.5520902167707729,-0.1153652825346624,0.6540382733743048,-0.3701704061664547,-0.0857245295202199,0.5232810725964732,-0.3902987494594937,-0.052619100066063,0.45717576232537577,-0.7541509375982021,-0.13021952963350486,0.7373560888671942,-0.46281288377268287,-0.15187037201948125,0.6362739092603437,-0.33810425504154895,-0.11159234298503266,0.519873727926859,-0.38782182305705365,-0.08034630040778107,Fist
0.0,0.0,0.0,0.35647649558590977,0.053068210407626173,-0.006577660059503369,0.6251900764892663,-0.11798631098013705,-0.014610865019950552,0.7679357163794032,-0.3286281675638702,-0.04878060256865208,0.7605924740924878,-0.531337513334198,-0.06635985760619412,0.5494813101128293,-0.6128292167520305,0.0921509393091141,0.7481871963150158,-0.6461741961984695,0.0012509884241565965,0.6400613660480211,-0.4135786421732261,-0.062079702219205245,0.5116997141511291,-0.3382978452355604,-0.08773959068402845,0.4669367046098382,-0.7064613108022773,0.04570116887445042,0.7003165450535569,-0.6863569600870933,-0.05055304853644925,0.5620931155664355,-0.42564673190802976,-0.09553490608620271,0.4202231919294205,-0.38760154567835914,-0.1047358640093978,0.3793976633344603,-0.8093129040653249,-0.018386811312997946,0.6511152979006458,-0.7478059144513833,-0.12975046493667608,0.5085317676464071,-0.47315490602362037,-0.1099616910233248,0.3570320453081328,-0.4214074028196566,-0.06339870727169074,0.2711082644448443,-0.9038674019438322,-0.08414647619768052,0.5436537929215618,-0.7721800708664892,-0.1516538070725354,0.4626266957202135,-0.5678105603149282,-0.11099239422021763,0.3368738741938308,-0.5373033100448867,-0.06213772227107842,Fist
0.0,0.0,0.0,0.40597322012877546,0.17896105537111393,-0.03001383622087868,0.7480289560908242,0.07207619195059503,-0.03127938598908602,0.9275976417762299,-0.22288906022408703,-0.05051976343308189,0.8441138634589538,-0.5138427877390181,-0.060412783831747564,0.7305944827735813,-0.19217595241620147,0.09296842808889899,0.8642564700184483,-0.41610086416286524,0.03095563125351013,0.7364677703491758,-0.2566261557266416,-0.033256026306318374,0.6334957565801039,-0.12875499081916938,-0.07759287785625196,0.6092771010332596,-0.37351370631268055,0.05794894600140422,0.7603937057756931,-0.6096743190890153,-0.022554742803226443,0.6360550117396515,-0.3855912440515296,-0.08398061907611612,0.5336306678731272,-0.2583860961060058,-0.11463402220892153,0.47554083212344933,-0.5350221900795421,0.0073717491482105865,0.6451353157733238,-0.7592406088285768,-0.08575617906405156,0.5339078077289852,-0.48850518592576236,-0.10346855944714532,0.43588606889802495,-0.33324486034020445,-0.09386880506822465,0.3175223275976484,-0.6796021656833819,-0.04750711175785766,0.4737808917440851,-0.7708883515950531,-0.10399856384780738,0.4205790098746428,-0.5816715477931041,-0.09409037137973296,0.3403957296022586,-0.4560110492997363,-0.0773415723214974,Fist
0.0,0.0,0.0,0.3381986190098213,0.11349201093841617,-0.06709603752062882,0.6894248441327615,0.04127330213279093,-0.091963925900494,0.8677149435372413,-0.24216871235772486,-0.11648896021606232,0.7728871111913378,-0.5059819301401902,-0.1275454950298338,0.687555696366116,-0.38373072918631107,-0.04175571502733954,0.8156447814061097,-0.4960012972018272,-0.12136064390791196,0.6786763294217925,-0.26039366562648264,-0.15261813123016155,0.5968835761198633,-0.18003418996088952,-0.16962050729187153,0.5495424066411585,-0.535878076317388,-0.06466568599125094,0.7055575292707581,-0.669904481176513,-0.171311601042724,0.550936489517701,-0.353315138060256,-0.19414805800252388,0.4641030155905137,-0.2825066780632282,-0.190287965134447,0.3938722589012579,-0.6532560113006904,-0.09780756719354321,0.5580568200439039,-0.7982584739898962,-0.2266186097958597,0.4173822518816125,-0.45283780108896093,-0.1867039894360431,0.3277490215330743,-0.3591627827091207,-0.13075404173894237,0.2033463790367615,-0.767245963448155,-0.13383996184670313,0.3827176132746086,-0.844610928963774,-0.22075866912556177,0.30678729797446236,-0.5906018914462049,-0.17251127333542754,0.22499835739235752,-0.49809158271827975,-0.11970328319570464,Fist
0.0,0.0,0.0,0.30942265629790416,0.20071048672341452,-0.06037917127624294,0.7040562836326848,0.1541317727532926,-0.0677222542859881,0.9112704827644921,-0.162093379231336,-0.07770085304326009,0.8447214311279024,-0.4503535946643813,-0.07717708280018344,0.7498514279348442,-0.24775799586545388,-0.005189743827135426,0.9145650102706925,-0.39579963959900755,-0.08314738289245063,0.8098743794582421,-0.258197567774663,-0.1222382354695612,0.7282526793193175,-0.19756509836346867,-0.14553577743316237,0.6205684925508959,-0.43725055919852956,-0.028821910240562323,0.771505893319457,-0.5865597173466391,-0.13183022023726387,0.5880548120385496,-0.3013600526553543,-0.15885040195865513,0.4950485431878504,-0.20461840367538406,-0.15693572717144816,0.4665836706719602,-0.5874986543193341,-0.06536744227229242,0.6275542980911996,-0.7438931002147862,-0.20051297374104593,0.4506513679710678,-0.4232225580344062,-0.17035125417660565,0.35457697359127016,-0.3121356084651549,-0.1183147481213969,0.2784714019204727,-0.7344411122458426,-0.10447125615218132,0.4411195922421641,-0.8135180204964199,-0.1992638281857846,0.34115259881368043,-0.5897402863855548,-0.16047708753948714,0.2616733851911525,-0.5069978543778235,-0.11307386848816364,Fist
0.0,0.0,0.0,0.22686014166733598,0.2510274525804287,-0.1836892168679667,0.5188152341258399,0.4582102087612119,-0.29936925333706305,0.7305078443857442,0.28576508689468444,-0.3934681782637632,0.7569930236661331,-0.04065544769823727,-0.45641780960456707,0.941196216627662,0.003107707297930255,-0.16128046423207137,0.9426915298596699,0.0028260490081162375,-0.3336535523231231,0.7118119450388146,0.0824390232046742,-0.41015041182144313,0.6623804169601399,0.0735035136035874,-0.4473447507826439,0.8548344042344872,-0.28245526984516006,-0.1626629418483449,0.8774421320109977,-0.28977938181295354,-0.3437728446465452,0.5917438061024602,-0.11011776270257094,-0.37534095132184275,0.5907382395076348,-0.07682329497940238,-0.3655533257508056,0.7116204639019305,-0.5045433295798275,-0.18990477677691892,0.6842024576086375,-0.49206018767508086,-0.38087422474705995,0.44787936133523276,-0.27604389016558456,-0.34304349748010016,0.4665770874753157,-0.23348442578532036,-0.28320472880721853,0.5417237184842214,-0.7005236919284146,-0.23120904742976536,0.4959962626319689,-0.6380493589516719,-0.3327406539628002,0.3477157945248566,-0.4743348137088547,-0.28616951029991816,0.35878383602423464,-0.44167474142618707,-0.2332072892722777,Fist
0.0,0.0,0.0,0.2659444769460969,0.4028138814331734,-0.14404096289123663,0.5364527722727582,0.6782897228579643,-0.25211138299045077,0.6953310455996428,0.6303158340950443,-0.34527769449296297,0.6385526406310402,0.3196748587308029,-0.4180734215082909,0.972143132362133,0.09958426758855234,-0.20144960862202785,0.8681934507169439,0.34635306176424935,-0.351263684408185,0.6480322850636537,0.3884526603435744,-0.42561594264309704,0.5550308203969767,0.32608537681690497,-0.4644138908894768,0.895546263047093,-0.18383137930494256,-0.20934387796320447,0.6985906193399155,0.10257555440082874,-0.34551452127587273,0.47588548473108555,0.1778778657731708,-0.3774577904049688,0.4435296660705444,0.1405114298055568,-0.3933394338191042,0.7382498620326046,-0.40282062752614045,-0.23284826047659365,0.5371116406858711,-0.11869906254550625,-0.3571795106321314,0.3574619741367709,-0.009490023037178066,-0.346703390428754,0.34752584408005543,-0.024110363287407992,-0.3305400976332453,0.5506700767123941,-0.563815963207472,-0.2698221905928281,0.3796336140915013,-0.33941790521740395,-0.3267479068799702,0.2691812177563274,-0.25654319097794664,-0.3078168348459035,0.27658358448532505,-0.28431806656039166,-0.29175200906120197,Fist
0.0,0.0,0.0,0.19314172499619747,0.39924153583873967,-0.0754057088071554,0.37768986654586084,0.6965386525510799,-0.15264543343967435,0.4854230817941464,0.8467668873483503,-0.21760117222078515,0.5385180174768117,0.745645336040815,-0.27060371478251477,0.6915801918094158,0.3199088925041465,-0.2565049230370093,0.5817032120236081,0.5102140930399248,-0.37124518805890483,0.4400138464252301,0.46784487317843126,-0.3964938028482802,0.4117571686746271,0.3561167998175526,-0.40718437086863746,0.5815936399213754,0.11473577730473336,-0.28966234948657044,0.4796121702020848,0.3108134027701901,-0.39912471805919525,0.3306746746641425,0.3157945534098265,-0.3864608110482682,0.3039538732351364,0.2673596632284067,-0.3798221849028074,0.41045264314817675,-0.07175507905358484,-0.3249864098803124,0.3390107708507773,0.1049041583492243,-0.43852748507298916,0.22361526322146083,0.15268075427555292,-0.4108488970963542,0.21125587474629312,0.13654838042429204,-0.3872501466444961,0.2214587176654607,-0.22423535802806724,-0.3621693365752503,0.17023253921261688,-0.09390300439950434,-0.44084228548699766,0.11630367797599987,-0.012161498099182622,-0.4275450718301386,0.12463604038195569,0.002295126261969353,-0.4147652381094772,Fist
0.0,0.0,0.0,0.13564477935940075,0.3039447335682052,-0.09779625303977825,0.13599097300902085,0.6140510179149782,-0.2646631249496226,-0.005460461170950417,0.8185014686887979,-0.41543500829310354,-0.19876262201854378,0.8088776649664517,-0.5533627591433434,0.21192383498428882,0.11225851227434594,-0.4857549209210859,0.0006564704992110712,0.597298124946319,-0.6353593500398311,-0.06091758265383353,0.5501880994349663,-0.6453996778858632,-0.008935372017822806,0.3618932468275592,-0.6428143011789197,0.05100612808367688,-0.1143948498690309,-0.5350879115514229,-0.19744667476813682,0.5200915614722201,-0.6759903487406403,-0.22346483635400555,0.4071050615461822,-0.600658974498019,-0.13301968848149984,0.2048706931565395,-0.5613691992978574,-0.12585737223956503,-0.2266248818614154,-0.5768224025103962,-0.3488459549896599,0.36855051273604456,-0.6591274506829049,-0.35972985296501087,0.2670463131541251,-0.5297388003717522,-0.2785805109009288,0.08732718989288331,-0.4624599094061492,-0.3041915626785377,-0.26845165684513317,-0.6308706993789203,-0.47571137098687105,0.1474402045813063,-0.6585428137837521,-0.46937086910331227,0.08017325951174824,-0.5792967456736373,-0.38721427440052747,-0.05963502062283692,-0.5489223271820313,Fist
0.0,0.0,0.0,0.20869471306448747,0.246775357925761,-0.07484280077303596,0.3521396461981211,0.5264070020630386,-0.17000163054499567,0.3512935235701737,0.7813209597801457,-0.25493350503538503,0.27866108485735447,0.9051738780233064,-0.32094898399959243,0.5537949498970481,0.2682449913991826,-0.27653779923963157,0.40369731643147544,0.7211211174615885,-0.3801259523783604,0.3174877670618871,0.6680573908954266,-0.3889310980281243,0.32836362365554234,0.5424491934743497,-0.38966394019269773,0.41851797801196844,0.16968894927373135,-0.30239018364147696,0.24120110857761165,0.6737062090237861,-0.4029588254934292,0.18929750911231352,0.5732783740013402,-0.36592071626203954,0.22957735042119207,0.43321944605784424,-0.3456478534541318,0.25550316759448666,0.11295375890568968,-0.3296950863222134,0.0928324221894434,0.5929774649996462,-0.3994760556595969,0.0632471421273341,0.48183677607653574,-0.3343113016152405,0.10322509639008047,0.35124284010237455,-0.29757842919940647,0.08501155531002412,0.08047835604184037,-0.3655274242032903,-0.037571945963777185,0.47233916026585904,-0.397903033066749,-0.042559665250085824,0.384361864750413,-0.36424146228582194,0.002543727514919879,0.2564979617279781,-0.34904166506344775,Fist
0.0,0.0,0.0,0.25440969130292007,0.07278576336892384,-0.038099571368751126,0.46892282635396354,0.3776183578374836,-0.11669623750297957,0.5383817361149497,0.693300676206466,-0.18425670626673293,0.5080600888632748,0.8287270924465966,-0.23470481961231962,0.6417243993605267,0.13491318402693459,-0.24733763124649732,0.6224411867635814,0.6354360331130637,-0.34728326248283403,0.5109641235641568,0.6375669132410436,-0.36436552781863013,0.4631492182826694,0.5251120892667763,-0.36467472606600043,0.48876937361504635,0.1325362423695853,-0.28596851248054256,0.4742635695952974,0.70129672218411,-0.36507910625380113,0.36723837620553146,0.633373566991699,-0.3249350578822681,0.3429960382740415,0.48146547900916303,-0.29911798974460524,0.30939853001043777,0.17473356929375064,-0.3206326370712612,0.29298794270985024,0.7151838753819563,-0.35639094069529154,0.2095791881055506,0.6149104323290703,-0.26785965555477315,0.19673731954409482,0.45979222690601823,-0.2168365402864859,0.12230389765525472,0.2327567853727464,-0.36100828211481684,0.12317420520409371,0.6567238524019872,-0.3606885928720084,0.07183089203867368,0.5667832132924765,-0.2950262471965351,0.06465924755710256,0.41791255460736426,-0.2576927365029028,Fist
0.0,0.0,0.0,0.27823485612219556,-0.03058916290253287,0.006182522666657984,0.5497131429894662,0.14396033741558764,-0.030715439859024127,0.7055748910439231,0.42392224223382685,-0.06576073432841936,0.7556394549826096,0.6499251812639434,-0.08127898149346482,0.6653458870162592,0.09653621838104298,-0.13836187914157005,0.78080904159443,0.5456064402747176,-0.19269598307113592,0.6696886331191272,0.5218105281967376,-0.18053706341671502,0.6093517222228555,0.40459482369432287,-0.15808569731450184,0.5181578227170416,0.2355518299620605,-0.1727387752709011,0.6456606975510691,0.6904656017680033,-0.2050012992468073,0.5378501726256179,0.6297364995690659,-0.16532167081631916,0.4811280294212763,0.491561926031401,-0.13615066827243655,0.36201694299233367,0.39175438999734136,-0.20070445221415437,0.4863302799741247,0.7916421643287929,-0.21334257198002024,0.39380679919111217,0.7206567947644359,-0.14320920096226947,0.3417640685506073,0.5851465342755338,-0.0996387116472214,0.21503753652582824,0.5320910405722195,-0.227453262052636,0.33445011530787716,0.8288181814158146,-0.2221053216012397,0.26952323457919036,0.7526780463442234,-0.1645385601318524,0.22303801298094406,0.6408366942795554,-0.12590952263285246,Fist
0.0,0.0,0.0,0.3166269897302012,-0.1401836495072322,-0.004843312295269907,0.6134573887119968,-0.07386580596411779,-0.032366852152021036,0.8191112594512152,0.1680331775428153,-0.054050410932841304,0.8681634278885876,0.3974267769711445,-0.05833791185405038,0.7024930599211529,0.025182682877577547,-0.10424016823079664,0.9290071862829367,0.3444893883865606,-0.1351765849683828,0.8310685914839038,0.3149693063073535,-0.10894666203308272,0.7242046151750681,0.21764981463423602,-0.0781488507179643,0.5793229264187384,0.26536895449120074,-0.11511991410562859,0.8203612856609019,0.5470717774105089,-0.1308593289449325,0.726422301934552,0.47330854241400677,-0.10093347756249953,0.6241062514100448,0.3629538698846141,-0.07707838115973344,0.446929417135689,0.48621619905830404,-0.11948467158471203,0.6720084692809098,0.6604924156748391,-0.1296262939246636,0.5867197247120521,0.5791739949497549,-0.08901568493049958,0.4891017134366425,0.4856726123298009,-0.0623196165114122,0.3193580566592234,0.6702543875351046,-0.12114804336227787,0.5172428004326695,0.7613487014041511,-0.12909665310476953,0.45629082375750696,0.67748189776535,-0.09697641012979345,0.36998438081726226,0.6078460607192387,-0.0691057703361512,Fist
0.0,0.0,0.0,0.2963113313816983,-0.32276530894722033,0.005970856597800593,0.5747070047055288,-0.3920868761849837,-0.015214078248523343,0.7761949684352565,-0.24518305761185302,-0.03666576283432836,0.8252652146417121,-0.08500889193539528,-0.04473169654913186,0.8262678580349971,-0.23895268018416216,-0.07645163543886202,0.9969229381388937,-0.02424654149421479,-0.07454368275102152,0.867723388041068,-0.006118214427931614,-0.0414452957784613,0.7396373649104337,-0.060610667398413566,-0.016720155723843236,0.7735027721241786,0.08135286148189964,-0.09169025482804644,0.9073651186631995,0.22963078342090207,-0.055630921036113244,0.7897820445163574,0.20208005358270256,-0.018072666557224074,0.6717643920548587,0.13483243565227443,-0.00786080139290183,0.6733188944659706,0.3576937768861865,-0.09855612485378698,0.7855833953428605,0.42829761314527853,-0.066927580505963,0.6828649750703211,0.3876678814479547,-0.031260359640746735,0.5648227292007637,0.3072917905254286,-0.025863183866190537,0.5579998354448136,0.5700378111350699,-0.10488338325021791,0.6036827306268546,0.565422211291999,-0.07763989331471757,0.5208832649807598,0.5044493242188243,-0.041491257375241605,0.4277616758713973,0.43438000364933266,-0.018984768359171466,Fist
0.0,0.0,0.0,0.14780041067577426,-0.4597804311041827,0.028711996801056718,0.3757637291894523,-0.6861957142456948,0.018746107471884686,0.594655614976021,-0.6769333432783017,0.004839439158142048,0.693187786467337,-0.559757416467842,-0.0011084732094292008,0.7170679871356184,-0.6668406063095539,-0.06598810791366047,0.8231437983065996,-0.5659909039814693,-0.04570102755544237,0.7135786984663711,-0.4869759225866555,-0.00893064393495018,0.6042911051061943,-0.46058265883854815,0.013721652470468167,0.7825161605266252,-0.36144666310765783,-0.0877919494318025,0.7948556519769084,-0.3084041635193935,-0.028322392856592958,0.6770200550806561,-0.2738921483693825,0.007145321236900706,0.5670338861736965,-0.2516973724687195,0.00820721163121799,0.7694334455651018,-0.06264985145144852,-0.09564598039653062,0.7557111592799208,-0.07845724074556369,-0.042984608071584704,0.6499938238878785,-0.055693382751302804,-0.017174903806675686,0.5328694360460369,-0.04247701102158069,-0.02556982924837329,0.7288930938378286,0.19411240907532656,-0.10111775174322112,0.7017011914200229,0.14038238825945368,-0.050618871634091386,0.6020704790154346,0.13282898632389428,-0.010366116144914922,0.5035174909490501,0.12971540094398756,0.01003483514094238,Fist
0.0,0.0,0.0,-0.019512276319813036,-0.47428623898398453,0.009790181207448595,0.10651877282183878,-0.7803400528073574,-0.0035361015382692077,0.3050442354101683,-0.8167809665823713,-0.012866722450612258,0.4200231671804019,-0.7044645708223498,-0.01668845026612442,0.493584286674708,-0.8593402222723217,-0.07676697572813064,0.5442377794022653,-0.8376408727054993,-0.04650814815127576,0.4480022580953388,-0.7383743976100494,-0.01419145938571029,0.36070069458832754,-0.6636626831874681,-0.0002692098328461623,0.6375721320318838,-0.5869117063389838,-0.08285508124796606,0.6133945246736584,-0.5892933185935095,-0.009290801838049832,0.50467370339967,-0.5252185755776253,0.023728163818456514,0.4209462221861295,-0.4508169033651698,0.01712570051657004,0.6862358637060849,-0.29803375951493283,-0.07512584750323914,0.6287758629236746,-0.3450216548064956,-0.015151876574980069,0.531105633768729,-0.29761306717793756,-0.0013951618946457997,0.4341051290658886,-0.23973140344338395,-0.022716589968848795,0.6855869381500078,-0.045366829335131705,-0.06586168989646425,0.6182053093249607,-0.10782868729368927,-0.016244360254373348,0.5238488989445207,-0.09089256223591818,0.01266322912736101,0.4345952897156178,-0.06422116724392213,0.021821468356112733,Fist
0.0,0.0,0.0,-0.1282144438333206,-0.38668219687706173,-0.00595247514665892,-0.10190074460530697,-0.6740955554135059,-0.03218037962578766,0.06037677253494084,-0.8012917158623222,-0.05225030704201215,0.19279077335130723,-0.7785275783292772,-0.06399300187799033,0.17200829139397558,-0.9752761717126814,-0.09111198413134125,0.27031235283843946,-0.9606554918457811,-0.06381424519249103,0.2243183542329357,-0.819261340017989,-0.025741419672220635,0.1687615074648282,-0.7212428167786608,-0.008179483691128078,0.37105370506251817,-0.8401826323639532,-0.09584028482564114,0.42094780309693397,-0.8167954443376808,-0.03789945024367797,0.3482729664710352,-0.7054323518235455,-0.0038310870952781816,0.28673948326430604,-0.625104171856775,-0.003939670388444522,0.5026934580534206,-0.63893757845236,-0.08835832346930886,0.5021046312806655,-0.6420571727337814,-0.037385431990509636,0.43446693888624033,-0.5384249377333787,-0.01548486675205118,0.36336115768364274,-0.45311478012932904,-0.02635739675773625,0.5875685402259421,-0.43283301163458093,-0.08054477193323137,0.5673370857083064,-0.4556307343858506,-0.03371253959577407,0.4980732557896428,-0.3779697060078382,0.00024918641306304745,0.43042394265431094,-0.31257545511065044,0.015312881119053653,Fist
