0.0,0.0,0.0,-0.0974968467644209,-0.1516349880547816,-0.0299493740021331,-0.1492499288824841,-0.3367618809222842,-0.0569437772197307,-0.1853170098396302,-0.4801635022493804,-0.0925215149908458,-0.1915386737227104,-0.6060472201182378,-0.1249172843120555,0.0301329260093052,-0.5072417839881715,-0.0004166375453365,-0.0172618350558577,-0.6588938432697785,-0.0780410233821574,-0.0861976596393069,-0.6791635302406074,-0.1440208621835759,-0.1359675318956677,-0.6602212232663899,-0.1772698244023114,0.0960644603006462,-0.5164891079005371,-0.0210782330718117,0.1191974464240468,-0.7234395378237248,-0.0693157305242743,0.117004100813436,-0.8708369315591988,-0.1032598770055531,0.1007274843301926,-0.987362239726744,-0.1223510582802556,0.1491185172803029,-0.4812348138436106,-0.0555894778020417,0.1955494295100286,-0.6905149135628493,-0.0990683304783883,0.2049991518526695,-0.8379360105125486,-0.1220533096792856,0.2053097499292267,-0.958381744342735,-0.1308557991775388,0.1867535719991752,-0.4123374302241639,-0.0955449183021965,0.2666011037031762,-0.5505112032614976,-0.1252500120410127,0.3154154785156402,-0.6555466546661846,-0.137042752589529,0.3565667147022199,-0.7576669791649161,-0.140516685841208,Ok
0.0,0.0,0.0,-0.1081766080457388,-0.1190024021631553,-0.0335061647481679,-0.1843297536755991,-0.2859136908955479,-0.0641915736815017,-0.2406692877485135,-0.4071494602254023,-0.1028479973850079,-0.2747008676389706,-0.5140232179709351,-0.1395952502104477,-0.0364212789582116,-0.5062023155562206,-0.0157954415362027,-0.1050609918037154,-0.6451968314226648,-0.0903218483873262,-0.1787898527831728,-0.6370564241015794,-0.154776990778383,-0.2287810954769227,-0.6003417377828779,-0.1891106244249921,0.024931897727563,-0.5242627041158356,-0.0361827863796656,0.0162495229245365,-0.7434026566963869,-0.0851730622935494,-0.0080726297140638,-0.8819957010924545,-0.1235685065792709,-0.0457318951691263,-0.9878923211128326,-0.1482476160028887,0.0821824388511174,-0.4938541223666944,-0.0686200841366409,0.0988582639207525,-0.7158015881233316,-0.1114899748339427,0.0864619296271736,-0.8593207343351531,-0.1413228824103612,0.0657053858663737,-0.9775314687108728,-0.1577124737774459,0.1285283864711479,-0.4270545398800485,-0.1061435964290415,0.1870441518214777,-0.5830276630231963,-0.1316734177540622,0.2163610706926652,-0.6932820664572743,-0.1439723059016581,0.2358233788771421,-0.8008859220519015,-0.151510743555521,Ok
0.0,0.0,0.0,-0.1386257722548186,-0.0497359735569387,-0.0406752588442546,-0.2543698719175498,-0.1697784036619772,-0.0838695540392968,-0.3520325467906305,-0.2612368949929225,-0.1317231652759579,-0.4238601863124309,-0.3503576059871454,-0.1794177229242482,-0.1731725113113854,-0.4459198882840041,-0.0569120460589392,-0.2729073347148943,-0.5350133196632652,-0.1391971081182922,-0.3433132654145213,-0.5078340055080361,-0.2020589250215686,-0.3846220423616079,-0.4550443683853785,-0.2329469923851397,-0.1072677170804481,-0.485382193515346,-0.0783188757177036,-0.1601601349746283,-0.709527905365269,-0.1356343111831829,-0.2201734968046585,-0.8446441138225079,-0.1722169378930934,-0.2794832374548419,-0.9406373589254292,-0.1925888859086994,-0.0349801818276257,-0.4699114829878688,-0.1091367204613211,-0.0678559755798685,-0.7098387276448332,-0.1615740475566602,-0.1157739970185226,-0.851491848281241,-0.1940897125030536,-0.164313525240472,-0.9591431332811514,-0.2107158972771402,0.0277924166127027,-0.4134233914003962,-0.1433809640652391,0.0587039403118659,-0.6020255560409832,-0.1814135436431168,0.0686178759371337,-0.7348075663331612,-0.1971830555087169,0.0672825525623391,-0.8501366851864742,-0.2047598480104903,Ok
0.0,0.0,0.0,-0.144109008589689,0.0178972456546354,-0.0488818519660573,-0.2995250119335161,-0.0411553424316876,-0.0928607891091143,-0.405940897415459,-0.104270003286854,-0.1393657050758444,-0.4890378728010902,-0.1757489223627923,-0.1852697861620627,-0.2895319274856311,-0.3738140488254685,-0.0597153263436701,-0.402934206968881,-0.432369423787424,-0.1365222719819379,-0.4598209272622366,-0.384610126045265,-0.1950233110996607,-0.4841819435336513,-0.3207679894273145,-0.2245889161000783,-0.2315364347728201,-0.44463087359454,-0.0783568659985904,-0.325704860366162,-0.6482084562149699,-0.1364213625569344,-0.4119391463559355,-0.7554572414885071,-0.1752343929172398,-0.4888190305043186,-0.8334897236174083,-0.1969080243567562,-0.1511432252716343,-0.4579185838527266,-0.1072589134608679,-0.226439679050943,-0.678786135460821,-0.1650546929491626,-0.2988496414794871,-0.8027637940615785,-0.2063517546829508,-0.3646887675883303,-0.902513197862544,-0.2290677421175437,-0.0640485592931833,-0.4203065451706598,-0.139462742291259,-0.0643193641444395,-0.6142930393691075,-0.1842069806177282,-0.0785682389063205,-0.7444388244923102,-0.2061830548237141,-0.1014237686403878,-0.8594926281316925,-0.2185708243159937,Ok
0.0,0.0,0.0,-0.1428907258959329,-0.0511533744083037,-0.0312434958450288,-0.2724249288137009,-0.1735872661360263,-0.0567968438096462,-0.3623503647542275,-0.2807554095841846,-0.0883645258587914,-0.4126657133680649,-0.3885593012914188,-0.1137679006935623,-0.1883280434751782,-0.448209916605453,-0.0007435287536321,-0.2811111117253997,-0.5651541914344008,-0.0694032019969064,-0.3417139630611276,-0.5345335712875511,-0.1252133828898372,-0.3662427549260985,-0.4758193478018382,-0.152552942911293,-0.1281965568922854,-0.5007430561866214,-0.0192337602492258,-0.166925971137347,-0.7283815996988018,-0.0643764913623173,-0.1857971976537934,-0.864520454623942,-0.0907194846293722,-0.1969235183798188,-0.9749122312487024,-0.1037654531652499,-0.0631252469206473,-0.5037927993409592,-0.0510738922808155,-0.0981609835857194,-0.7165812405797166,-0.0879660278911022,-0.116542096387173,-0.8490648400937958,-0.1026018291969765,-0.1334343831513805,-0.9660426517987156,-0.1062039405427669,0.00308024322658,-0.4614043006714382,-0.0885290496521611,-0.0162847939833126,-0.6322774564827366,-0.1074378071016589,-0.0324828410079103,-0.741803876079463,-0.104729019435642,-0.0479792543359909,-0.836705445018547,-0.098031843940721,Ok
0.0,0.0,0.0,-0.1173592484740862,-0.1074652700486569,-0.020126694186674,-0.1934071176730191,-0.2595139246441113,-0.0533024665128624,-0.2683485813144733,-0.3812181531716244,-0.0972143007829892,-0.3293855218324113,-0.4782118069262434,-0.1416903431921751,-0.0547034673025059,-0.4789909226376913,-0.0024520448910179,-0.1427570681244545,-0.5844352895356912,-0.0783249156524407,-0.2225066939406188,-0.5865368348628363,-0.1485795392543618,-0.2685587358471878,-0.5538858128702562,-0.186586072624685,0.0101329701921409,-0.5178183442392849,-0.0321231370463329,0.0222855675511337,-0.7243138657940218,-0.0736390963999517,0.0215439657635584,-0.8684976114110572,-0.1032532131369936,0.0195673392509413,-0.992246540187194,-0.1227351731215703,0.0714665769447852,-0.498854928123339,-0.0744104046854916,0.1430254075186855,-0.7009661693234494,-0.1156738229193674,0.1762570021426262,-0.8372002806374013,-0.1397378327734762,0.2017588144731173,-0.9586743854856484,-0.1527466790649405,0.1141327958242873,-0.4365844940609255,-0.1204612503572433,0.2052121370434786,-0.56613704377739,-0.1456477910141687,0.2643594731443134,-0.6530038520621331,-0.1497190565915851,0.3172377732118782,-0.7385454873659979,-0.1504853327159933,Ok
0.0,0.0,0.0,-0.1311941935696999,-0.104086430045874,-0.0248617604163586,-0.2182317322963553,-0.2573871859597952,-0.0573279581827746,-0.2974190410933043,-0.3686054020748112,-0.0995103444675004,-0.3640341088557421,-0.4619674318546978,-0.1428733445923716,-0.0814313599026473,-0.5093982846800945,-0.0039072736204769,-0.1794349740378325,-0.6121062713203566,-0.0822982796468797,-0.2592962353020021,-0.5880257653826902,-0.1540015239976558,-0.3003496812749835,-0.5304061202188686,-0.1927025533632516,-0.0187188981457082,-0.5464281554449647,-0.0320862519710581,-0.0266366549534778,-0.7536630105989368,-0.1047271001953673,-0.0920540091418454,-0.8338833621620473,-0.1516731959257197,-0.1622074589885322,-0.8493073962048264,-0.1682015511059494,0.0417986109958203,-0.5276625281731113,-0.071499688666178,0.0828436325629615,-0.7476200789846479,-0.1298591431026413,0.0573313725264753,-0.8898615645004315,-0.1654323896721536,0.0306714188255955,-0.9837555165303254,-0.1768738187617869,0.0847301729458139,-0.4691400236396285,-0.1140993504161584,0.1631254559624376,-0.6126716279310425,-0.1494324849653057,0.2086671357781568,-0.7182666847790287,-0.1671112980680954,0.24994435503127,-0.8121719571042705,-0.1733959706405972,Ok
0.0,0.0,0.0,-0.1326457964500993,-0.0836871581282995,-0.027747300659991,-0.2227694460691679,-0.2353952625657266,-0.0594941385847281,-0.300326432372585,-0.3490022038315011,-0.0990880685958418,-0.3588543354929283,-0.4392758210964376,-0.1376271395735624,-0.1061257576945806,-0.4711463562703457,-0.0148092239351185,-0.1990220498019804,-0.5827830014971848,-0.0876838174023542,-0.2803752631514511,-0.5736119131762889,-0.1494643229958143,-0.327869664805776,-0.5306495051155555,-0.1813418288639482,-0.0380744530348993,-0.5053770251864358,-0.0402186543901062,-0.0435775229661569,-0.7241677032261784,-0.0893533475294474,-0.0672823133078893,-0.8702264834469554,-0.1180216304666854,-0.0925472362227081,-0.9868752532621934,-0.1323338337924955,0.0255119591064483,-0.4860482672983263,-0.0773590954737518,0.0612776139790718,-0.7036489761723767,-0.120101332202962,0.0732075336931973,-0.8483685361950187,-0.139548640752917,0.0771925558034234,-0.9703080629276638,-0.1462717124670453,0.0740199127305444,-0.4238691536304967,-0.1187940908789215,0.1239950997691657,-0.5892136297872032,-0.1442889245531771,0.1496368310522296,-0.7076544543385552,-0.1447390555041434,0.1661839562108567,-0.8159907690095,-0.1404490166615308,Ok
0.0,0.0,0.0,-0.0661918635702873,-0.1842692183918111,-0.0047951038322164,-0.0850727540942728,-0.3536227857295084,-0.0367727100596813,-0.103418483770532,-0.4901422639824065,-0.0828251556412863,-0.1016457297111235,-0.6180955235296823,-0.1281369286192487,0.1506878751969801,-0.4699838186899965,0.0080061929410477,0.1058466883636719,-0.6404980262415949,-0.0662615122629823,0.0296032782253289,-0.6763286920610396,-0.1338785757283578,-0.0312110558579156,-0.6569559773775518,-0.1678820381797668,0.2089267139492266,-0.4647055180685135,-0.0299881895118937,0.2931747209146498,-0.668815919393462,-0.0808351021792621,0.3138754823335273,-0.8225588286023494,-0.1126481718017264,0.3107640161232472,-0.9418164669029973,-0.128091642792594,0.245107178395427,-0.4216513958520959,-0.0783042935890807,0.3787059528693865,-0.5904573818582144,-0.1128692597894302,0.4457437593942282,-0.7299017490530884,-0.1295579686647858,0.4903494970553783,-0.8330935589933145,-0.1362154745770911,0.2562420071638249,-0.362339400293952,-0.1301761408713027,0.38348824416833,-0.4702180528148212,-0.1473460506798222,0.4649024907417811,-0.5660237250206602,-0.1480054669930446,0.537251269160848,-0.6501066205540021,-0.1451187170368111,Ok
0.0,0.0,0.0,-0.1196503276959821,0.02667581354488,-0.0760258291156991,-0.2465522562488188,-0.014288429261704,-0.1374343465426491,-0.3336093204616437,-0.0719432820298649,-0.1969959195198657,-0.3276420085483537,-0.1603342684366111,-0.2508426211275856,-0.2631892302785584,-0.3302630787440396,-0.0777103862073023,-0.3526827838896593,-0.438498616575416,-0.1721217700904722,-0.3566155899876323,-0.3633209963659058,-0.2402122138802259,-0.3300691202357328,-0.2708050751501281,-0.2734801007363205,-0.1898306000772283,-0.4209469154650799,-0.0811064756046283,-0.2684893523702317,-0.6217425755520104,-0.1423810032690223,-0.3176553182547863,-0.7441666471515732,-0.1891500491207927,-0.3570016772069977,-0.8625355449621913,-0.2208013101081226,-0.0933935377209347,-0.4517521811309479,-0.0989347477099683,-0.1337218116214492,-0.6795552483328265,-0.1628092600158211,-0.1661956808341629,-0.8221366809147119,-0.2112026654887878,-0.1932318500746058,-0.9513122755013188,-0.2401383072257487,0.0151614712737406,-0.432614102987606,-0.1215497622688944,0.0413980191167301,-0.6215688019945975,-0.1658073685116685,0.054838337353904,-0.7396403005712228,-0.187604999774072,0.0601529834612348,-0.8499749875238246,-0.2008450123937345,Ok
0.0,0.0,0.0,-0.1237890400137882,0.0333660376740635,-0.0655437744031719,-0.2555478483975756,-0.0094171158325145,-0.1139844341465713,-0.3134023732140755,-0.1065087321105714,-0.1618167081894305,-0.2891806306291724,-0.2246908501344966,-0.2019574196253283,-0.3246489070735177,-0.2949113852860636,-0.0408310190397058,-0.4069973875996927,-0.3848539436129373,-0.1254594629738048,-0.3861321300622016,-0.388628287959246,-0.1942157512710422,-0.3357312623920818,-0.375923226455378,-0.2340494786088085,-0.2660471329247753,-0.4051279882700641,-0.0504897354133039,-0.3803733641886766,-0.5940167970730788,-0.1115492963456323,-0.4323626683560709,-0.7265012539485156,-0.1602121849901954,-0.4701273784695308,-0.8472037434699811,-0.193040267552614,-0.1814880144732755,-0.4619624430109675,-0.0748288243368713,-0.2641692269349977,-0.6653582062230093,-0.1353920292447304,-0.3111165121082891,-0.8003829037236206,-0.1778120850771219,-0.3494696400566356,-0.9147414299151594,-0.2027784186629708,-0.0661916593812247,-0.4763013908820495,-0.1054315418185819,-0.0830435961840749,-0.6542155143792447,-0.1441519600093314,-0.0979890689237896,-0.762559862226281,-0.1623735450485135,-0.1164662639099883,-0.8587441824375756,-0.1737291464434391,Ok
0.0,0.0,0.0,-0.1562391740810279,-0.0578607636376103,-0.0147780797451745,-0.2796883432474869,-0.1727354046891147,-0.0397454879669843,-0.3747588480047279,-0.2394151312418402,-0.0730556701960202,-0.4475426080631308,-0.2977593672442431,-0.1065230356655849,-0.1888309205438472,-0.4525385891147929,-0.0092055971034165,-0.3034624461194314,-0.5365027225706275,-0.0788001278769276,-0.3899374335124401,-0.4827704243273871,-0.1436390972679926,-0.4348472306528298,-0.4027916095858483,-0.1790330884172452,-0.1349781440097525,-0.4998192718843159,-0.0402096314820402,-0.186036231987154,-0.7196599491882751,-0.0905824504551642,-0.2501953296094702,-0.8449582112468221,-0.1279457504217432,-0.3061509890440628,-0.9368527127572764,-0.1482085917666513,-0.0756827951686485,-0.4876413694226374,-0.0801912278536141,-0.0912065638730545,-0.7159336977793509,-0.1217029854745001,-0.1215658937826902,-0.8589284156889713,-0.1467317881874675,-0.1523603608144959,-0.9755614460910418,-0.1583230411318323,-0.026970225813396,-0.4211986414788998,-0.1228206704947018,-0.0108106627637245,-0.5862047851061176,-0.1486833535929936,-0.0161078695271645,-0.706628204065977,-0.1501394377846762,-0.0268674384612186,-0.8147883842735228,-0.146931231032569,Ok
0.0,0.0,0.0,-0.1037373636369261,-0.1496957297613176,0.0026872874839098,-0.1483924928477469,-0.2996384041316963,-0.0166821764702943,-0.1936714666139163,-0.4214422117928609,-0.0501066083972917,-0.2197608109412458,-0.5426635779029408,-0.0790579814386232,0.0355461735894787,-0.4858669071855193,0.030926507095988,-0.0547956237391055,-0.6213628799008729,-0.0404433488760055,-0.1410050770905271,-0.6111465044217133,-0.1109774599746761,-0.2027637726285615,-0.5601400659518331,-0.1492513327356311,0.0755903931368419,-0.4978799667714152,-0.0082634042565369,0.094273461975472,-0.7259577719535121,-0.0478356775564403,0.0883407503502684,-0.8765262063207178,-0.0813655727243087,0.0654112950956849,-0.9823645145761408,-0.1041073147140093,0.1046274545577719,-0.4784568008138631,-0.0588748917010769,0.1459837515178368,-0.7098634959437614,-0.0864485742502182,0.1514155015256136,-0.8660270822110163,-0.0977327899358776,0.1521237728476638,-0.9829703834499228,-0.1030901692447143,0.1151259893008646,-0.443244503408234,-0.1135393997874449,0.1628221028711186,-0.6268355908879569,-0.1261298544728383,0.1824279724773794,-0.7516162892898545,-0.1219892777808597,0.1984857077573883,-0.8594348693506355,-0.1171645937977891,Ok
0.0,0.0,0.0,-0.1381647872210022,-0.0810855423718755,-0.0256184909183858,-0.2370750456836641,-0.2096014694827803,-0.0558559944453498,-0.3211853493992898,-0.3097883850977901,-0.0946368369586177,-0.3744552485993313,-0.4113086118701252,-0.1322657691146283,-0.1218227184945142,-0.4649236585189288,-0.0099926437467677,-0.2204922978863862,-0.5730042985271936,-0.088300310841057,-0.3044623728946568,-0.5655936734151513,-0.1569257473774294,-0.356192702857787,-0.5212974739491072,-0.1917548851494659,-0.0626147295434762,-0.5086874040918594,-0.0344941385413753,-0.0812785410034883,-0.7294355825373687,-0.082823321741681,-0.1234971590860641,-0.8721670441808459,-0.1158697920264302,-0.1679274263038393,-0.9731486561044432,-0.1330501274066457,-0.003915823034326,-0.5034525338518159,-0.0707994550928482,0.0016708243784662,-0.7302160148943485,-0.1106347711108416,-0.0188897578108315,-0.8781611852346389,-0.1309165867998805,-0.0439435517234789,-0.9895213956752336,-0.1375368014855084,0.0406053852458121,-0.4580387906091046,-0.1119568820526438,0.0814190375784792,-0.6360666348901355,-0.1358866029150008,0.0955420908097826,-0.7641650233236962,-0.1380266979079801,0.0996214470357806,-0.8732644309179171,-0.1337077005982811,Ok
0.0,0.0,0.0,-0.1620260304515361,-0.0295315620297956,-0.046456059373856,-0.2918707859102475,-0.1317278831656458,-0.0852234739693682,-0.405354718239984,-0.2064342754241417,-0.125817414132876,-0.4770437998001257,-0.2877155306346143,-0.1628374829213516,-0.2106926500362547,-0.4230764571907771,-0.0557982132209869,-0.3317783582574772,-0.529121464354751,-0.1402224720348805,-0.4093857114724126,-0.4697479446068628,-0.2024088473187002,-0.4449241369894745,-0.3897573024756021,-0.2283001994883682,-0.1513743866875367,-0.4797708846929788,-0.0641698981836586,-0.2057330639360795,-0.6988440237484631,-0.1238402467794664,-0.2597468426743084,-0.8340420347239735,-0.1512918301802836,-0.3115491980570115,-0.936597684591752,-0.1603804053100074,-0.091690730671066,-0.4899113419097246,-0.0833681203856084,-0.1276562907479112,-0.7129159543096952,-0.1311578689081419,-0.1631494475248078,-0.8543542416605163,-0.1479440998344261,-0.2017112801035126,-0.9652792254998044,-0.1475308118018996,-0.0412700446873343,-0.4600668548494165,-0.107309187569773,-0.0401682891602162,-0.6536773003858383,-0.1377752685864163,-0.0479620356403689,-0.7819873612415382,-0.138877088968463,-0.060632872751513,-0.8868367353692405,-0.1293274925787605,Ok
0.0,0.0,0.0,-0.1467908634344285,0.0037181079799734,-0.0917522374622938,-0.2754682991803112,-0.0892993371567569,-0.1507748959321412,-0.3809567692117129,-0.1734181567454927,-0.2005965246365046,-0.4601034209604124,-0.2587859605324689,-0.2471655980619064,-0.2044360213297051,-0.387785948397344,-0.1179092351139662,-0.3366929128301643,-0.4813131880556676,-0.2056906940552273,-0.4185478634494064,-0.4365293239305657,-0.2680718777191612,-0.4585931020766248,-0.3726773125077564,-0.2956519717916245,-0.1562437264941212,-0.4510471404043438,-0.1022202715729462,-0.2287532695283532,-0.6776534049817522,-0.1715397534144069,-0.2982445269309767,-0.8080022190268163,-0.2069053092141143,-0.3596355232513061,-0.9061786720671368,-0.2224915834506997,-0.1141990484987017,-0.4681519350514422,-0.0960851195059466,-0.1678123977540445,-0.6950314806891753,-0.1534372972021786,-0.2216641793184179,-0.8350666691869276,-0.1785134961145087,-0.2712786498373585,-0.9407301567037356,-0.1845790357891034,-0.0852556440403604,-0.4483814894727736,-0.0963130368387321,-0.0991827648949588,-0.6451613701296591,-0.1281593562069803,-0.120475785223767,-0.7781123274351965,-0.1317815836971592,-0.1391115108935179,-0.8869297816898942,-0.1265411485603058,Ok
0.0,0.0,0.0,-0.1638975415165925,-0.1220433071325405,0.0776633019290955,-0.2209776435683976,-0.224868676339184,0.0841722994306523,-0.3011692967294465,-0.2901168163090676,0.0671738030190398,-0.3765459000531495,-0.3478216075704481,0.046482829415336,-0.1124021976975921,-0.5084326209653587,0.0593505655615063,-0.2675390092022774,-0.5789513396032165,0.020217189859063,-0.3419238166228396,-0.4985242954741755,-0.0242591934664038,-0.3706501734355891,-0.4096406659603236,-0.0511840083709474,-0.0767595897709711,-0.494669044424224,-0.0046013023668041,-0.2058032694668459,-0.7064582689344855,-0.0294442207062882,-0.2854560751428222,-0.8401428779623934,-0.0619610512539622,-0.3436634160859284,-0.9342848148489332,-0.0949070133701644,-0.0797854388815709,-0.4355825855931061,-0.0664886574677263,-0.1653143026971487,-0.6821770168117002,-0.0753958904027393,-0.223333158838357,-0.8146140250379987,-0.0793721843052025,-0.2643081606493945,-0.917702969052042,-0.0924415796929529,-0.1225759616274685,-0.3805770205547045,-0.1230709405941662,-0.1655957970362165,-0.5571266115664973,-0.1339099635533146,-0.1938789536561252,-0.6757308021812957,-0.1344131583381803,-0.2178346437275645,-0.7856066612974427,-0.1403873438331963,Ok
0.0,0.0,0.0,-0.1766544319551834,-0.0948226205318291,0.0501265164869778,-0.2566586426551711,-0.1963689181892824,0.0389301669888446,-0.3537950293719868,-0.2754772833099015,0.0098118761973711,-0.4535520027911587,-0.3531755724755562,-0.0186279516387019,-0.143293364393757,-0.4714488969941043,0.0152189052130577,-0.3060661460072035,-0.5751808090004377,-0.0382125721326858,-0.4068342678450904,-0.5080361447630763,-0.0851198424608954,-0.4564418097887868,-0.4247383980620009,-0.1102990239236071,-0.1096873543783054,-0.4766453694153515,-0.0355039190827994,-0.2286898256498355,-0.6913143021743506,-0.0745847217785939,-0.3039815653486365,-0.8264147742892737,-0.1025436907041759,-0.3529492272536836,-0.9270205591970426,-0.1267269734785377,-0.108546701597509,-0.4376783521938256,-0.0844108906113738,-0.1832111397492259,-0.6901372664448338,-0.1014434699967369,-0.2398788672810614,-0.8299667103778353,-0.0939296049302334,-0.279105637116036,-0.928829156930464,-0.093985633318737,-0.1448873162549873,-0.3988446940334091,-0.1301343837134112,-0.182979452049753,-0.5828514571872755,-0.1509760735481453,-0.2169518613517616,-0.7089983087888723,-0.1469198819630515,-0.2433228041705402,-0.8146085412426248,-0.1426055100759546,Ok
0.0,0.0,0.0,-0.0990114361205493,-0.0919213315002785,0.0237885348989846,-0.1397793500718762,-0.2142509642560058,0.0131399292789371,-0.1846049436802352,-0.3037985878657382,-0.0081399456298876,-0.2318305113113468,-0.3711938558798004,-0.0299617569023278,-0.0885667711870501,-0.4662038969123316,-0.0069111245028436,-0.2390323720703152,-0.5750576905395214,-0.0629915217312256,-0.316307207944977,-0.5006181585597297,-0.107898317556339,-0.3493860869233153,-0.4072409328742917,-0.1296519751535582,-0.0747175777507203,-0.4613387838435903,-0.0487022064171108,-0.1945027102181493,-0.68548676417659,-0.0851222976667898,-0.2703614263364214,-0.8259420293839133,-0.1102916781422325,-0.3325288585036527,-0.933718598898587,-0.1326428902471493,-0.0923395258480517,-0.4119742149747205,-0.0926641875783134,-0.1768097810254503,-0.641393808041562,-0.1203999176990535,-0.2327638345424173,-0.7794936265740636,-0.1327756905608171,-0.2728643385820595,-0.8902401451803706,-0.145718170859538,-0.1435303413661925,-0.3468412739429669,-0.1347002944944398,-0.1847208273539938,-0.5280900938497235,-0.1636998555258808,-0.2035264399376876,-0.6509596832375242,-0.1706671816126888,-0.21847943631079,-0.7587088609286111,-0.1769672072300294,Ok
0.0,0.0,0.0,-0.1751270941273402,-0.0657949530644293,0.0075957799061451,-0.2660513407993201,-0.1727412696308403,-0.012903735713979,-0.363280366258485,-0.2475181199978087,-0.0455551149068339,-0.4567667097938954,-0.3210646913281266,-0.0771832522307604,-0.1365772167064587,-0.4674775273050996,0.0110776316551004,-0.292282569440063,-0.534610493892324,-0.0423854225072724,-0.3845686172552886,-0.4833549453537122,-0.0957894891492966,-0.4356233032552216,-0.4137951920517759,-0.1276776611190489,-0.1010979005489008,-0.48396231617548,-0.0238811738075922,-0.2184312854332007,-0.6937535911587751,-0.0700996134606087,-0.3067835157077159,-0.8256981607569198,-0.1126742856372582,-0.374927119092556,-0.9158411718940932,-0.1437518807967761,-0.0957839194912634,-0.4515852139044099,-0.0622936022805482,-0.1860295929903825,-0.6946054512077408,-0.0882286533777931,-0.2589022780474156,-0.8342968879680942,-0.0963150077642566,-0.3060173681372979,-0.9413562037571596,-0.1030378274966724,-0.124799936929401,-0.4060962211509876,-0.102142236427519,-0.1770815954546397,-0.5933239911261301,-0.1205265759378753,-0.2115845598060007,-0.716526915178084,-0.1200293231796049,-0.2320839028775959,-0.8260863387683793,-0.1184293649388967,Ok
0.0,0.0,0.0,-0.1633521805989553,-0.0090950796770686,-0.0380649492322392,-0.3043364234059835,-0.0878842195009178,-0.0749798440247557,-0.4182416075020364,-0.1641642641054292,-0.1204273665326092,-0.4857481256906104,-0.2736511260567563,-0.1602872710145519,-0.2134417156342575,-0.4114679023946188,0.0011928330233241,-0.3442641228029677,-0.4888492793432831,-0.0853893942420286,-0.4330610310148246,-0.4560649044569954,-0.1598221050665243,-0.4816199043683581,-0.3946400667266346,-0.193498312785973,-0.1777769931544973,-0.4862444778320476,-0.0122973535995184,-0.2549474328678292,-0.685521023276839,-0.0550137312416536,-0.3261438972006992,-0.7884001751581794,-0.07593893040762,-0.3913751899959824,-0.8628846618086146,-0.0811563876649139,-0.1311054791166303,-0.5237974116122687,-0.0424535939066287,-0.1879917228487974,-0.7415917045646219,-0.073999431397508,-0.2479816051892873,-0.8626364502385295,-0.0754305351061211,-0.3028206714581158,-0.9508063686404836,-0.065321438214057,-0.0848746542136368,-0.5227491863202963,-0.0810025866598519,-0.0983201102480825,-0.7192613251023786,-0.0977295775026474,-0.1162945044530527,-0.8417474870508476,-0.0900210320796378,-0.138028707555455,-0.9452331811070268,-0.0745520145353718,Ok
0.0,0.0,0.0,-0.0992809503152492,-0.1545380678812124,0.083972232410804,-0.1628171754502615,-0.3009047767399544,0.0921180884497382,-0.2387623702706365,-0.3685358029562826,0.0747723450994657,-0.3113795459946064,-0.435217473261553,0.0450126437051924,-0.024442601014357,-0.5355209658353046,0.0664610091705025,-0.1522038723500086,-0.7597224597664565,0.0770582960764144,-0.237905370256646,-0.8232129345265325,0.0747190320165231,-0.288276818110388,-0.8247220555390286,0.064322842772093,-0.0270478782063974,-0.5256484339927793,-0.0015622671071231,-0.212249101585689,-0.6119565875720511,-0.0233828083873684,-0.2939792246561652,-0.5470403686509981,-0.050207519899203,-0.3312198873296409,-0.4668134518249186,-0.0691068563700066,-0.0622457367553886,-0.4909006679174587,-0.0635310962330406,-0.1814080042087695,-0.7038856236645036,-0.0662950566764658,-0.2275275889463681,-0.8559570194615429,-0.0864535795764402,-0.2516028329781772,-0.9614130589346432,-0.111269692851593,-0.1186793943372326,-0.4538581143441737,-0.1179684705885901,-0.1670946929822569,-0.6499913969406798,-0.1215363495654285,-0.1776994446105591,-0.772294406254746,-0.1237970291612064,-0.1759726173746522,-0.884868762241857,-0.1326403557233346,Ok
0.0,0.0,0.0,-0.0953900465171232,-0.1438960219896884,0.0558932852061,-0.1495387123971344,-0.2840132510567427,0.0693676798708871,-0.2005038910996227,-0.3678858125019217,0.0641191994021531,-0.2476454947434541,-0.443050861959164,0.0487813972778991,-0.0260610841367758,-0.496180133853242,0.0598700483680686,-0.1372385994590497,-0.6960377918890273,0.0576781473418172,-0.2065367652915959,-0.8019936677704673,0.0471415605710547,-0.2473549759335772,-0.8820817855502965,0.0330878522045065,-0.022916657718276,-0.4872549270021784,0.0050904080850436,-0.1662218239227419,-0.7007697944735356,-0.0070296431638391,-0.2569396950938605,-0.8160702329498367,-0.0296734505761714,-0.3146056657773314,-0.8940704719304557,-0.0523478878835411,-0.056492170152828,-0.4630275088766848,-0.0494832306198299,-0.1534885109212059,-0.6977674136000546,-0.0674749526216372,-0.207161878704533,-0.8510596318461698,-0.0961714901853567,-0.23916669656694,-0.9631563817397392,-0.1230003071836456,-0.1177552623806195,-0.430405347372575,-0.0994551456068029,-0.1542025528976332,-0.6203489892163128,-0.1270485522409692,-0.1687399361454774,-0.7412327853015439,-0.1489067287264325,-0.1739891229570508,-0.8461141018212877,-0.1698163839006185,Ok
0.0,0.0,0.0,-0.1313914562353496,-0.1382410927071871,0.0457899042244876,-0.1886796396721189,-0.2637402987465146,0.0414744823614692,-0.2543633851860721,-0.326959837080403,0.0195922303568114,-0.3145966414242083,-0.3875763329673109,-0.0119236531581337,-0.0280363734338886,-0.5075184622642898,0.0315362491608987,-0.15888382624929,-0.6953164810189686,0.0230589198156495,-0.2431887416168653,-0.7423628309439487,0.0110924813648151,-0.2885724628441627,-0.7452017915095265,-0.0016546917146632,-0.0269959575583481,-0.4957412940037013,-0.0207847483004767,-0.1862645170387434,-0.6794578953615942,-0.046956840327559,-0.2834162771781642,-0.7305591855419926,-0.077017611861857,-0.33637918195714,-0.7496549072370521,-0.0996853120840077,-0.0609206435621067,-0.4658162857090191,-0.0711236431975251,-0.1655066418767438,-0.6960773933278142,-0.0896331465560549,-0.2183045736979666,-0.8488098328462085,-0.1240783969206406,-0.2421189293253959,-0.9578328569332324,-0.1547082487828169,-0.1200161295125964,-0.4304422817208534,-0.1167775118862746,-0.1591581701679236,-0.6198558134396015,-0.1359332569213642,-0.1722890671435709,-0.7410008196359492,-0.1547910237946442,-0.1723528159531717,-0.845572221577781,-0.1745622011275321,Ok
0.0,0.0,0.0,-0.1313914562353496,-0.1382410927071871,0.0457899042244876,-0.1886796396721189,-0.2637402987465146,0.0414744823614692,-0.2543633851860721,-0.326959837080403,0.0195922303568114,-0.3145966414242083,-0.3875763329673109,-0.0119236531581337,-0.0280363734338886,-0.5075184622642898,0.0315362491608987,-0.15888382624929,-0.6953164810189686,0.0230589198156495,-0.2431887416168653,-0.7423628309439487,0.0110924813648151,-0.2885724628441627,-0.7452017915095265,-0.0016546917146632,-0.0269959575583481,-0.4957412940037013,-0.0207847483004767,-0.1862645170387434,-0.6794578953615942,-0.046956840327559,-0.2834162771781642,-0.7305591855419926,-0.077017611861857,-0.33637918195714,-0.7496549072370521,-0.0996853120840077,-0.0609206435621067,-0.4658162857090191,-0.0711236431975251,-0.1655066418767438,-0.6960773933278142,-0.0896331465560549,-0.2183045736979666,-0.8488098328462085,-0.1240783969206406,-0.2421189293253959,-0.9578328569332324,-0.1547082487828169,-0.1200161295125964,-0.4304422817208534,-0.1167775118862746,-0.1591581701679236,-0.6198558134396015,-0.1359332569213642,-0.1722890671435709,-0.7410008196359492,-0.1547910237946442,-0.1723528159531717,-0.845572221577781,-0.1745622011275321,Ok
0.0,0.0,0.0,-0.1157650710140346,-0.1523959415711448,0.0440362724232438,-0.1771019749861142,-0.3035821457094043,0.0350551368407453,-0.2431741613884751,-0.38144241804595,0.008095086194348,-0.2976595991772801,-0.4637277617593562,-0.0249866446332284,-0.0263589765700248,-0.5139337105416016,0.0350317037798399,-0.1174262521936656,-0.7550198292690338,0.021516563362011,-0.1702371302509287,-0.8586175356974205,0.0042992971771983,-0.1986679370496317,-0.9301459964409236,-0.0131100884936195,-0.0251854864452724,-0.4988564120590471,-0.0163473324937067,-0.1962777236471538,-0.581747283530862,-0.0699003072510406,-0.2657618362119632,-0.5163778335769026,-0.0998329965481552,-0.2901846133899235,-0.4573991135677507,-0.1098575603234057,-0.0554788117442353,-0.4703999026236681,-0.0671111510324376,-0.1614667974792966,-0.6865216434854383,-0.0938520836119125,-0.2013674388467779,-0.8414811264961327,-0.1083638581833977,-0.221250405441588,-0.9679643288124666,-0.1187152738217117,-0.1047766666014574,-0.4393243604151979,-0.1140051008903371,-0.1504236925835371,-0.6295888533556987,-0.1187250605949076,-0.1600849841890751,-0.738598744217699,-0.1100556024342043,-0.1583393797335928,-0.8454100051767526,-0.1059270175618216,Ok
0.0,0.0,0.0,-0.1434881853033604,-0.140357351776075,0.035705137808255,-0.1977710195186162,-0.2710021017224826,0.0350800571237804,-0.2529091983608351,-0.3380638973907945,0.0194128490732226,-0.3090718111728592,-0.3973657294617409,-0.0054275277840094,-0.0369554381752482,-0.5001052389987586,0.0306894779205367,-0.1497540452237495,-0.6998640893283496,0.0195464988191701,-0.2188487621944609,-0.8020686991637418,0.0047739290137277,-0.2592477804457474,-0.8755471604508965,-0.0102157440329378,-0.0323302947644707,-0.4880069652539003,-0.0143133359971949,-0.183461593306322,-0.6926036953829261,-0.0381934219988997,-0.2829681283552967,-0.7960250611317303,-0.0677838078300881,-0.3407635530938321,-0.8673889433362838,-0.0917844290581428,-0.0638469673536472,-0.4596895867552087,-0.0589035628968564,-0.1723460998151055,-0.6902535597239344,-0.0859716821801049,-0.235442887864777,-0.8427327615231583,-0.1203899296108422,-0.2696498681282811,-0.95169132210151,-0.1468760567794511,-0.1224860516832582,-0.4262251561546009,-0.0997679377023616,-0.1606006454185437,-0.617850671622469,-0.1266383908564724,-0.1774885466381719,-0.739296411434216,-0.1476991300867132,-0.1815484779895218,-0.8415333269570618,-0.1660278821506483,Ok
0.0,0.0,0.0,-0.1434881853033604,-0.140357351776075,0.035705137808255,-0.1977710195186162,-0.2710021017224826,0.0350800571237804,-0.2529091983608351,-0.3380638973907945,0.0194128490732226,-0.3090718111728592,-0.3973657294617409,-0.0054275277840094,-0.0369554381752482,-0.5001052389987586,0.0306894779205367,-0.1497540452237495,-0.6998640893283496,0.0195464988191701,-0.2188487621944609,-0.8020686991637418,0.0047739290137277,-0.2592477804457474,-0.8755471604508965,-0.0102157440329378,-0.0323302947644707,-0.4880069652539003,-0.0143133359971949,-0.183461593306322,-0.6926036953829261,-0.0381934219988997,-0.2829681283552967,-0.7960250611317303,-0.0677838078300881,-0.3407635530938321,-0.8673889433362838,-0.0917844290581428,-0.0638469673536472,-0.4596895867552087,-0.0589035628968564,-0.1723460998151055,-0.6902535597239344,-0.0859716821801049,-0.235442887864777,-0.8427327615231583,-0.1203899296108422,-0.2696498681282811,-0.95169132210151,-0.1468760567794511,-0.1224860516832582,-0.4262251561546009,-0.0997679377023616,-0.1606006454185437,-0.617850671622469,-0.1266383908564724,-0.1774885466381719,-0.739296411434216,-0.1476991300867132,-0.1815484779895218,-0.8415333269570618,-0.1660278821506483,Ok
0.0,0.0,0.0,-0.1210708583512944,-0.1407340336627855,0.0499255462051116,-0.1842539557335168,-0.2820122911664248,0.03593718982698,-0.2532266392329947,-0.3540277680525933,0.0021517571455397,-0.3175122566843331,-0.4316025930688549,-0.0401337045596985,-0.035622223673882,-0.5040878817570923,0.025257421197899,-0.1369939363185532,-0.7483241875182041,0.0106907272379436,-0.1909318870481094,-0.8429354566060139,-0.0096156419853587,-0.2213044237606787,-0.9114974323305388,-0.0312496090320261,-0.03397479330599,-0.4839130207102677,-0.0306226519952599,-0.2034175269691081,-0.5749727624451199,-0.0924172573734506,-0.283010812860302,-0.5092634999085816,-0.1289320307994442,-0.3240196032052171,-0.4486360853713369,-0.1444497038792003,-0.0637945940994682,-0.450125287188123,-0.0837741085765295,-0.163363462302623,-0.6736626212786819,-0.1163070399202047,-0.1990404653187101,-0.8356189134862418,-0.1375578293723775,-0.2210820113938313,-0.9629699694319086,-0.154310019798997,-0.115330903141826,-0.4244816904569579,-0.1312120407235228,-0.1632539722640053,-0.6154126851097682,-0.1409587993415118,-0.1748503059465757,-0.7331046602755806,-0.1370000908911771,-0.1734066849358348,-0.849570621592043,-0.138449220726745,Ok
0.0,0.0,0.0,-0.1210708583512944,-0.1407340336627855,0.0499255462051116,-0.1842539557335168,-0.2820122911664248,0.03593718982698,-0.2532266392329947,-0.3540277680525933,0.0021517571455397,-0.3175122566843331,-0.4316025930688549,-0.0401337045596985,-0.035622223673882,-0.5040878817570923,0.025257421197899,-0.1369939363185532,-0.7483241875182041,0.0106907272379436,-0.1909318870481094,-0.8429354566060139,-0.0096156419853587,-0.2213044237606787,-0.9114974323305388,-0.0312496090320261,-0.03397479330599,-0.4839130207102677,-0.0306226519952599,-0.2034175269691081,-0.5749727624451199,-0.0924172573734506,-0.283010812860302,-0.5092634999085816,-0.1289320307994442,-0.3240196032052171,-0.4486360853713369,-0.1444497038792003,-0.0637945940994682,-0.450125287188123,-0.0837741085765295,-0.163363462302623,-0.6736626212786819,-0.1163070399202047,-0.1990404653187101,-0.8356189134862418,-0.1375578293723775,-0.2210820113938313,-0.9629699694319086,-0.154310019798997,-0.115330903141826,-0.4244816904569579,-0.1312120407235228,-0.1632539722640053,-0.6154126851097682,-0.1409587993415118,-0.1748503059465757,-0.7331046602755806,-0.1370000908911771,-0.1734066849358348,-0.849570621592043,-0.138449220726745,Ok
0.0,0.0,0.0,-0.1162729459226056,-0.1583763046177661,0.0718912314918241,-0.1741355261406263,-0.3094445817358899,0.0761683994467592,-0.2324131482916715,-0.3889947949980953,0.0582387271243338,-0.2866268818609134,-0.4604016570174957,0.0300965070168486,-0.0282672448489923,-0.5434048037452953,0.0453722816484302,-0.1989525302386522,-0.688806881525978,0.0390185895105895,-0.2971921479711784,-0.6367507401342531,0.0288039198482091,-0.341788305426972,-0.5562494891759641,0.0197874718071302,-0.0294460716473672,-0.5182030325597891,-0.015818856592686,-0.2193642532057219,-0.6380091839543234,-0.0461889626024102,-0.3032599256685054,-0.5781099653888202,-0.0732878876982812,-0.3415046243021378,-0.499416035378231,-0.0899242291715913,-0.0648162610278688,-0.4766736587367597,-0.0724862638245051,-0.1786579039698529,-0.7056367846056779,-0.0892501135227459,-0.2280576459932927,-0.8563649063678562,-0.1195934504467222,-0.248452703240099,-0.957449122388324,-0.1468415210031389,-0.125139545759203,-0.4372239339191855,-0.1206248966042736,-0.1704772186026149,-0.6443674837271605,-0.1348465143956413,-0.1828340860292395,-0.7718354998786344,-0.1457642986969162,-0.1835036986586905,-0.8858408162043415,-0.1594646396855885,Ok
0.0,0.0,0.0,-0.092745935807687,-0.165425910459125,0.0949695540076407,-0.1531916601085031,-0.3167042958574177,0.1087177582618983,-0.2217035513036089,-0.3901443008552631,0.095828966073838,-0.2891839992999068,-0.4574375855229329,0.0721506811038702,-0.0202734246790429,-0.5424475114403463,0.0703001427308953,-0.1678930904672895,-0.7405214136558431,0.073415808909603,-0.2664718000125945,-0.7279956733377114,0.070005478534307,-0.3138569147768356,-0.6792992255181046,0.0633263382078324,-0.027209993589547,-0.5177255929306143,7.205236746677175e-05,-0.2093353791592408,-0.6433897435921043,-0.0253170389689676,-0.298676533683169,-0.582277384709981,-0.0458015893853197,-0.3460367379527377,-0.4988349609647883,-0.0565730174111093,-0.0652295059538268,-0.4734209025015918,-0.064193746551318,-0.1667301049846742,-0.7075206595510362,-0.0728340492255225,-0.203849418995211,-0.8628400477029889,-0.0915265916364192,-0.2207856553446957,-0.9689373394179048,-0.1114186998477607,-0.1290577779924105,-0.4373015775428588,-0.1185382586495391,-0.1693663789178686,-0.6442493415575156,-0.1286860691721348,-0.1799488775724974,-0.7686159157054739,-0.1327682021268865,-0.1796486875217738,-0.883718239704929,-0.1406879269153691,Ok
0.0,0.0,0.0,-0.092745935807687,-0.165425910459125,0.0949695540076407,-0.1531916601085031,-0.3167042958574177,0.1087177582618983,-0.2217035513036089,-0.3901443008552631,0.095828966073838,-0.2891839992999068,-0.4574375855229329,0.0721506811038702,-0.0202734246790429,-0.5424475114403463,0.0703001427308953,-0.1678930904672895,-0.7405214136558431,0.073415808909603,-0.2664718000125945,-0.7279956733377114,0.070005478534307,-0.3138569147768356,-0.6792992255181046,0.0633263382078324,-0.027209993589547,-0.5177255929306143,7.205236746677175e-05,-0.2093353791592408,-0.6433897435921043,-0.0253170389689676,-0.298676533683169,-0.582277384709981,-0.0458015893853197,-0.3460367379527377,-0.4988349609647883,-0.0565730174111093,-0.0652295059538268,-0.4734209025015918,-0.064193746551318,-0.1667301049846742,-0.7075206595510362,-0.0728340492255225,-0.203849418995211,-0.8628400477029889,-0.0915265916364192,-0.2207856553446957,-0.9689373394179048,-0.1114186998477607,-0.1290577779924105,-0.4373015775428588,-0.1185382586495391,-0.1693663789178686,-0.6442493415575156,-0.1286860691721348,-0.1799488775724974,-0.7686159157054739,-0.1327682021268865,-0.1796486875217738,-0.883718239704929,-0.1406879269153691,Ok
0.0,0.0,0.0,-0.0875332881994899,-0.1290149607022749,-0.0103580534856405,-0.1294763749137475,-0.2835847802405558,-0.0433559701166367,-0.1877491329742334,-0.4028724593431316,-0.0874371532322217,-0.2370115046696235,-0.5137178630499536,-0.1313770739928339,0.055902485361588,-0.4564088948326504,-0.021465018386416,-0.029708431304625,-0.5941462451103101,-0.0917245981088636,-0.1264906955850271,-0.60427610286767,-0.1531691741856525,-0.191537008639495,-0.579107351164693,-0.1875875529886777,0.0894220178790321,-0.4573184917315326,-0.0579662163477043,0.1065154578376613,-0.6919759112051013,-0.1073141310778193,0.1023013581844988,-0.8539842402019757,-0.1431978131952598,0.0971478203228653,-0.981173954388032,-0.1669130679038297,0.1114373032672986,-0.4127168540068775,-0.1014719821237782,0.1493603996016154,-0.6442044789019985,-0.1431202539425077,0.1600670955037632,-0.8089897388213657,-0.1686386733020051,0.1700097412717214,-0.9379688054955976,-0.1837488450454667,0.1093244822440516,-0.3509090268472693,-0.1472024254474997,0.1697473629647705,-0.5116593757319013,-0.1701780872272625,0.201893069153974,-0.6412303419666097,-0.1745768651737294,0.2299935887631594,-0.7485118205909806,-0.1768687340545094,Ok
0.0,0.0,0.0,0.0742192395785198,-0.16805232607967,0.0345884144389294,0.102362132154411,-0.3457752881210828,0.0319941375292396,0.0806907058134571,-0.4672339206114845,0.0235433980742441,0.0325259290316327,-0.5283900001820814,0.0041472086600462,0.1132135878958679,-0.4304836503960855,-0.0585753509483739,0.0860422912531186,-0.6745397126485839,-0.104506694113617,0.066155107594038,-0.8207881970523638,-0.1307661753321775,0.0466039770428924,-0.9355524281897571,-0.1482910529116874,0.0624012661526243,-0.4137890347404962,-0.1021341601237675,0.0435331600520606,-0.6932137026924674,-0.1413744146998049,0.0277952864521562,-0.8572905217748286,-0.1597430591708806,0.0101422783100534,-0.9842504210854188,-0.1764886477478284,-0.0124240624086238,-0.3813806671663428,-0.1399799593449575,-0.0128788195799963,-0.6466519385919204,-0.1799361914448025,-0.0193450806100128,-0.7992339513002366,-0.2055730317637677,-0.0235656131072516,-0.9182561670190552,-0.2257699885937442,-0.1018639559566259,-0.3369018102495267,-0.1710809635295236,-0.1049905067269755,-0.5143601955335022,-0.2220465849054953,-0.1077732600601177,-0.629065011161068,-0.2487646637210102,-0.112102847948258,-0.7282842151930616,-0.2670938089388912,Ok
0.0,0.0,0.0,0.0879693517659988,-0.1939986736992842,0.0409392698410481,0.1034043891085501,-0.395925939043919,0.0422602579054555,0.067869092338424,-0.5478531972117272,0.0340848838757975,0.0165338839909863,-0.6405554162860477,0.0185805901547787,0.0953947971223541,-0.4521671342931881,-0.0205352097475041,0.037666897764343,-0.6577131395585623,-0.0599686440385248,-0.0107257123112085,-0.683170416160116,-0.0844279245406344,-0.0400073355269058,-0.671239078376919,-0.098661979643926,0.0143586769850565,-0.452108247542328,-0.0656716402853153,-0.0191554625071284,-0.7197306405559729,-0.0956532424817674,-0.0423215599889802,-0.8758023643996946,-0.1161742502289111,-0.0592818138722705,-0.9891766593415092,-0.1342207255157924,-0.0812141469600456,-0.4172245562748634,-0.1072122364819015,-0.1141657564777689,-0.680838488402688,-0.1464935350196286,-0.1353273439909944,-0.8374991729302502,-0.1768902794921211,-0.1432845093762137,-0.9633950707924438,-0.1991761970815669,-0.1774324889588809,-0.3518909485320201,-0.1402087875230924,-0.2269441957680789,-0.5482359610923183,-0.1850826347090327,-0.258060253083357,-0.6607031329685352,-0.2052597947669502,-0.2824558910151309,-0.7616608645424013,-0.2182587654936167,Ok
0.0,0.0,0.0,-0.1577367779373767,-0.0457181382028109,-0.0612807089175607,-0.3090834301686477,-0.1755677005116243,-0.0834088985103001,-0.3856445470059328,-0.3594997309495312,-0.1066119074654165,-0.3868686067134362,-0.5043642070604122,-0.1229378369961148,-0.3100282937086533,-0.3703959547560683,0.0329698317721628,-0.3811844350751481,-0.510399364820341,-0.007491412379338,-0.3802536250335065,-0.5295844981119406,-0.0508606644805901,-0.3690606381865166,-0.5472482621306476,-0.0802015730039872,-0.2411015056326325,-0.4538471114662626,0.0344636820506029,-0.3352082590273761,-0.6621120716464983,0.0110922397217349,-0.3918104413381421,-0.7887765842198431,-0.0285786305581039,-0.4413899343664408,-0.8953868327027663,-0.0587991978048785,-0.1569283894814837,-0.4954058435657828,0.0186877932707163,-0.248731306044424,-0.6903215027625518,-0.0192300421592924,-0.3072966059266575,-0.8120871414749394,-0.0633258735451018,-0.3560867607968455,-0.91077802892353,-0.0899736682117001,-0.04803704350786,-0.5050796862771211,-0.0037194729371911,-0.0905029679642712,-0.6750303596426408,-0.031227161155249,-0.1205045324216969,-0.773447301466872,-0.0518317124206724,-0.1478446765889467,-0.8588760001031046,-0.0662206258253022,Ok
0.0,0.0,0.0,-0.0708860010759757,-0.0377541439873375,-0.1005444751867893,-0.1293465109702166,-0.1536088679463332,-0.1481126532950708,-0.1246991495076258,-0.3083913299601384,-0.1814066853495448,-0.1205440853161048,-0.4504667865738518,-0.2131689096839531,-0.2528314247213965,-0.3487586614143687,-0.1116780190535175,-0.2966594639020523,-0.5613343364908521,-0.1698683374621588,-0.3372382575117675,-0.700658251507534,-0.208257690675079,-0.3721104982891751,-0.8023725408306405,-0.2357665898707165,-0.2010171369412973,-0.4161854696854873,-0.0994642381609728,-0.3404735031178686,-0.6200624128772853,-0.1577264631054405,-0.4391874641553325,-0.73894428968142,-0.2016928433565664,-0.5115338496232892,-0.8280188831368811,-0.2296036799755835,-0.1181743300736587,-0.4297128312342294,-0.0963617767363128,-0.2554103436176375,-0.5865540716595511,-0.1769308103965682,-0.3609372726191217,-0.7012092650490498,-0.2419077423578062,-0.4335099560261992,-0.7925883676421642,-0.2837329246282909,-0.0111583898864175,-0.3997849810241773,-0.0978568280188406,-0.0343889285583988,-0.4423169264450163,-0.183784824899292,-0.0327672311387159,-0.4357531891983426,-0.2292425801362085,-0.0145267396358426,-0.4261436760189731,-0.2548584934143932,Ok
0.0,0.0,0.0,-0.145610985321139,-0.1443035927341044,0.0165798909174921,-0.1906052623249943,-0.2864204998778574,-0.0046917219659017,-0.2548178968962188,-0.3789164943044851,-0.0417614547404086,-0.3195135188937834,-0.4746092897468826,-0.0830620933978094,0.0032292347409558,-0.4967290903237419,0.0168983997345778,-0.1332850822290976,-0.5901286230827704,-0.0440848841467225,-0.2243838675989448,-0.5713275538573902,-0.1060319118626242,-0.2899082448426331,-0.5260835947442626,-0.1424039677004869,0.0401200702521833,-0.489747714984492,-0.0316642307564244,-0.0342181558178422,-0.7279908907893021,-0.0742072945944806,-0.0984906680355639,-0.8722113201254937,-0.1190778180650572,-0.1622460958338014,-0.9749687182768986,-0.152026980395555,0.0497312001771266,-0.4406358902062824,-0.0847795055259959,-0.0037817595623199,-0.6845627085118348,-0.122142605183121,-0.0558832445236518,-0.8314677163044977,-0.1503923878166169,-0.1035292184558806,-0.943862280921577,-0.1706904621762729,0.0185861877995423,-0.3821217396037353,-0.1377456499312044,-0.0005827835038354,-0.5614474862979656,-0.1648942772080091,-0.0284202596027366,-0.6909195907046037,-0.1726386927160705,-0.0552809496072291,-0.8026020207481709,-0.1787433019398631,Ok
0.0,0.0,0.0,-0.1450908364042415,-0.0906456746321782,-0.0095241671704751,-0.2347833422241645,-0.2216398518537772,-0.0293051619120706,-0.3155147984609479,-0.32785754193081,-0.0610542845437467,-0.3731551242880893,-0.4443574316237225,-0.0879427047511102,-0.104550107891923,-0.478876156384397,0.0266358993669771,-0.1972175517809979,-0.5843650212914283,-0.0522900632222961,-0.2841967279637883,-0.5615544405329131,-0.1226599005467795,-0.3387527919462775,-0.511087346539033,-0.1556695385771576,-0.0533458847877805,-0.5130359587685077,-0.000908948577966,-0.0775242823507495,-0.7304211735940919,-0.0447612588974626,-0.124627800145749,-0.862330294051704,-0.069549571436295,-0.1749781585827391,-0.9621461265808632,-0.0786745037412768,-0.0043229901232328,-0.5133618026392391,-0.042260614788106,-0.017727265394374,-0.7528456554442804,-0.0755214341436987,-0.0556287820834584,-0.8893605803872325,-0.0786039374059609,-0.0955239993388058,-0.9929425586489096,-0.0702868463802189,0.0339595470313739,-0.4866837818025447,-0.0889133907596595,0.0423786444141838,-0.68323331247198,-0.1063731457479444,0.0302433621956319,-0.8110597080530803,-0.098654350186616,0.0142269143778085,-0.9224739490432656,-0.0841419964407916,Ok
0.0,0.0,0.0,-0.186516946392807,-0.0032180004361132,-0.0066771801763582,-0.347494260444642,-0.0985788073621835,0.0031996356835718,-0.478292256109855,-0.1876104088655117,-0.0020539967947792,-0.5632897555479897,-0.2733822137280363,-0.0064580100074765,-0.314320520584496,-0.3281735038390314,0.099076387020445,-0.4401050461308642,-0.3946374597473939,0.0596623403057358,-0.5192714371959014,-0.3974440287935877,0.0158581542728916,-0.5702746389318099,-0.3800472037351243,-0.0024331865172501,-0.2711928301823511,-0.4403580514655056,0.0814002323173549,-0.3824521757925022,-0.6004093183571727,0.0733647486992336,-0.4652350910321237,-0.690572260143706,0.060391857908303,-0.5418946317908505,-0.7509706186776576,0.0573525429699756,-0.2038709764402181,-0.5156634412910243,0.0455937157180175,-0.3004559358099087,-0.6870055226247087,0.027086191574173,-0.3819135886695637,-0.7870471203197917,0.0191894363974006,-0.4546130158651499,-0.8561750080427167,0.0248434703281664,-0.1204869334331401,-0.5639024848354981,0.0044802368932434,-0.157941864686207,-0.7493656136850493,-0.0037995001988447,-0.191788339046845,-0.8726778245758575,0.0010042060280406,-0.231554969209323,-0.972742471648527,0.0124249782931009,Ok
0.0,0.0,0.0,-0.2106351631477365,0.0968744797009694,-0.0616840812066934,-0.4347189287671915,0.0874970905652003,-0.0728589467175773,-0.6174822726337822,0.0020164404668149,-0.0889627401678397,-0.7383473725185955,-0.1089489262569561,-0.0988629340548714,-0.4851068716162599,-0.115071443466355,0.0706503097774648,-0.6199542789589335,-0.147617127358832,0.0345229854056995,-0.6958110677781285,-0.1635785835798931,-0.0114629740137754,-0.7624370325292469,-0.1868165184249779,-0.0444657915880292,-0.4576474291971718,-0.2650987423022528,0.0694244100648218,-0.6267444911128083,-0.391350238512102,0.0434550639016261,-0.7349262489740204,-0.4657450190998418,0.0044272062028771,-0.8302305745030537,-0.5344816942755157,-0.0257938193275538,-0.3954683700146915,-0.3860614076907075,0.0464375654636639,-0.5532286673067627,-0.5218106238241502,0.0018241831264843,-0.6617309603692713,-0.5973445792324074,-0.0375800086030318,-0.7519961360413402,-0.6563627329091357,-0.0607435118094497,-0.2979694710904169,-0.4943761148115482,0.0150184121734476,-0.3837240851230274,-0.6628601184647481,-0.0151940794243366,-0.4405242930460867,-0.7754895190561812,-0.0345863574720501,-0.4938383337554767,-0.8672229905143846,-0.0487715632353442,Ok
0.0,0.0,0.0,-0.1824280731175094,-0.0062056420225234,0.0271547018724495,-0.2917765992956121,-0.0544019084931717,0.0094996465504439,-0.4146133449833025,-0.0740686764170467,-0.0280445863168408,-0.523307794577238,-0.1216448397023367,-0.0684547074336064,-0.2662330007831976,-0.3969454044607504,0.0398120691996963,-0.4189417971388606,-0.3714589011175241,-0.0276860570246086,-0.5018022785027952,-0.2710367258937009,-0.0999430345707761,-0.5384241129796425,-0.1829142686265602,-0.1386281590227304,-0.2452907764276289,-0.4369652880752524,-0.0055984112609222,-0.3877198180793834,-0.60675426387637,-0.0462158996606024,-0.4987411263261896,-0.6923266593882353,-0.0810144522171071,-0.5883510368706188,-0.737866085498375,-0.1020830306644882,-0.2211069649756842,-0.4418622095240333,-0.0575447470683629,-0.3359569121392038,-0.655951823578094,-0.0787248384098513,-0.4302053618947083,-0.7823098517655069,-0.0873085119604868,-0.495721252893022,-0.8638184897446848,-0.0898780073509889,-0.2169670332669616,-0.4236731780598334,-0.1111510201937603,-0.2872027443010583,-0.6074358596228292,-0.1213455045036854,-0.3626282998258586,-0.7275568966389221,-0.1145254688127225,-0.4218266990105806,-0.8272127199334538,-0.1056200852614136,Ok
0.0,0.0,0.0,-0.1779823729291561,-0.13562229455487,0.0569554200645923,-0.2375645647408234,-0.2446901915020128,0.0486303637268324,-0.3223480678355074,-0.3214260575819692,0.0206122373430881,-0.3964129924387152,-0.4086193728874367,-0.0111336992030947,-0.0766398000903133,-0.5123652000554171,0.0331431784296125,-0.2395234877061001,-0.6052426639245404,-0.010680891428383,-0.3295867134080416,-0.5456186830585549,-0.0539544872942553,-0.3736320278359345,-0.46469107484228,-0.0784034429892667,-0.032322263809416,-0.5054471930365498,-0.0232406028224674,-0.1696508633567978,-0.7305137608895029,-0.0488308021554694,-0.2547553538286405,-0.8639968604985315,-0.0727341935490046,-0.3174681667145565,-0.9433805759400788,-0.0961615934865041,-0.0363444079640191,-0.4502520147519133,-0.0789515319007648,-0.1342463951737955,-0.7113507935437205,-0.0921399987289005,-0.2086748636201622,-0.8531078468489596,-0.08346839497262,-0.2593847299177773,-0.9486828325449068,-0.0834997106015967,-0.0862776536394802,-0.3976596178337268,-0.1313184929167853,-0.1388946774961881,-0.5947578669372717,-0.1509290618466642,-0.1761179811301584,-0.722960476527361,-0.1464495228884322,-0.2064401608022646,-0.834420535216602,-0.1428740297739103,Ok
0.0,0.0,0.0,-0.1575076485973346,-0.096870866077027,0.0146324947447143,-0.2388348478888935,-0.2386556312265275,-0.005177697484231,-0.3253781334487244,-0.3303061509670787,-0.0379130020593689,-0.4004500836280955,-0.4237698438745016,-0.0730108225969072,-0.0423841530539448,-0.4694427695817661,0.0200570007183248,-0.2006370197891341,-0.5685240234609418,-0.0272800646275401,-0.3052673797509947,-0.5418294078037188,-0.0789879966752112,-0.3744304684328166,-0.4954563619219982,-0.1098624002854104,-0.0087208737593042,-0.4847029214833275,-0.0219395572832322,-0.143788025497603,-0.6911713870478249,-0.0610367165377678,-0.2397224110643159,-0.7660779290617664,-0.0963873914036816,-0.3128336281281705,-0.7965682654885591,-0.1183836200723882,-0.0067067428923368,-0.4630174115392342,-0.0680912058596013,-0.0932624414095201,-0.7176494737211728,-0.0978336478341397,-0.160950665099412,-0.8685529883103205,-0.1166115969608814,-0.1979185086795069,-0.9716836573655462,-0.129070267415838,-0.0484772992260334,-0.4325341262598133,-0.1137764389406313,-0.0727569703578745,-0.6343978987927332,-0.1375606659766088,-0.0921036294086396,-0.7697001622262097,-0.1424242775069253,-0.0949014659261993,-0.8827545867126938,-0.1445487202692988,Ok
0.0,0.0,0.0,-0.1037614394091825,-0.1249760960228909,-0.0151749617126025,-0.1559928145949921,-0.3017377486109275,-0.0335617524220904,-0.2081732464697397,-0.4416697146605601,-0.0631453388423331,-0.2555197528943295,-0.558502768075911,-0.0906552116823275,-0.0115290919224904,-0.5031903569528037,0.0160102085864973,-0.0786337158767457,-0.6435985265928962,-0.0578554853041669,-0.153520900328793,-0.6414625278651208,-0.1217586971216355,-0.2039247812035629,-0.60016831953063,-0.1535644390131318,0.0355902383662215,-0.5221231669837169,-0.012200475197315,0.0464639200253285,-0.7414583644323927,-0.0643972723279024,0.027725444503365,-0.8846384837532001,-0.100239972620026,-0.001503215569559,-0.9929750591783006,-0.1183142941186809,0.0777203566144573,-0.4997227207615079,-0.0529696912559679,0.0957246795470559,-0.7214520598834798,-0.0973907271318384,0.0822566386583597,-0.8679995449952568,-0.1212380151073043,0.0638564060342085,-0.9859803744824274,-0.1297552615476545,0.1070724960327219,-0.4485480960358743,-0.0981006606375655,0.1517461594972286,-0.6150424733832824,-0.1229626126575966,0.1710725518603056,-0.7297699130406539,-0.1306535091361348,0.1834922466421736,-0.8302923793184722,-0.132360312084435,Ok
0.0,0.0,0.0,-0.1387622259100048,-0.1253662705293341,-0.0114928028053424,-0.2139079506573798,-0.298694887414713,-0.0263195964221142,-0.2768009393387383,-0.4445996242571071,-0.0549956584524466,-0.3145621076800818,-0.5744655642523733,-0.0796609673196855,-0.0548060035387707,-0.498376971315846,0.0509959547701745,-0.1294924062669589,-0.6346517382956045,-0.0187177634705382,-0.2117680614485285,-0.6598246460073823,-0.0825288273911497,-0.2729348451754957,-0.6438551757354114,-0.1105158520221978,0.0091219318717168,-0.5310579605006333,0.0273244508897976,0.0120377969160123,-0.7413092019886568,-0.0002449174175876,-0.0042563572774466,-0.8814932918648156,-0.0145616622660121,-0.0225833326100164,-0.9995917149026206,-0.0175041876779077,0.0676295462515913,-0.5265995122415514,-0.0131527280239833,0.0820682107964474,-0.740665455219342,-0.038288731756059,0.0669940972576814,-0.8810765294033507,-0.0384559210563667,0.0481297740501014,-0.9891183832381476,-0.0283319387017138,0.1182184061934578,-0.4930789755549113,-0.0602241687090582,0.1578800327726954,-0.6679717900216555,-0.0734981794135796,0.1802626127519485,-0.7810973027252754,-0.0658631051722263,0.1981381623354748,-0.8771113972755982,-0.0517146076434064,Ok
0.0,0.0,0.0,-0.168910094573986,-0.0253092053988944,0.0108622473555852,-0.2922043334745647,-0.0931140249107968,-0.0012075420007976,-0.403072298203394,-0.1423150978576153,-0.0259669340616525,-0.4779410858605411,-0.2087081045971131,-0.0493503003829753,-0.2435440974318527,-0.4097545392913211,0.0305224275481656,-0.3822454835097456,-0.4284099981085998,-0.0381370719542425,-0.4541476143747164,-0.3561895854705168,-0.106470386182809,-0.4813400024510753,-0.2770445111624893,-0.1408836639476122,-0.224798747448694,-0.458077373064311,-0.0034398639812147,-0.3112141422744697,-0.6631201157090413,-0.0466000412079702,-0.3865463536562672,-0.7520558775538503,-0.0751206791233965,-0.4523203653577892,-0.8047090382124572,-0.0886816663056024,-0.197962323422857,-0.4712540646484615,-0.0472770262910618,-0.252367523742408,-0.7050306302098818,-0.0771286882247512,-0.3043717980672025,-0.838475711066339,-0.0918642589984125,-0.3463841230045368,-0.9332466697913064,-0.0952296836801123,-0.1764928613886083,-0.4577124695608286,-0.0930719930612629,-0.2089008615515725,-0.6554003083221261,-0.111615794075896,-0.2508859956528188,-0.7797106650425413,-0.1133164086024922,-0.2873033404685393,-0.8892112659456303,-0.1090638828934215,Ok
0.0,0.0,0.0,-0.10030317456993752,-0.142978744940407,-0.05138833034366813,-0.1547805441896963,-0.3221385965367882,-0.0927401022033653,-0.19466002552408335,-0.46190390830110745,-0.14008586032766773,-0.19957003579244076,-0.5913709908313987,-0.18374714701590694,-0.0006674454035147178,-0.5196505484931861,-0.027593455660036403,-0.04068068513080518,-0.6772319844532068,-0.11772401550012039,-0.11096057650866789,-0.6794314123091331,-0.19017658305532875,-0.16438385817576093,-0.6402523222374524,-0.22574931345042615,0.07239551825407406,-0.5217068369145592,-0.041074048980357596,0.1061783997648034,-0.7268427479542516,-0.1055889424027412,0.09626429949938868,-0.868761884041883,-0.15058302150711447,0.07326539666161375,-0.9819621505804486,-0.17430581309708734,0.13285808221722667,-0.4755727592655681,-0.0693299371927791,0.1888329174423693,-0.6824394051616239,-0.1255835105454151,0.1940450062289281,-0.8245275346550546,-0.15763449018024564,0.18555736291870487,-0.946362937818971,-0.1699490149738758,0.17203636435230593,-0.39579009712315205,-0.103693354815661,0.2544860252160426,-0.5391676934324651,-0.13719851934099045,0.2969253190159605,-0.6452184392142425,-0.15019079072980354,0.32357196583845865,-0.7442279277438235,-0.1539795084301346,Ok
0.0,0.0,0.0,-0.13688866475880135,-0.08642337189096756,-0.036583863183209366,-0.2533544282306628,-0.21403089332810094,-0.07723833291836853,-0.3496310787749069,-0.30644083321916,-0.12501618551920674,-0.41663307991321863,-0.39382647721388886,-0.1712801532495088,-0.15358005711961836,-0.46929273303476143,-0.02883307357025585,-0.2440731870076718,-0.5900321829595165,-0.11715408516141923,-0.32314965201547097,-0.559256510469357,-0.1930442292355485,-0.3747105585889912,-0.500063608360094,-0.2324416796369749,-0.09964739309511415,-0.5082207465924056,-0.04771074014738539,-0.13843785529394415,-0.7305141199763655,-0.10113973551863736,-0.1913205276292796,-0.8580402364634249,-0.14087446209662946,-0.24205857358298977,-0.956176131032751,-0.16472660197493152,-0.035829926191327556,-0.5000731537390865,-0.07840728695264697,-0.05951607437648411,-0.7195770736774854,-0.11826319701201428,-0.09653481633299361,-0.8523545681795721,-0.14164417453571626,-0.1308246568122173,-0.9598525704646867,-0.15331913981903916,0.022144691854530697,-0.45398380525601917,-0.11507251946947095,0.041543251598927675,-0.6216342405171141,-0.13613290522112156,0.04356755725458667,-0.734997608964447,-0.14046806146719348,0.040581958508396375,-0.8357278885932578,-0.14040243086778775,Ok
0.0,0.0,0.0,-0.1296035467876686,0.04568648814368987,-0.057593720001201276,-0.2849366681255741,0.02804513520661236,-0.10686092185633951,-0.40257492093756936,0.022803484471006816,-0.15596305896166693,-0.48656301753705467,-0.022890582658621938,-0.20377390378115107,-0.3401908440582393,-0.31262029773303807,-0.056831915372396874,-0.469539111351268,-0.3777109748527808,-0.14330995697436927,-0.5257570215118127,-0.30042931839829573,-0.21658908178124495,-0.5571493617227197,-0.21201334964072213,-0.2568397979006684,-0.2910954964611488,-0.39608237661795553,-0.07347492488290773,-0.42043726748051563,-0.5756159820175869,-0.1321877499960443,-0.5320934748114947,-0.6534835061152842,-0.18194087537674333,-0.6312365357546469,-0.7027452304989378,-0.21467397429064825,-0.21312782147783055,-0.42913866514654003,-0.10273652492688738,-0.32252122030059616,-0.6341536032315688,-0.16169179488288044,-0.42218945684876735,-0.7443276075306985,-0.20372745241693438,-0.513549079684731,-0.8268965690884686,-0.22914931111545023,-0.11959579660878152,-0.4141711904788375,-0.13662348685581124,-0.17355336443907687,-0.6002238064981867,-0.18540096817358398,-0.22587675853931174,-0.7200565967942636,-0.20487786428657043,-0.2823134968811712,-0.8195655844116951,-0.2154432864764566,Ok
0.0,0.0,0.0,-0.1334312366349777,0.1578494349199203,-0.08032118862235411,-0.32152955966536795,0.22578295560410502,-0.13049264759277818,-0.46955703595710435,0.21797469518954385,-0.182380130133284,-0.5722090803579462,0.12469823254418792,-0.22587664764075296,-0.4911435077971351,-0.0268588200349462,-0.03163919711980237,-0.6404612652179916,-0.039809060412786756,-0.13130519492375578,-0.6376552912849662,0.018932357443525036,-0.21312571132522767,-0.603599786675294,0.06412783053433091,-0.2585185431447171,-0.4869672779079083,-0.16663320295500417,-0.037948290416855344,-0.6785145230757593,-0.24083965264365795,-0.10184914606187553,-0.8009406676947352,-0.2767238943803825,-0.15537415950433928,-0.9087530646542669,-0.3119556156360711,-0.19414275976812242,-0.4326631351872116,-0.27573850570014313,-0.06518591399932037,-0.6185708890350518,-0.38320027943129314,-0.13150219855185577,-0.7371826358202985,-0.4406971778162974,-0.17747216145457448,-0.8468244183514264,-0.49035907516888244,-0.20600092689909585,-0.34187447635200613,-0.35984472736224915,-0.10097386172127533,-0.4588630120523061,-0.5021557018248083,-0.14703264608735292,-0.5354813049045389,-0.5914734105296378,-0.17160387728465656,-0.6106370156488432,-0.6671055427438408,-0.1883852515411212,Ok
0.0,0.0,0.0,-0.2024201720731444,0.08425040281513742,-0.11301425063271843,-0.43097448593171633,0.08458331078443038,-0.14752225134761568,-0.6126797266926851,-0.014479619906394145,-0.17676020774679435,-0.722693395069003,-0.18298237447751262,-0.1914699109472304,-0.5585921429357806,-0.06864090250038624,0.07140186307871212,-0.7003680611560196,-0.12654025363249738,0.026876509442129527,-0.7037405950114631,-0.16082732024786872,-0.02976939978556836,-0.6951560158761481,-0.19323365894911865,-0.06271741095395718,-0.5321758378259892,-0.19480075175340097,0.1071243201139939,-0.71081611646984,-0.30758704112028956,0.11364769580391586,-0.8040971893245054,-0.3788616123473937,0.09808284067108308,-0.8912629189097651,-0.4458437496408519,0.08290814364482546,-0.47074731574100054,-0.2989585747244954,0.1109100474740396,-0.6413207116840048,-0.4164091848111958,0.10835033022488909,-0.7372961591635181,-0.48195545798384404,0.10442984623752904,-0.8259049711690086,-0.5357335210615793,0.09925882796699126,-0.3708918879567529,-0.39561889445306575,0.09713062065722351,-0.4660901411376154,-0.5044419043399025,0.10717709490563514,-0.5315425764177917,-0.567789230868458,0.11536062532512364,-0.5959343547810575,-0.623143156984272,0.11771996258234933,Ok
0.0,0.0,0.0,-0.21714551328831921,0.035153852524351284,-0.06104170125687792,-0.42938842673877187,-0.04699621416662329,-0.07238694057899354,-0.5738122337071867,-0.21911627546439102,-0.08483005637489237,-0.6196492386923353,-0.39194566686945664,-0.08957482862438416,-0.4450256593688103,-0.24699582600545292,0.06852972782701207,-0.558068761412401,-0.3438284438946398,0.03817552984810033,-0.5978313332205147,-0.38416852992971684,-0.005741821202475777,-0.6244807661618872,-0.43120687927201923,-0.03789903799018984,-0.3851278019643407,-0.3714536258556779,0.07472243563081642,-0.5213819754538106,-0.5470069252083166,0.060665748568721624,-0.6027920533688025,-0.6491438616676957,0.02412937401820499,-0.674490055264815,-0.7373125365266828,-0.005893104235885453,-0.2975594303962055,-0.45625824960195993,0.061026336319730146,-0.42665603437352806,-0.6314230282053164,0.030249533902795358,-0.5073285007889861,-0.7350134642755239,-0.007584759939318061,-0.5770263114659914,-0.8160938385395795,-0.03211670240992242,-0.17523117839382352,-0.5175440675648155,0.039649674362917074,-0.23841623530166142,-0.6792230487243157,0.018798266257858135,-0.28023203618610604,-0.7722592380997869,0.0021263853746507503,-0.3233945231912822,-0.843335705167008,-0.010978458481615229,Ok
0.0,0.0,0.0,-0.19109550396863687,-0.023779233738663808,-0.03576298709795682,-0.3431477245245853,-0.16856308325721095,-0.04417538260276791,-0.4307489646501469,-0.31654120501881067,-0.06176696852513601,-0.47523509663016755,-0.4469884298742226,-0.07402589004085729,-0.26110476119126746,-0.42397728000988555,0.04563428980027263,-0.36894389397856897,-0.5614646855939401,-0.011310871305147465,-0.43631327946774273,-0.55168528016923,-0.06001407879509708,-0.4692989335499829,-0.4976750649793851,-0.07906250006646495,-0.19215537345770273,-0.5125623261882601,0.03730995291600751,-0.26789887278283636,-0.702233640332954,0.017576688713163213,-0.3358442231578631,-0.8026479623350969,0.003040325852818149,-0.3935590413568778,-0.8665846912036834,-0.0023198608548074045,-0.11649577916018827,-0.5577324017672474,0.01019038933097803,-0.18017106937262306,-0.7520649538598398,-0.012844891192915774,-0.2437811175448904,-0.8705358338454089,-0.01473228749461071,-0.29676753456595434,-0.9549180222992005,-0.007784671851052357,-0.040707425932439555,-0.5697571684637771,-0.02537894841945801,-0.06520408686520396,-0.7466026973538761,-0.04277168383726385,-0.09347757186362156,-0.867175398281305,-0.0400685598674488,-0.12195917269690013,-0.9660187358691282,-0.030125880258006235,Ok
0.0,0.0,0.0,-0.1646634003645924,-0.11738608355499512,0.0441550268198049,-0.2365421700078465,-0.22792557495444063,0.04147457574539764,-0.30012296779711667,-0.3221037569643538,0.017833295219073505,-0.3532086381264248,-0.4186574393400638,-0.01030113480848472,-0.09812655033015168,-0.48471190000598474,0.06068266375583264,-0.262855554352988,-0.5735950568739033,0.016759604791528646,-0.3547244875927137,-0.5101204398203836,-0.03759015590354654,-0.40245641345629046,-0.42700433046513336,-0.07100894541662399,-0.070161249671993,-0.5114107260913522,0.011172065035629777,-0.2077431359447948,-0.7127400920406662,-0.010124072002867357,-0.2956602991931137,-0.7932630750675251,-0.04216351549480415,-0.3584642200813023,-0.8294442215186069,-0.07489013579330112,-0.07928760944760564,-0.49924821281377485,-0.04369742874615814,-0.17246229846289818,-0.742291462377086,-0.062321264547421845,-0.2599014459199136,-0.8650384177088317,-0.07962241214743765,-0.3186413416681446,-0.9426068063495922,-0.09980032065753656,-0.11922403888404481,-0.479640332262873,-0.09665417978779985,-0.18131085509310738,-0.6788245395797801,-0.11694817538852444,-0.23928845253097772,-0.7949404229221332,-0.125896514373001,-0.2910495769011232,-0.8946615471084665,-0.13658567882584938,Ok
0.0,0.0,0.0,0.03538698355251513,-0.24311188531670538,0.060622671506421505,-0.012109373459750612,-0.4464894890792934,0.06198326556076527,-0.09932798335566871,-0.5730042298094123,0.04981983239806934,-0.19344814956802986,-0.6342845900773715,0.02742829970581954,0.0034311569227112393,-0.5291267964127193,-0.011142963105124096,-0.15536452577864496,-0.7106837947837608,-0.03231073253494479,-0.2539059535195102,-0.7627486579005772,-0.039244258668811656,-0.3296179884344414,-0.781848565714324,-0.04251532390488866,-0.07990296020048848,-0.5042317993458701,-0.06448582913750484,-0.21131012804051705,-0.7641315284554542,-0.08077633326062997,-0.29409263251671897,-0.8657413761912491,-0.07765293648326901,-0.35873726688721524,-0.9301568686548731,-0.07820340811276702,-0.16938739624924623,-0.43602992028707915,-0.11114431673862168,-0.2965174759869115,-0.702750758647514,-0.12934203161263372,-0.3705257051817933,-0.8109801287667217,-0.12308359328118505,-0.42331723649024716,-0.8877892466758366,-0.12148429196765775,-0.25844989042481326,-0.33273068417384877,-0.15056368812651394,-0.3665492485313354,-0.5436138370677182,-0.17278865092529663,-0.42695416045665757,-0.6403802254726596,-0.16491117274394593,-0.4785722565718769,-0.7285996036893218,-0.15805545973807827,Ok
0.0,0.0,0.0,0.15402474665829266,-0.1604170933149831,-0.002738147020844397,0.23755350086972982,-0.3913712459981873,0.002451475765443983,0.23996220461550644,-0.5904973223154463,0.008690871729139304,0.1591850856740165,-0.6751263214810332,0.017323822772625928,0.09898704049032522,-0.5159070638853639,-0.014663397384764161,0.07832780288971342,-0.7520647440440306,-0.0335041391897634,0.0827713650122304,-0.7040619833521286,-0.05180222533829004,0.09868941896426638,-0.6203635060708411,-0.061915537200494655,-0.024125376686937584,-0.5160450396488448,-0.02116810151874351,-0.06074221977639868,-0.7728145258716383,-0.02705969882130154,-0.07034233245325894,-0.9047764099878121,-0.0493061928221142,-0.07730294831703728,-0.9944289847132838,-0.07166064850112011,-0.11650912899090134,-0.4815449614711724,-0.027276597706493544,-0.15013323912815468,-0.7080422166477999,-0.02739518128328261,-0.15928464643909832,-0.8444716817316436,-0.050319483116426096,-0.16277578937053597,-0.9392139785527049,-0.07314760065069323,-0.17502706732153034,-0.4126264843431929,-0.03249162316224616,-0.212613453447511,-0.5716333607938666,-0.02525141411300384,-0.24162897608450906,-0.6676810098682228,-0.024645885388237868,-0.2641428928386006,-0.7378421023290345,-0.02823602791891532,Ok
0.0,0.0,0.0,0.13194120339158763,-0.08563669499899143,-0.017752457315672942,0.2505012003733179,-0.21605300600182017,-0.02632668560189339,0.33306445646277855,-0.3010976018494764,-0.042984571991656395,0.384266488958586,-0.3918313360966989,-0.056257267068719134,0.15923082632481786,-0.45226284863350014,-0.0036722773815185228,0.25507459893786416,-0.5553763777602896,-0.057418477177777684,0.3142659210712165,-0.4898441499952823,-0.10482840336017422,0.36200986863692086,-0.42276508051181033,-0.13500927111573244,0.10966444509266818,-0.4969955825738882,-0.029611420106762414,0.14361068173482638,-0.7234232162915222,-0.06546897987316713,0.18657521603216837,-0.8517859330900576,-0.10723531118326016,0.21376638663215522,-0.9663810926558561,-0.14286887590901448,0.055202777310335495,-0.49248627392108,-0.0642891834233292,0.035209921352403833,-0.7244403972431546,-0.10075983937886104,0.029324517587216006,-0.8694310631706239,-0.1312592654280497,0.02292437007538428,-0.9863038918939745,-0.15502238491983067,0.003271515627603864,-0.4401889059428674,-0.1029325699631412,-0.02985098184972222,-0.6194745471344709,-0.1346442303216935,-0.04916362168706298,-0.7440574508424829,-0.14918253134128953,-0.062234713902217936,-0.8596034106200754,-0.16101230105771344,Ok
0.0,0.0,0.0,0.10793006799977665,-0.18341675012961425,0.07043306578024018,0.13937136355180038,-0.3669200584747068,0.08888576824606616,0.1806221563156,-0.5012812958437556,0.08642027598048507,0.23453073223133236,-0.5399711368939674,0.08533703055624996,-0.017630162142971983,-0.4781095097036915,0.0374945802052105,0.07803765470078884,-0.6676375627122176,0.0014875980952692672,0.13797249384513854,-0.6714282810523536,-0.02546827452604209,0.18987439433938108,-0.6590843527832361,-0.04814395423365042,-0.0057065510229502665,-0.44943954137768694,-0.02865103800655523,0.06891471165551671,-0.7040452714634869,-0.07348078722939838,0.11885478863566325,-0.8518286726166435,-0.11646580177105859,0.15426338996491407,-0.9763272087580115,-0.15161790117041923,0.0315263352023182,-0.3901339305641514,-0.09097287518889238,0.0775416262303849,-0.6671611671202617,-0.12536931214726726,0.09673075823797107,-0.8184230045303938,-0.15592235553569206,0.10809401880515947,-0.9497235737714329,-0.18475783390811637,0.09374997748552505,-0.33133985927968324,-0.14816349078403077,0.09851865180404766,-0.49802120756642654,-0.18670580051490993,0.10176160198858777,-0.6179836810347522,-0.2160326296346273,0.11024403593310869,-0.7323352730867089,-0.24189374048078374,Ok
0.0,0.0,0.0,0.09101673770046309,-0.19765295514858058,0.0984701389600525,0.11424367081454632,-0.3566723046224857,0.12722354613605663,0.1741068390863899,-0.4734036430252639,0.1321919927722642,0.23538089173261983,-0.5358320758559815,0.1438042068674411,-0.03743669745175844,-0.48703348968707877,0.07384010065138728,0.09038995011837558,-0.6577741566008225,0.03708841286312306,0.15566525660013228,-0.608882665594042,0.006116319505230662,0.1952284673033034,-0.5442327550700787,-0.013283582002419577,-0.03082976628785545,-0.45781166177366195,0.0017654029966556405,0.07028459729099776,-0.7238353411539745,-0.03505601027861621,0.12758817883108758,-0.8628653992666344,-0.080348844358169,0.166835602149429,-0.9791056056235193,-0.11626734232809735,0.011747312981653464,-0.3977598449125027,-0.06467960012575558,0.07271242503458092,-0.6947509500558485,-0.08329565054977145,0.09947603212983018,-0.8335857354475525,-0.10225084677239442,0.10964624513140343,-0.9574793187725734,-0.1231563557364256,0.08614148814323506,-0.34633776862425864,-0.12412278314374461,0.0964680640504996,-0.5218011074076193,-0.14944141106940076,0.09691933997660825,-0.6352979769609501,-0.16693002315526387,0.10084344216126707,-0.758031780599222,-0.18219486136779578,Ok
0.0,0.0,0.0,-0.05542093627541434,-0.21843865252475042,0.005178198128836375,-0.022357469200705898,-0.43690027157107386,-0.007978643609890876,0.06156854663973559,-0.5665177700023494,-0.020741399429334624,0.1388592706673335,-0.5958589298515321,-0.028814207310027807,0.030775166379794276,-0.48709327480597175,-0.08917168544951118,0.1263964712525719,-0.6587139038904314,-0.12638708617229377,0.1262517492003628,-0.6042030297683069,-0.12269758041418212,0.11619631376340721,-0.5310296041709921,-0.11253119277746201,0.11569868748138076,-0.4155567907809673,-0.10910003291513135,0.21749576143213079,-0.6826499093705477,-0.15750458009433888,0.2836811558182791,-0.8178015702872855,-0.17047165399474018,0.32969831797041504,-0.9270926531936187,-0.17832058636594877,0.19439336376375188,-0.3310987812918871,-0.12415039147112955,0.3256940115296413,-0.5616122748370755,-0.1778928486376087,0.4137117769187118,-0.6751946358161823,-0.20388233861270424,0.47265123374856477,-0.7730582808688123,-0.21552544474105953,0.2599462447615057,-0.23490905501017662,-0.1326341311356983,0.39433385675720345,-0.38099887896098134,-0.1652394215994077,0.4640146678166386,-0.45568545767820423,-0.1750411951022189,0.5143005810706274,-0.5316360192394172,-0.18006627551678403,Ok
0.0,0.0,0.0,-0.0885430611920376,-0.2054403845181034,-0.030761882226572373,-0.10624472676295962,-0.42747734682853994,-0.05833205542648334,-0.06080495047907337,-0.6033614596858163,-0.07904245068727712,0.01439117947412184,-0.6811573349832099,-0.0883555867230245,0.015129459604295724,-0.4920344812989808,-0.09254432605171888,0.10639877866892847,-0.6883215635515255,-0.14053837258005256,0.10144865985458658,-0.6259539220036778,-0.14769877935719503,0.08031567214241599,-0.5300643384246415,-0.13946203253948009,0.1319079982885282,-0.4284615704612748,-0.0968030168045163,0.2569359856258456,-0.6722068686638902,-0.13943862406854393,0.33996850166995196,-0.7992979488010267,-0.1549134499487165,0.40638516235742494,-0.8989378897800608,-0.16359025072876618,0.22420858273901362,-0.3501153010321218,-0.10181906151659678,0.3531150698862556,-0.545696700785088,-0.1448625747348547,0.4451530748020141,-0.6573569618433556,-0.17114698568099646,0.5148873312419256,-0.7451018026068917,-0.1837455764864295,0.28707406878998865,-0.25689934139283144,-0.10504088767845868,0.4140529681156278,-0.3589377935499488,-0.12645406045601823,0.4934942931215399,-0.4155873048660653,-0.13233810138691762,0.5577905341415951,-0.4564873271628375,-0.1336112496222097,Ok
0.0,0.0,0.0,0.14523533171154157,-0.0549594816840136,0.005719029325178797,0.23570440785650476,-0.1782402557542183,0.007308602117550627,0.30751487226751795,-0.27024721090224324,-0.0038071126905085914,0.380890838293456,-0.35843167236458995,-0.00981990979836222,0.13645715642576003,-0.4544801196090934,0.0474631589016322,0.2519357982178844,-0.548340961726519,0.0046794538971748,0.32600642667421886,-0.47516456576715227,-0.029538182002405135,0.3662928826689997,-0.38441146573274426,-0.045944318012203604,0.1252744922518123,-0.4780227791841523,0.013843683372190054,0.20422414625618965,-0.6936250625470439,-0.009970952371200471,0.27414199917495086,-0.8298720756576726,-0.04286580930938444,0.3242424123175787,-0.9416601250399057,-0.06967239767353424,0.10379579687848198,-0.47758279987844654,-0.02941508832527234,0.15897077458471043,-0.7031930595002625,-0.051773246688988,0.21766168785117865,-0.8462758099705814,-0.07645397191540544,0.2646374417130927,-0.9595429246607607,-0.09614780380759125,0.08119521375012503,-0.4493728440577601,-0.07573623832623697,0.11851699693146658,-0.6371081413501325,-0.09356584129027423,0.16071430327226546,-0.7611734504634942,-0.10276578180904673,0.2003908149907374,-0.8602233125601831,-0.11135060707213645,Ok
0.0,0.0,0.0,0.16332771485576322,-0.07319750993774783,-0.05920689685935546,0.289914069219481,-0.20966822118640444,-0.08266467309311988,0.38247676800312996,-0.3495094290804318,-0.10498230645488242,0.4006971051586841,-0.48547790747489233,-0.12629142036283628,0.17406468383751983,-0.4205654516676216,-0.03491499314546844,0.24267958100990003,-0.5585500133338979,-0.08649046854404235,0.29997444805368695,-0.558649769380803,-0.12857574443877595,0.3492470299854823,-0.53659591462051,-0.15416861142861982,0.08263684880874278,-0.4945124266895343,-0.0395252576951605,0.12349669133617944,-0.7210200604711832,-0.06491667434599967,0.165305757657282,-0.8407846549054414,-0.093141400867221,0.20797372477531625,-0.9465496164233492,-0.11733518621652422,-0.004563130125798996,-0.5102837467281751,-0.05587979686881497,-0.022739939611937186,-0.7259005849909671,-0.08784344075715457,-0.014996576846174892,-0.8739077316368431,-0.116687257436282,0.0010941105119768276,-0.9901800629284268,-0.13979358319051807,-0.09113695182154687,-0.47144473482460103,-0.07936092452579653,-0.14618311534322562,-0.6295160211939669,-0.10801114018095115,-0.17620444487824266,-0.7453944455735129,-0.12150020155006229,-0.19154363257278087,-0.8464928216833555,-0.13270723545185378,Ok
0.0,0.0,0.0,0.1742753303865406,-0.05157358523201284,-0.06226269498790945,0.3299612177057952,-0.1722779060704776,-0.07890616517590424,0.41730101301843625,-0.3405719021769127,-0.09343387788913982,0.4232185972114315,-0.48416779719186614,-0.10793968386118667,0.22876695235493358,-0.4130746880552531,-0.0219850745827998,0.2882023818167172,-0.5562330951569103,-0.06383353330248256,0.33155079437046564,-0.548704997923773,-0.10241911156907652,0.3708890088707451,-0.5190968463038464,-0.1265867534198077,0.13205912878947704,-0.4895048086358279,-0.022529745638115058,0.17513460393152933,-0.714124594346075,-0.03926768864748618,0.21015980746456617,-0.848615400812521,-0.0735878259207409,0.24146192357630397,-0.964788407802421,-0.10430468653373473,0.037012100851320576,-0.5055138434262356,-0.034528551132218185,0.03145672771599318,-0.7211579226835865,-0.0631920848072129,0.03806391847859612,-0.857809233716609,-0.1010204690617532,0.04536524418415313,-0.9612529244197582,-0.13060374403329628,-0.06245667782443538,-0.47047046758976974,-0.05325903906185902,-0.11263455370004247,-0.6358164338376603,-0.08270799924539574,-0.1431433223255098,-0.7505000176669016,-0.10156582929726525,-0.16559220389985604,-0.8475126536876094,-0.11610795782240386,Ok
0.0,0.0,0.0,0.16104003402665348,0.05843967429438245,-0.08114132183851704,0.3695387458278284,0.03500145244660903,-0.10506551113209166,0.5128910674574787,-0.11337653512232385,-0.12588150291723746,0.5664089258129167,-0.282734610115882,-0.14164471647007798,0.43792302312956993,-0.1882617943586852,-0.004494237516129089,0.5495475195714096,-0.3205321483390045,-0.05661859949279097,0.5487757013133188,-0.3007716489169975,-0.09886043850370901,0.5095777679537913,-0.2529718600527921,-0.11913857295106589,0.3830295560137374,-0.32662587537033766,0.001936847458020312,0.5193138985804852,-0.5116186065337959,-0.010033577839056649,0.6048951461207694,-0.6275845806773964,-0.037186466890649486,0.6806205441360661,-0.7303234772931476,-0.05816608474334963,0.29279647444884255,-0.40615650872594705,-0.009745081844730833,0.3960254812757904,-0.5614977827610927,-0.040067992814922494,0.4616558728349625,-0.6593289769267892,-0.07236706322095533,0.5226456649875457,-0.7507275096787102,-0.094361325067831,0.17223708629434428,-0.4461742181192455,-0.030529845999725108,0.20158331289427964,-0.5816576026374086,-0.0626901249879633,0.22235534923641553,-0.6787186637377174,-0.07634869522977675,0.24685615529995394,-0.7754112293669144,-0.08396866267344866,Ok
0.0,0.0,0.0,0.1709259474092222,-0.05545107659788995,-0.0016078434746057977,0.3120595015495662,-0.1992366470676339,0.009305076881607262,0.40679995442820227,-0.30771759606295807,0.008537918441725939,0.4509741708245059,-0.42336779663239305,0.009342065840585403,0.20139553991136463,-0.45892065388669867,0.06284040277357866,0.29639044642179124,-0.5653410340920372,0.038563940236067046,0.38421384653269114,-0.5252705999528062,0.007253740384606721,0.44511996076420834,-0.45271810746365454,-0.015012585330526719,0.16025365373128855,-0.5083527131847962,0.03394038869184225,0.2026691746311754,-0.7254248926366986,0.028283202543270766,0.2726090077436423,-0.8362602210065142,-0.0031389877712355158,0.32957327717977947,-0.9158638942116311,-0.03297551641842341,0.11504720559076918,-0.5167565841662171,-0.006211221831427956,0.14384761233270468,-0.7514504975561279,-0.018833005855530306,0.20613839435375866,-0.8740873088409797,-0.05211706674433852,0.2569508167746897,-0.9628985957962478,-0.08247770591156096,0.06819733136221931,-0.47670015727578235,-0.050368539314807004,0.05022739771755019,-0.6582446241931693,-0.07044236599916835,0.05635034197060612,-0.782592369672445,-0.09054732464807981,0.06785186477727494,-0.8885609306940524,-0.10883370254146801,Ok
0.0,0.0,0.0,0.14078109397975672,-0.11331367648823283,0.006999081086176509,0.23608862347039866,-0.2609206015550309,0.010187820170162112,0.2976447949308621,-0.37583090903380256,0.00033540721045401546,0.35036541444650354,-0.48477800042576835,-0.007559815843940252,0.10484664507265733,-0.4754794113767052,0.04173520594994343,0.1930883547332061,-0.5962543849430351,0.008587147352403143,0.27450100656731113,-0.572509952484479,-0.02418555490207857,0.34089446373436344,-0.5272573524206896,-0.04590383450050666,0.06734258911751405,-0.5003765964867605,0.005973043604401738,0.07751508675472105,-0.7360236944489338,-0.01257658262756092,0.13136486338998188,-0.8710039848918043,-0.04824504821259481,0.17557872226115603,-0.9766934811858576,-0.0817822692282929,0.029621803832511097,-0.49148215654784505,-0.038334605510290255,0.0019057257357915263,-0.7318841911381091,-0.06091371447842521,0.024500497834775523,-0.8805197738368901,-0.09451799957529615,0.04764489121196445,-0.9911803310752557,-0.12365886798344354,0.005962342178217702,-0.44503573012891356,-0.08507320730002997,-0.023687628400326646,-0.6348504905146704,-0.10889292194167424,-0.022982921959594962,-0.7623847436678676,-0.1280504771160134,-0.019378183480976703,-0.869578303865854,-0.1457272109936772,Ok
0.0,0.0,0.0,0.10897175871703575,-0.1864260074583615,-0.02356057192090893,0.15475780001557496,-0.3969106469102336,-0.05183293634397713,0.185379931783755,-0.5516629043136153,-0.08232551340117615,0.21916775729840107,-0.672037479095829,-0.11556328084407687,-0.036023592104244204,-0.5005930908112486,-0.0856171091232264,-0.03700457287786994,-0.685286847205479,-0.16401894439971354,0.006366644664939128,-0.767794295483393,-0.21951302491618402,0.06416719086876166,-0.8250085872786191,-0.2608810346393368,-0.06936505258359368,-0.46261018529668974,-0.12463886182232309,-0.08279535618906339,-0.6982032274914743,-0.20929129332095314,-0.04191671293413981,-0.8427275794454877,-0.2770483725227044,0.004898345110366663,-0.9456384301446221,-0.32518297256897444,-0.08149056369419187,-0.37043543600046497,-0.16680483064563695,-0.09687106619214736,-0.5933602837663521,-0.2649637843654664,-0.04793811444401924,-0.7327003226131169,-0.3448634336064551,0.003234668475982054,-0.8495768932555893,-0.3982470413611849,-0.07381349154531808,-0.24562381540381298,-0.2056524760392131,-0.09450837378332375,-0.31832712172682265,-0.3021784530377506,-0.0833902016465592,-0.41163872236846333,-0.36691280709533175,-0.06498762064252286,-0.5061965485694668,-0.4128511778523155,Ok
0.0,0.0,0.0,-0.07402253811557326,-0.1989728395205559,0.00011718587454508693,-0.0617691786923912,-0.4083297503567931,-0.013709440152300202,0.011898350103310253,-0.5523254991913522,-0.02685027697589036,0.0921099834458461,-0.6062778034014105,-0.040272329268267924,-0.06585777338403763,-0.4248244122843532,-0.08908432723609487,0.0073639667001230156,-0.6302067534597872,-0.1393883175534772,0.05477799650753696,-0.6879705631435331,-0.15378669043805382,0.08922773401347614,-0.7067417689834185,-0.15490967512667436,0.017995152199366836,-0.3703341161569513,-0.11154505514719239,0.10656676268494379,-0.6524013480279978,-0.1661315036911788,0.1826493050643639,-0.8235264213933507,-0.1950870272175289,0.24023821042240778,-0.9472596464767431,-0.2120961206853972,0.10838612737265767,-0.29630753141173455,-0.13030089128819108,0.1946753787892365,-0.5115671260212783,-0.19490951506383442,0.2724640701514559,-0.6594472196631079,-0.245736906950568,0.32670095733807203,-0.7659380256108916,-0.27118106502263994,0.20108200284081257,-0.21177889361545293,-0.14250002587415034,0.31300428502119404,-0.3412106125378447,-0.19345872339905665,0.3860765845713723,-0.4229109259886351,-0.22443510379433212,0.4419323034655915,-0.49481144149419576,-0.24212866218512122,Ok
0.0,0.0,0.0,0.1445295103424995,-0.10450915300570364,-0.04534270945164547,0.25534692312404433,-0.2656310462278,-0.060641460645403406,0.32720786592765105,-0.4124238355358091,-0.07851836144271751,0.3458564787385102,-0.5538055573221813,-0.09233183012636595,0.106590930311942,-0.4838214059989961,-0.017905211786349177,0.17394515839502153,-0.6479928426463738,-0.07529302810797397,0.24424498060805255,-0.6426727990260765,-0.1142928709749005,0.29992666767894255,-0.5950858675013204,-0.13211607146308676,0.031122103472236633,-0.5283862226340746,-0.02655991982488653,0.06651061856546378,-0.764467390896177,-0.05508820241188635,0.11784403318675848,-0.8841668552878427,-0.07167316684352401,0.16623986378141958,-0.9826376647264775,-0.08238645247144578,-0.037174161307107226,-0.5260909639378943,-0.048812586082663055,-0.047495604210412094,-0.7529832086771596,-0.0821323061535804,-0.014786468677018464,-0.8889508288118503,-0.09733550500690706,0.020207245414798236,-0.990894928277803,-0.10510142912412632,-0.10272110982908829,-0.4788302620755394,-0.07838127186197491,-0.16028371479726053,-0.6385546349990678,-0.11381289435781149,-0.18396103406152925,-0.7663503720018896,-0.12708472531653842,-0.19503876421976468,-0.8810159719190698,-0.13192525502457844,Ok
0.0,0.0,0.0,0.17171933680903953,-0.1270805739115412,-0.04383976013879375,0.29894671828623814,-0.3062448469110852,-0.05954494179692871,0.36279121610774917,-0.49352638543836375,-0.07879539205301407,0.32576392235880247,-0.6417994944384706,-0.10042793333955732,0.15885431594074084,-0.47510193598859873,-0.006314968232510173,0.21182245897400254,-0.637606115919833,-0.04913023449442236,0.26622975597364534,-0.6797495500401901,-0.08029136481225434,0.30693756803909655,-0.6769582737373636,-0.09589669083640619,0.05341349707833138,-0.5170415854808214,-0.01750925804899954,0.0767587655309449,-0.750389245620449,-0.030046614993165376,0.10099927358276031,-0.8769628236357025,-0.044799386317588764,0.13175495878919627,-0.9896432613441813,-0.05698110310014669,-0.042766116777417006,-0.505326035198099,-0.04099681297068284,-0.05459635422332422,-0.7171442292223956,-0.06826263227544548,-0.0479261061629911,-0.851553586084795,-0.09275912060941321,-0.03639594791279672,-0.9605954885754368,-0.11211103002061135,-0.1394469288634466,-0.4453988270416085,-0.07030615127309892,-0.21771671942730078,-0.5666352203389761,-0.10390125173617058,-0.26647175854953503,-0.6605995260217106,-0.12025690902928282,-0.3046863409927783,-0.7481830004655601,-0.1312457352060652,Ok
0.0,0.0,0.0,0.10958491768132814,-0.09974019788571548,0.0055474911561121994,0.18458932809505835,-0.21726256494893134,-0.014672344468926674,0.25578770182728683,-0.2969367991003566,-0.04956134945215653,0.30971803746639964,-0.399502468665209,-0.08021950042241083,0.025793937400065095,-0.47230707836944846,0.018547053634068805,0.1581314510685806,-0.5862950484275341,-0.05059432202422966,0.24332450619485393,-0.5281783312606027,-0.10920578945017864,0.29146740077080113,-0.4374786567601893,-0.13890164315549197,0.01137139886603661,-0.47548725920856605,-0.023145729326616127,0.06437798705759734,-0.7164272152044188,-0.06975521045750607,0.08848452935366838,-0.8746956569718591,-0.11658236575709004,0.09207340219226329,-0.9842998014179396,-0.15058681727610318,0.000975758311176752,-0.4463541504147013,-0.07197312099229031,0.04550623958655671,-0.697081515657386,-0.10326870931166154,0.06673616207931016,-0.8546877432773017,-0.12136540864075004,0.07451967409468788,-0.9690935257232728,-0.13602918298877945,0.0025003421572366764,-0.39806120079974217,-0.12407880892550376,0.01665635582731168,-0.5873744587204842,-0.14648815786246663,0.02508963389252189,-0.7375510207455589,-0.1495081464741051,0.028373220216428803,-0.8592699989614296,-0.15183723485170553,Ok
0.0,0.0,0.0,0.1247711096389859,-0.08707771163387387,-0.012891297425328019,0.21260823117661823,-0.22331997016531505,-0.03415514943939874,0.2781216367629525,-0.3082868220338077,-0.06570458720772783,0.3381526773976963,-0.38965809283330455,-0.09518813027076665,0.09371599088716373,-0.459617855896439,-0.022352617421793945,0.1900025468276664,-0.5815429894890288,-0.10103482930560449,0.27246384562553494,-0.5190018368261794,-0.1648144024715598,0.331109212991809,-0.4367151523449974,-0.1997301931796293,0.05173717284949374,-0.47231224177778547,-0.058752149726005586,0.10584181856424892,-0.6895475649921806,-0.11914017468634483,0.15557436160282634,-0.8379070328975229,-0.17564195771572702,0.18765836836159097,-0.9582490216660767,-0.21573861327975621,0.011899378638349325,-0.43459492485876394,-0.10203065706437245,0.04914606126175212,-0.6481773365525473,-0.15469437557049748,0.08830082371982037,-0.801295856456739,-0.19143882345327318,0.11737897866297661,-0.9258515085161224,-0.21497946879475524,-0.016107733554029176,-0.36038121730513517,-0.1480301633433149,0.023417803295372453,-0.5219905144868919,-0.1859192686498992,0.05584516824910946,-0.6520086094781866,-0.19824403549215072,0.07985676014357199,-0.7536989039665928,-0.20528473642038658,Ok
0.0,0.0,0.0,0.1653865171261946,-0.04469356624589854,0.016905322952543503,0.28128524043991754,-0.15871843085834664,0.01046441927870645,0.3648419502654589,-0.2250141531474807,-0.01162169078159318,0.4447084123326346,-0.29266771299710387,-0.03307219779652387,0.2044462497567468,-0.43623840489014776,0.014222741647466047,0.33672268298699887,-0.5094276712820058,-0.04014137010309798,0.4102205975378315,-0.4277724163038976,-0.08745433055894698,0.45872470930544607,-0.33267582871856793,-0.11719515609319188,0.17549173019043657,-0.4511909614042239,-0.03570336390620085,0.26879021451455226,-0.6617084972776763,-0.08884616931772159,0.35166847442640997,-0.7984521571387128,-0.14520732922556234,0.4036006035829488,-0.895275513287056,-0.1886486366133554,0.1424565309823703,-0.4290646125458548,-0.08933677119281051,0.22931607082506428,-0.655070753374415,-0.1320107868262385,0.31128426074213283,-0.7933586587443839,-0.16861395171905325,0.36687160662684115,-0.8920336359228258,-0.1970131155891615,0.12022950977527315,-0.37308181120746026,-0.14369555272597526,0.18602026277827224,-0.546035164817892,-0.1757144501727303,0.24006356409686005,-0.6797449231249449,-0.19122450577300124,0.27980181362203316,-0.7855200136166747,-0.20496204483009814,Ok
0.0,0.0,0.0,0.2198402411433808,0.07193188944163142,0.08148359742660823,0.37734996910291607,0.044278647418510585,0.10653484459288774,0.48856447038066786,0.05776414416236121,0.10166212412878407,0.5976035706758592,0.05335806441198531,0.09832451382603492,0.39019447182364664,-0.31549331209591797,0.10927727091026047,0.5679355430639131,-0.24514393270119073,0.0697535117742313,0.6188173583700471,-0.11106562629858395,0.036676137072956035,0.6237074040987035,0.014460277275575846,0.017780226457860378,0.38104697673181204,-0.3280958318275083,0.030067970336942577,0.60291561908369,-0.41439277073766845,-0.00363181990753218,0.7420098545489263,-0.47439599132548715,-0.035889079962230924,0.8433544175856617,-0.5340070494544903,-0.059914918606796125,0.3575843289333604,-0.3059703683298951,-0.05426426828594777,0.5802243328284511,-0.4079088006701674,-0.08289247428477145,0.7105835367941912,-0.4675952746566351,-0.09731411622039486,0.81172851278328,-0.5285668348542982,-0.11027104971674008,0.33174685616601507,-0.25382009906653624,-0.1363112484620157,0.4809894570649611,-0.36880604546276785,-0.17346381074337522,0.5835502944386216,-0.45873696880418063,-0.18873272945494837,0.6667102598008845,-0.5411506025348434,-0.1986549492295854,Ok
0.0,0.0,0.0,0.20256529817493718,0.0907059280512484,0.07486267500825441,0.36536737133493136,0.07502849415548286,0.10392494510223278,0.47560919974143673,0.09073008763592895,0.10480449984604287,0.5782009860518503,0.11490298474068932,0.10179334453499068,0.4116819525712079,-0.2627680248823729,0.10213585184433942,0.5882913105515938,-0.2662121626821387,0.07283355750919167,0.6941385598099822,-0.24112169441226608,0.04273910459790317,0.7730626637320164,-0.21376301914799717,0.01822131452752619,0.40469342291279775,-0.2815819316627887,0.023058223622715316,0.6234395618398033,-0.35297005302456985,-0.014167424530180618,0.7728866439007723,-0.40536109850983676,-0.05360953738668537,0.8864802448921424,-0.45540619901734747,-0.08220686901068258,0.3769452359771486,-0.27423117258508656,-0.05948539593456231,0.6005582985854132,-0.3604641261011934,-0.09941498002845675,0.7391225560287503,-0.4242923518444152,-0.12992544362837877,0.8486111641863376,-0.4857307509152571,-0.1520186236957531,0.3384971469935917,-0.2370487500071412,-0.13852100681726814,0.4970191935940563,-0.3226581561472072,-0.1873885843699087,0.605114434684149,-0.39943764496382317,-0.21478021199287453,0.6922902694064621,-0.4749181041388401,-0.23309482068989235,Ok
0.0,0.0,0.0,0.18114528693064808,0.05698819121599366,-0.0007289423078958853,0.36964677212690317,-0.01062985068299947,0.014790613515782416,0.49738167183654297,-0.08081350434416083,0.01681464572362283,0.5859288155606731,-0.14111167409577177,0.013939693116219131,0.3978621285075564,-0.2848695784441581,0.06655893796081883,0.5128323807881686,-0.4623918130571197,0.03818196620220806,0.6097122261928178,-0.5639545412111727,0.0023564489344428553,0.6855915921365199,-0.6450376235905809,-0.0273432635987737,0.3676679546341298,-0.34001549376088136,0.031096267069966804,0.4898505346331691,-0.5351593212021017,0.0010089808763132095,0.5907593926591752,-0.6434835667609101,-0.0459958913400061,0.6711702825263443,-0.7297961762389737,-0.08249866124720737,0.32460987380687695,-0.37301108051477777,-0.014512593350294228,0.45305552269809984,-0.5662479460742746,-0.05905069961304506,0.5461743402658402,-0.6849511053151874,-0.10111218712858798,0.6129348945846316,-0.7797038812401853,-0.1279557446131968,0.2667688154379996,-0.3836430024238164,-0.06254355346697345,0.3743084646406758,-0.5416990580955898,-0.10750331355376813,0.4446006186812718,-0.6475931978727134,-0.13329815353098506,0.49798646983997036,-0.7338129208291758,-0.1506620977893564,Ok
0.0,0.0,0.0,0.10793615281155482,-0.14966347663987897,-0.012046343800542293,0.15957895450430232,-0.30631051959339295,-0.01990091840859252,0.2005190740046666,-0.4303736219827879,-0.040434954509874846,0.22919434028746083,-0.5641065755054677,-0.05732451218273182,0.004114091654340988,-0.4943112466010227,0.046929530315202334,0.07726939943765909,-0.6335749848460487,-0.012792143689253582,0.16180845102578,-0.620040664750617,-0.06874210068503024,0.22940262975748574,-0.5782971697673959,-0.10028037160423742,-0.018105324921727842,-0.5025815748114634,0.01878170942907032,-0.01037089255098262,-0.7249256515486294,-0.019466162528506425,3.983473677334958e-05,-0.8717841508381279,-0.06481691574821091,0.00543500653079394,-0.9950855855881842,-0.09886929785646673,-0.04503785268913377,-0.48694650306481513,-0.022488898293737472,-0.047797313545614895,-0.7016194584392111,-0.057684652075176535,-0.048993729260428255,-0.8492709999060243,-0.08530005992946682,-0.05106538532020841,-0.9710657700274321,-0.1037728259576385,-0.06938636726515748,-0.4475039324069411,-0.06892951281946175,-0.09156189070650585,-0.6200917381278593,-0.0935313416688892,-0.10351805593252819,-0.7432588086874199,-0.10193790717657032,-0.11321194526903836,-0.8445802723402879,-0.10763109805830455,Ok
0.0,0.0,0.0,0.10848139510574081,-0.17133034321481339,0.05085544028958006,0.13608640252271934,-0.33966335368837447,0.06933233983759486,0.16750138480047766,-0.45934255075845554,0.0701488227802577,0.19904195058637503,-0.5592310890228969,0.0707424391083979,-0.05248575320923962,-0.46304616904354395,0.05628090338902233,0.0007129176186361294,-0.6680136046624459,0.028953737695136334,0.05781769796952991,-0.7606619251211685,0.005203505393644733,0.1078757467336401,-0.8265265202330969,-0.012154999221151494,-0.0652980090519524,-0.4569901112355974,0.002811036935661268,-0.031735147209845334,-0.70331972866138,-0.03304772138074496,-0.0008399005554026739,-0.866447229708911,-0.0636113947175502,0.020852885978648986,-0.9960941918244667,-0.08579928997330936,-0.062475361510248156,-0.43171959414821104,-0.05188174522723492,-0.03717302263276646,-0.6762794819626895,-0.08156893892176767,-0.020423504768892636,-0.8402384261491351,-0.1008940291186851,-0.014159966455735763,-0.9760541304995141,-0.11605105044357576,-0.041404042976260456,-0.39800942723187693,-0.10459960204049784,-0.04044482591918112,-0.5916485489557417,-0.13441238304596478,-0.045177206779664254,-0.7229775634368514,-0.1496304392335502,-0.0537908725162077,-0.8341948415093904,-0.16109918274912255,Ok
0.0,0.0,0.0,0.11965831170201184,-0.1331979045656869,0.008115938783144684,0.18999520587819724,-0.28552654828697593,-0.0005932941294911717,0.2542547617413251,-0.3978089032830994,-0.02312342073171036,0.3026036713227446,-0.5126525014914548,-0.04127477924574142,0.01946738128644093,-0.4820725225783172,0.027844319456263415,0.12612179105325821,-0.6182070319077179,-0.025144719687104126,0.22183341108455087,-0.6000385787694729,-0.06685632488621346,0.2936504402975416,-0.5520956965206845,-0.08811361206237228,-0.0012222946708592836,-0.4842548730279046,-0.012539287053631148,0.05017925403405698,-0.7153056745130535,-0.0484983130803264,0.09587764890700999,-0.8671948373222759,-0.0800986842453802,0.12871103615049914,-0.9863774886855722,-0.1024349500288302,-0.015068359492808086,-0.46330878157933797,-0.061071717009043465,0.023600323221414848,-0.7001368303797926,-0.0903666641740539,0.057693299681726644,-0.8535983733735603,-0.10592051099453671,0.07999407524421523,-0.9729831710881497,-0.11591165480949683,-0.016385005647890312,-0.4210303956929428,-0.11285773020123473,-0.00621617066771518,-0.6137749282410876,-0.1358257265641282,0.00234930859140019,-0.7491614403147377,-0.1396196412519517,0.00775107045307806,-0.8549757935312838,-0.14029428843723593,Ok
0.0,0.0,0.0,0.16319958103343804,-0.03518927156315914,-0.007104150488591177,0.3127237874241711,-0.15741552384060667,-0.005746036780170816,0.406271200038771,-0.2412155769066513,-0.017673881364634852,0.48186832199119495,-0.30989788851314776,-0.03100840099444336,0.26840339404775443,-0.42865757450164593,0.03396175007205656,0.3620399748579475,-0.523213320615727,-0.02023763663823337,0.4307235079465753,-0.46373725197356996,-0.07412954491074195,0.481658227064592,-0.3838551028440317,-0.109371162072741,0.23254244303255514,-0.46327281732315945,0.0003053996504028679,0.31663761975357274,-0.66380306381636,-0.03884441668906872,0.3914227275290809,-0.7839781761546919,-0.08768670722717353,0.45282079830501587,-0.882512561011258,-0.1269838740933625,0.18256930179243397,-0.46480279155287235,-0.0439124987375666,0.26624245643704847,-0.6681455006536507,-0.08480868326269508,0.3347332667893868,-0.7962284204506302,-0.12058725209414245,0.38955623497216385,-0.8974592949724083,-0.1472197614037669,0.12312220942083876,-0.4325915612862159,-0.09186225058574517,0.17564132658353457,-0.6009185171466142,-0.12842732667210033,0.2195383406811799,-0.7167496997250502,-0.14676291012158893,0.2569525419467073,-0.8173027873841311,-0.16089946212902062,Ok
0.0,0.0,0.0,0.17353504846979037,0.10090064794385244,-0.026146497916116927,0.36889244990906045,0.1078207172490606,-0.026695696832592365,0.5118652839448639,0.1011180376384647,-0.03782786871377661,0.6295066314400185,0.08162085707627285,-0.04758683960675019,0.45575571703515755,-0.20405916891523543,0.02906099540867036,0.6021587031058867,-0.25760890444823603,-0.02800583375185513,0.631801244003165,-0.1674064875931744,-0.08182449432605024,0.6283534840802022,-0.0658900714878696,-0.1143458561365868,0.4332653648132692,-0.29026713478510446,0.004648012469561171,0.6135122354509055,-0.4416782952027793,-0.028481876337834954,0.7312891975452692,-0.5001529908810886,-0.07343114001398526,0.8181446765670422,-0.5394079995404065,-0.11011051358218431,0.3828407754469357,-0.34985324374244975,-0.03377763119869715,0.5534854213727848,-0.5047379833419879,-0.072066766778536,0.6710839342941567,-0.5834399943628749,-0.10847689521022016,0.7604206017696234,-0.6350975591583469,-0.13568934650676823,0.3072607784203247,-0.3825408487771494,-0.07810451581913357,0.4280417477977923,-0.5063635808130313,-0.11456402887429687,0.5180107754830541,-0.5900677557960051,-0.13395648271298904,0.5951851329101041,-0.6611812749927359,-0.14848693730410148,Ok
0.0,0.0,0.0,0.20537458773472353,0.08527060176323661,0.07539375848237186,0.3770372710264261,0.05511769244414571,0.09622403298346023,0.5018084926216084,0.06099136709290218,0.08326269893715121,0.6263377249937407,0.04111282919188921,0.06649520210600472,0.42694491796285367,-0.27817020666345726,0.11709131824570077,0.5775546265264581,-0.315616723771629,0.07713070517665158,0.6387298528225254,-0.22209113312121606,0.03262451141475664,0.6688568096742167,-0.11120404319852938,0.0007207207114465666,0.4104533524119939,-0.3252300963663105,0.023325689191155463,0.6011996039360882,-0.44782429172658983,-0.008595355265670526,0.7439050326314293,-0.4767043026615357,-0.05859343307060765,0.8466510264208316,-0.48136154307819207,-0.10138533100899907,0.3740013584042049,-0.35100063346231813,-0.07785270652147483,0.5584832454324735,-0.47837841216331733,-0.11357640393303495,0.6922094711165828,-0.5406645092767919,-0.14711303058419725,0.7914969479159737,-0.5850563801182638,-0.17675297316484356,0.32013297916268235,-0.34349195336738886,-0.17781623523293333,0.46646508982260376,-0.4435402933833117,-0.21668132648398117,0.5705386926031016,-0.5222829728230095,-0.23414321621291873,0.6523903198182093,-0.5901914615731892,-0.2502326281156536,Ok
0.0,0.0,0.0,0.0977415109016988,-0.12077001941411951,0.0022520916876471557,0.17141469160328376,-0.25965334583670174,-0.006239534191915728,0.2351346881864855,-0.3478580025769808,-0.028420346475981115,0.27708525390890804,-0.4412461066154434,-0.047342677128934925,0.03663831808547822,-0.48391942560184215,0.02570771373688634,0.13156043360124509,-0.5852173529538484,-0.02846906460498121,0.21459474043823834,-0.5430036131943734,-0.07591007046027713,0.27835252439906005,-0.47727408609868505,-0.10435666470713525,0.003823491839031527,-0.4993192867890567,-0.01183969853429896,-0.019081901161350046,-0.7241863976460169,-0.04981976722252377,-0.005288505125342369,-0.8780473475377474,-0.09244157443345753,-0.006575672509019951,-0.9920510298132924,-0.12566429396387768,-0.02692372948861582,-0.46959912415577654,-0.05787522938731105,-0.08052601638008007,-0.6959830805426857,-0.0963912819657673,-0.09539206119141828,-0.846885691195377,-0.1263843441484814,-0.11030024060081063,-0.9618979843452419,-0.14836485206809727,-0.045546107156637365,-0.40214698309625585,-0.10622751610109253,-0.11868329787212893,-0.5574707169304848,-0.14357489788619904,-0.1621557808816735,-0.6835110723178757,-0.15935227058124385,-0.19644152817553387,-0.8005954848077599,-0.16949072710383536,Ok
0.0,0.0,0.0,0.08330927674875599,-0.17780296167282697,-0.029932265647476957,0.13293427857620005,-0.3610597814489241,-0.04732237023971404,0.16252363395279668,-0.5188789088632987,-0.06785963065555965,0.12847559285671625,-0.6378713168214631,-0.08176265479525208,-0.06389997012566226,-0.49893182275694925,0.008907691840778078,-0.035328214313914766,-0.6589738080630476,-0.028920184216221376,0.04157972348341824,-0.6680511420464631,-0.06251771846830606,0.10307167637008834,-0.6570915460957775,-0.08589965063636643,-0.12015031250815647,-0.5099912601944143,-0.01055911398767977,-0.11542655372093051,-0.6654505347676817,-0.05339937635054143,-0.025275770816519126,-0.7086455557016226,-0.08873038984010466,0.03930235132929187,-0.7236523121096397,-0.10811100385730554,-0.1767156487017826,-0.47935519044863706,-0.04059765683815127,-0.294416534748081,-0.6549770412113571,-0.07978780471037898,-0.3560943224995214,-0.7998319069364334,-0.11177462236500074,-0.40677384092329294,-0.9038568060534407,-0.13258173513491442,-0.21865231563320026,-0.40249683563594285,-0.07525969267963832,-0.35741914742423075,-0.5127061650345157,-0.10930052262638605,-0.44210685141147116,-0.6043594339666339,-0.12660148846226418,-0.5078049140236679,-0.6910385973253252,-0.13822073569751545,Ok
0.0,0.0,0.0,0.09347992636481313,-0.1528389086771908,0.011032168169680156,0.1495394171026421,-0.2738598012454466,0.006331379558308033,0.21268073992981965,-0.35839423293471523,-0.009226495975835422,0.24625467429202677,-0.4466702794957025,-0.019812962786544173,0.0004697024168705729,-0.4599635580884067,0.01533758312833605,0.1283826598674156,-0.5506701396078825,-0.04186584269591039,0.22352562143987695,-0.497370704295017,-0.08813203982820034,0.2925747346597165,-0.4312534086860486,-0.11514333153291045,-0.004129866002426659,-0.46019362224756755,-0.02135294358809933,0.006046900615608031,-0.6942516094732256,-0.0840851701856759,0.01839798788320239,-0.8542413694875132,-0.14682380928582536,0.01707576200449737,-0.9812162796257531,-0.19215366493866734,-0.00821271889406828,-0.42172832380581077,-0.059836032705517926,-0.031185911259215778,-0.6500544268375192,-0.11293007145268537,-0.04846065732683827,-0.8049076115318099,-0.14901976096774092,-0.07307566469613376,-0.928792231293645,-0.17242909281846527,-0.00841506103653519,-0.3683814466911805,-0.09780661282552024,-0.0363503514928998,-0.519628339966377,-0.14050544903831932,-0.06915035573956965,-0.6307624753644347,-0.1544816948792839,-0.10821610734703686,-0.7383990639552749,-0.1624499348799955,Ok
0.0,0.0,0.0,0.14313940102083728,-0.07732743377871766,-0.004274019049453562,0.25460706118698273,-0.21048246150142222,-0.004924398071789526,0.3390625189141457,-0.2938114392183029,-0.013132678543328625,0.3997513831532343,-0.3573697074952447,-0.01969851317350459,0.1618381481419535,-0.4456729319280833,0.006669881205483276,0.26013453110332574,-0.52684033244156,-0.03289878369122468,0.3378069699114316,-0.4560491921860613,-0.06989648323993908,0.3847087697681145,-0.3625974943184732,-0.09648844171954632,0.13162056818100148,-0.46381664953976015,-0.026361807670550474,0.1444496319249251,-0.6741634736521892,-0.07471352462100732,0.20643066397755766,-0.7710458450438032,-0.13703717552771477,0.234520576082354,-0.8339380779094179,-0.1830911288088744,0.09459320308500466,-0.4387350630600909,-0.06355399333620046,0.09070487653056225,-0.697606655714571,-0.11538812019672402,0.13107539126640422,-0.8496945938958061,-0.18078865949922812,0.1478060825678071,-0.9624715818115123,-0.22760012337695235,0.06713287179061975,-0.372628749547063,-0.09997122110191961,0.033583390568934016,-0.5221424510109235,-0.15354246819586492,0.04110896671925882,-0.6473394557746912,-0.1949665845295164,0.04204208955576454,-0.7556294898943391,-0.2248588851770037,Ok
0.0,0.0,0.0,0.17655293790496285,-0.07331215588401914,-0.0046255667147783236,0.3197258868538032,-0.21494698752013164,-0.009627593993396716,0.42630815306898073,-0.3238374386066335,-0.021712616171217728,0.49566100971890115,-0.42566135501952596,-0.030535863163576097,0.22228720985391875,-0.47817655059189246,0.0056530633079388114,0.3326170892711273,-0.625030892068954,-0.03394341325684535,0.41715961106090965,-0.5603578742839488,-0.061298421516897926,0.4582835666806122,-0.4754446267828935,-0.08041436727233853,0.18395186000500793,-0.503819543481678,-0.029545373396761773,0.2916211725165749,-0.6295907632865795,-0.10324933302335558,0.3557314062925821,-0.515086321586198,-0.15842060130050953,0.3631516070578957,-0.4139239698827097,-0.18517050898178705,0.14222586490762223,-0.5109212980150422,-0.07041693148635327,0.2511262215796801,-0.7155598728331996,-0.14747050384903185,0.3418800958234014,-0.696437690227594,-0.19869161033617058,0.3811707843681604,-0.6765990036001024,-0.22407201349033656,0.09360411476908385,-0.48852330157870394,-0.10952741060222052,0.10223573196054588,-0.6924156556183071,-0.17742569392314778,0.1330850272438725,-0.8322100661454633,-0.22088257544846857,0.14976713394084284,-0.9570404387593116,-0.24828089771573258,Ok
0.0,0.0,0.0,0.148936803618923,-0.010413056171173721,0.0031035816963755646,0.26481888467180464,-0.13815535234986753,0.011709107314566789,0.3381249940945993,-0.25456736715907563,0.009100584198682251,0.33619321916462663,-0.3282868550121761,0.005197087004821829,0.22158521993233554,-0.3571316226137501,0.04081804878539424,0.2900040324278984,-0.47557298772270573,0.021962057991668137,0.3524402289353465,-0.5013150759570089,-0.0058991839022656655,0.40277406955359935,-0.49865997238614307,-0.026755633081341122,0.18057078866721438,-0.4308174983857456,0.015584193037235908,0.2179342121374867,-0.6636961267329219,-0.011995752788479818,0.2928831329273219,-0.8249334470177037,-0.05485754076821454,0.34641563965192146,-0.9338454108787636,-0.08904466960589796,0.125528079432869,-0.48161070411243295,-0.014204551728787599,0.21374490937210622,-0.6282775216867823,-0.06739337858212018,0.29530270109402673,-0.573002370697532,-0.10931948528962461,0.3220340045809487,-0.4997315455986833,-0.12895034115830117,0.07734273641678797,-0.5107104051351239,-0.04227489844491577,0.12541336357397345,-0.703211225066764,-0.09586404455711738,0.159372769517019,-0.767138727739854,-0.12266672145879863,0.1667047182535713,-0.7963901011882276,-0.13641949741996104,Ok
0.0,0.0,0.0,0.14788962349544654,-0.05836001809813339,-0.02505044829276545,0.27330615622509274,-0.14071696252282082,-0.03814628273714387,0.37738690457693913,-0.2037452127449414,-0.049598783690246215,0.4503706469703155,-0.27889685694933275,-0.05687091798646534,0.15965733910070734,-0.4283152342483326,-0.02603528216783694,0.2971316147231322,-0.4746986604598813,-0.06058887201421807,0.3806964348681119,-0.40248931775095664,-0.09276530185925502,0.4351764065103148,-0.3092193887045208,-0.11311129918848203,0.14015471794822612,-0.463445795453146,-0.035152011343685015,0.1894957220154525,-0.6921826863902828,-0.06868920859036368,0.2534200611719006,-0.8423423397536671,-0.11878228463751382,0.29691983220742674,-0.9414257808269325,-0.15986279253257768,0.11359859143276489,-0.460795980366597,-0.04534027472494227,0.14944244688118596,-0.7034960979466348,-0.07405126691354337,0.2056898561403851,-0.8584286451311592,-0.1087050473272595,0.23493074707380485,-0.9584608226923573,-0.13628367465779417,0.09360444407564134,-0.4266401999809053,-0.05706143003354781,0.10660052807952619,-0.619384942997329,-0.08726924936434663,0.139919238444486,-0.76771024083411,-0.10497733599016468,0.15992828956766908,-0.8850068292203885,-0.11746244437469956,Ok
0.0,0.0,0.0,0.15509018773348388,-0.01753098930908742,-0.036182375251495966,0.2939419290707448,-0.09980834626517925,-0.055137364694427676,0.3873943408489653,-0.20401759089585475,-0.07785968874183974,0.45669728843443613,-0.3032215587733019,-0.09837843343830661,0.2504252677193785,-0.3501795152285484,-0.001605532407869829,0.3535278896161388,-0.440741620251939,-0.05257034623890533,0.41718802983898995,-0.4106246774141437,-0.09557946262907559,0.4605851542010953,-0.3672971648428859,-0.12414125325422955,0.20495837377510367,-0.42295903629154163,-0.02027776670730119,0.3195220573088777,-0.49582580833220363,-0.08475009452679651,0.39330913817265695,-0.4580076280268612,-0.13324503246986755,0.43664641529376214,-0.406488366850964,-0.1567998532948438,0.14166235676591682,-0.47684982313844076,-0.05009558899882619,0.21500483562616046,-0.677619992492708,-0.11421987016820388,0.27184617020073826,-0.8229922088564934,-0.16483971983885276,0.31944079105530904,-0.9274975792105651,-0.19417986911237667,0.06096433700127188,-0.49366327552648387,-0.08207027681827389,0.058548555870477706,-0.6797644923797579,-0.12966823455026227,0.05727790444840016,-0.8105794579680221,-0.1560683388931712,0.06054950112549694,-0.9179587558320184,-0.17358021252100495,Ok
0.0,0.0,0.0,0.1428522268431154,-0.059259900956779785,-0.014885474679826146,0.2563133094644048,-0.19054739085568173,-0.01840889218731039,0.32524614771662563,-0.31765016262880946,-0.031516569937542115,0.33131144821935854,-0.4258767661747719,-0.04344482926657937,0.16705991030418882,-0.42120666453431227,0.03579780942232739,0.23413858758474715,-0.5287647592245344,0.008724856326047309,0.30241751294937086,-0.5058196945817676,-0.012260228687704528,0.3468764264697595,-0.46091965846860905,-0.023337054430041148,0.11397302268912403,-0.4816937079979397,0.013413446826327086,0.15803169584232885,-0.637510938692036,0.002023667488752801,0.20939402927692788,-0.6899772273653118,-0.008170356902952928,0.25063750507452814,-0.7378423398032482,-0.013596424953640005,0.055887624150379414,-0.5151603708801729,-0.02105895787149945,0.07178607972849478,-0.736231512541231,-0.045577149860302764,0.10474519484812156,-0.8802897312521718,-0.06957710684767264,0.1256973692479396,-0.9883963572914762,-0.085280784805767,-0.007308120160549046,-0.5067221443713573,-0.05886522043093297,-0.05449235771417953,-0.7004229400852192,-0.08574208666236438,-0.07655342024931526,-0.8266873897250897,-0.10031393091369382,-0.09301023918283162,-0.9276642569830755,-0.10946518904913066,Ok
0.0,0.0,0.0,0.14745295258812685,-0.07611112181784581,-0.02265613126537955,0.2630834089779757,-0.19353940162384234,-0.032785659648665685,0.32965750968084656,-0.31384456785462067,-0.050636520933755064,0.35028018613136797,-0.41944061808934957,-0.06596449904203137,0.15390661217606294,-0.43864748553972055,0.007678896078878896,0.22858688282136025,-0.5553944684619122,-0.030421362299425977,0.2883249547520808,-0.517128175232129,-0.06355402195745331,0.3308515885454116,-0.4671704244595585,-0.08288316914299693,0.09175938023776972,-0.49424420616685405,-0.012114311216081964,0.104057775246092,-0.7056114202281917,-0.02704997554356307,0.13855288232983973,-0.8247420907999798,-0.051853761728283335,0.15872251976733315,-0.9345915990948478,-0.07454380118237261,0.03253600603618074,-0.5084119458638584,-0.0416406322146761,-0.0066213940009036834,-0.7323524293480007,-0.061071251979469,-0.01255503433645418,-0.8784916752288116,-0.08313472641642121,-0.02219798924100642,-0.9945558002870436,-0.101813601198731,-0.02491388184894245,-0.47802505473223583,-0.07618502103835903,-0.0874114119246388,-0.661164000354723,-0.09772362920216177,-0.11774203681705521,-0.7819262499562024,-0.10732952856645497,-0.13982777739422292,-0.8871253855098227,-0.114460547110988,Ok
0.0,0.0,0.0,0.12599846835181447,-0.08659526770598469,-0.05051073277082492,0.23416070778722703,-0.21868084708882832,-0.0749257528125705,0.31406311332168146,-0.3312406390027957,-0.09979670842537662,0.35201563480893366,-0.43247225243657583,-0.12330736413970267,0.1344365928946325,-0.4491420478492799,-0.04012672565279672,0.20808693269828718,-0.5736746653749094,-0.09854484132773762,0.26506368417233594,-0.5438751303245598,-0.15054033086404,0.31624233000909246,-0.49583359862023013,-0.18433958045467336,0.061622256598696974,-0.5042648810384409,-0.052943298644185996,0.09212935657854043,-0.7235763935258511,-0.09283601797947809,0.13159785489181772,-0.8517168931052546,-0.14331186792196296,0.16221011535203791,-0.9558007800492246,-0.1840729235222895,-0.009422423664307506,-0.5002693777514821,-0.07472154421177526,-0.04133119236668306,-0.7170659632202078,-0.11941408368179457,-0.05248370673467095,-0.8648267013364355,-0.16508742219189762,-0.05739293114037708,-0.9783278803512577,-0.19894876220406882,-0.07675673874626852,-0.4398449391845727,-0.1014145641149491,-0.13101924913698673,-0.5926520416823302,-0.14071240905673807,-0.16425274984552257,-0.7080300452252906,-0.16268475807641594,-0.18464618564842658,-0.8140355279910246,-0.1793253629031597,Ok
0.0,0.0,0.0,0.12880381556665196,-0.10053014866926739,-0.033558256381586,0.2374226953033608,-0.23438788554424608,-0.05066221414044792,0.29823756978096244,-0.350493463235563,-0.07242692848836989,0.3476043594870611,-0.42430051903760513,-0.09121838307086566,0.13151467701090913,-0.4607450395010034,-0.015556045404369485,0.2205135760574448,-0.5711456721963093,-0.07408408773100636,0.29357289273604076,-0.5408115719122625,-0.12225569912917805,0.35001926723066124,-0.47822663371656765,-0.15019407281984656,0.06364463857844985,-0.5141827375066804,-0.03293597184571395,0.08749009357639362,-0.7405269365089938,-0.06906464782082221,0.12793225983837747,-0.8733320461085288,-0.10618734898129209,0.15788247652982362,-0.9762667534485934,-0.1336759102738425,-0.0019534061049781178,-0.5092108642431648,-0.06001074472715314,-0.036748887439067686,-0.7396723562382664,-0.09822913535718442,-0.0441078971932665,-0.8822879401323356,-0.12657380322256623,-0.047765214849536775,-0.9881972985924883,-0.1455492470089972,-0.0656354204715361,-0.4506699565392654,-0.09212106977803003,-0.12582294755750606,-0.6089139805333382,-0.1273674896233754,-0.15501206067537576,-0.7285620681811988,-0.14182431603086298,-0.17584094708569187,-0.8367296836714467,-0.14967077455945213,Ok
0.0,0.0,0.0,0.14631623728685272,-0.11382918756548818,0.010486664580108718,0.23869401662235343,-0.22703077586145526,0.012123839143902049,0.3056857031476554,-0.31637948162230145,0.0009648262905730114,0.35937307887092323,-0.4126429054866913,-0.007836327098245355,0.11053152758258106,-0.4735135148546292,0.03407789350505615,0.2264135231923576,-0.5593725107205987,-0.01232380349884375,0.3040167114588013,-0.5037508876551551,-0.05811127961788823,0.3659615247254973,-0.44075057941101475,-0.08800500886513757,0.08673108672083928,-0.491533253366088,-0.0010325047665789254,0.10907393253114586,-0.7167289249949045,-0.039299618688059854,0.16629010136938308,-0.8510150424085837,-0.0913409193794047,0.20271594596427775,-0.9665606317703457,-0.1342831999702756,0.06214993816344717,-0.4741975952237222,-0.04226138620961732,0.03667529687907651,-0.7200608846668867,-0.0804408909923792,0.04129689651342824,-0.8679303876255284,-0.1193294568062153,0.039877002773125066,-0.988143888288606,-0.148261528009484,0.04805046277202036,-0.42702956990699503,-0.08416750083171165,0.01990118984462454,-0.6171194389004211,-0.11694717863388805,0.008223350455731658,-0.7406718796474104,-0.13452677028298382,-0.0019224125321024197,-0.8511385638095295,-0.1482342087323385,Ok
0.0,0.0,0.0,0.1553915893019383,-0.0934697837606539,0.042130689625494634,0.25467387174048683,-0.19872306982742746,0.0618743857059948,0.32770403378714463,-0.28026963852820486,0.061653446392961546,0.3862919591009136,-0.35857043349232537,0.061927216172083334,0.14974699167266092,-0.4523619252027835,0.08752937953440432,0.25114715466505455,-0.52027323745815,0.0709013438160636,0.31884864481790887,-0.47563822898956504,0.04729075576330935,0.37044471656343136,-0.43090889814971634,0.030242764142453003,0.13144780114839824,-0.4910124863948255,0.03665759789408105,0.177137919176912,-0.7078142275474923,0.03068930467882336,0.23538216412642138,-0.8385393603211169,0.0006241322684301025,0.27550733452805815,-0.9556066498746025,-0.0298569120732733,0.1030012581404646,-0.4935745855645989,-0.020743742502745625,0.09540870478097498,-0.7192120561577783,-0.036834736995736285,0.10438660441633481,-0.8656768100046616,-0.07020987461539578,0.10829245405763954,-0.9891670916528071,-0.09910201403251617,0.08363611640440384,-0.4542490231271689,-0.07703334377804585,0.07925095733395351,-0.6435788134972809,-0.09536446296706387,0.08963657318687406,-0.7546788578618563,-0.11096793999697284,0.09675856271639273,-0.8506981283372755,-0.12676284446005562,Ok
0.0,0.0,0.0,0.14283056190933943,-0.07710617543189353,0.022943437912071214,0.24430852135628914,-0.1680922948417855,0.0374567291142918,0.3227597499028521,-0.22450546965460014,0.03944360989782724,0.3860557150643949,-0.28461174162443553,0.04533768179022162,0.15086168291326776,-0.4499528581897634,0.04868596870164427,0.28390464182888814,-0.4812890576934469,0.017543552060510573,0.36363258445662583,-0.40570300368436985,-0.010750126782681588,0.41219822142638246,-0.32101552636482683,-0.027553533731658753,0.14037197158939083,-0.4817341055560446,0.011310271557849505,0.2101130196273427,-0.6991606129317183,-0.011325130520483838,0.2760162180119778,-0.824720557785521,-0.04699277045854369,0.3214865592090112,-0.9218464732401309,-0.07720930353106531,0.12631952843984287,-0.4770622407592616,-0.03126060745054456,0.16428483440422254,-0.7107035968566863,-0.057827333317714065,0.21050749220092016,-0.8530010996239863,-0.08956062040901182,0.24070593121140477,-0.963842571016303,-0.11431602239552086,0.11939313617285927,-0.4386249476999614,-0.07376744958230882,0.15019253293546125,-0.6231489263923307,-0.10249942542291426,0.18373716225839515,-0.7434124126405357,-0.11974725974212341,0.20636714506421805,-0.8412585671892918,-0.13272721681902586,Ok
0.0,0.0,0.0,0.13931635281691987,-0.04346443410053702,0.02673399908439171,0.24147574206113281,-0.12964975300708917,0.037572269930980735,0.3234107434880321,-0.17008116385880945,0.03138099093305108,0.39427619304115713,-0.22849438113708165,0.03020601618897205,0.17835835154555357,-0.40826524685170384,0.06124115989537748,0.31578783328236265,-0.41758003768977464,0.009132936559708002,0.3730559693477029,-0.3037219865514018,-0.03792457328681845,0.3968579614249137,-0.2037728205342075,-0.06245074661462041,0.16718996575320705,-0.4351124251754504,0.01739417106931418,0.2598645116818058,-0.6505024384681526,-0.01635835079573094,0.3221655279102309,-0.7855696595064551,-0.05979242401723287,0.35816096344919085,-0.903763781083242,-0.09394918148591212,0.1558907703627502,-0.4362698223797834,-0.03439526482938153,0.22490270145844046,-0.6748735287939843,-0.0696340629424297,0.2791860837816351,-0.8179296591737217,-0.10248915494570218,0.317889813479366,-0.939776581405109,-0.12556290665869624,0.16006933380554486,-0.4041785561149504,-0.08663972664834607,0.2114420113286821,-0.5979442894000353,-0.1154675611792697,0.249778709183294,-0.7192383689615142,-0.12942347273345312,0.2826959118404061,-0.8234174660502348,-0.14010426766126438,Ok
0.0,0.0,0.0,0.12546417651096917,-0.023986021855010777,0.0034144242504868206,0.2243697036018175,-0.11915759903333234,0.008075428051086396,0.3019140289755606,-0.17479578409850652,0.00616326520336839,0.36489316708930597,-0.22826256260125602,0.00446759589261515,0.1567317391198705,-0.4212634770769061,0.002291512492120277,0.2850543238539075,-0.5673595881891342,-0.027563108005763087,0.3717073812619993,-0.6639196833379488,-0.05211994617283595,0.43137387031739677,-0.7398199050659174,-0.07131599277940935,0.1409216010672854,-0.43711294757267855,-0.0241976952833377,0.23826661535481186,-0.642643764585613,-0.06848223783843016,0.31222048278849746,-0.7894444378278614,-0.10663763604182734,0.37202941094025593,-0.918658018968518,-0.13289680801390347,0.14055294401851992,-0.41975259986154534,-0.052260401725814455,0.2379466914287718,-0.6458639109573063,-0.09819711370972509,0.3049998584380137,-0.7861727757322995,-0.12862167978172834,0.35899390225469524,-0.9082022447617981,-0.1466569116775801,0.1590158786313159,-0.3753624406718425,-0.0801500557590144,0.22699843442241086,-0.5702113783338072,-0.12893427117772868,0.273938809957205,-0.6914088872241855,-0.1543973654044813,0.30870643357172556,-0.7860219888325086,-0.16910521737714887,Ok
0.0,0.0,0.0,0.12992601860617936,-0.08346792487339062,-0.029684191167314487,0.2331584310104603,-0.19693622288364976,-0.0557093592432849,0.31167257311739704,-0.293544925102512,-0.08998160158538003,0.37479429418034993,-0.40304600735218293,-0.12457345685342011,0.1254342167582039,-0.4747989102381988,0.010843286498420488,0.1766167988507871,-0.624419193847405,-0.033471015370626155,0.2541909112542219,-0.6266234670949177,-0.08073191104391232,0.32227165201791,-0.6011591121943319,-0.11492421203053231,0.08303141449891693,-0.5015521460781645,-0.01777493210571553,0.09078933753056517,-0.7140174263820477,-0.05911275654233834,0.14221835308745587,-0.8089739948563784,-0.11538588795709946,0.17985619976750164,-0.8700449205526323,-0.15699117356254655,0.04095068369793283,-0.48887769392620006,-0.05606337674458671,0.016839302671056624,-0.7216379989100442,-0.095913552921899,0.03564257471885229,-0.8732620049880342,-0.14894706397454602,0.045571921137521156,-0.9807756706779337,-0.18974267788266497,-0.0006116501198146754,-0.4266800537214377,-0.09883492910225535,-0.05774273493922366,-0.5835021931585999,-0.13516013522915046,-0.08159125757154631,-0.7064261330775332,-0.16481667089960925,-0.10107913975539452,-0.8116576856331018,-0.18932019713610976,Ok
0.0,0.0,0.0,0.12795416318001002,-0.09612471522374216,-0.01229116358021991,0.2286015396422798,-0.22069755112456643,-0.0265966101513042,0.29798959111748585,-0.3227436389425809,-0.0522643159996853,0.34808050331443874,-0.4306566983081879,-0.07552528176444807,0.12250740949521512,-0.469623200915199,0.003600492842981597,0.20613759454558142,-0.5803942494909322,-0.050372546046349026,0.28209215458307463,-0.5388510715307369,-0.09336844729037108,0.3447113860479522,-0.48171848785155263,-0.11934071588744877,0.0788383595219886,-0.5062683504147762,-0.029314573333986918,0.07796044751979173,-0.7362500446113222,-0.06554871914804791,0.12274230112565694,-0.8664921344778617,-0.10201105846367829,0.1496243365600429,-0.9717812500252804,-0.1316656810206041,0.0372890161098362,-0.4949989922582365,-0.07156657804316756,-0.008908473621851863,-0.7320537292072659,-0.1088126626603323,-0.005899249501955859,-0.8765425465151296,-0.13597566438941747,-0.004864843822143463,-0.9876224116991817,-0.15677469567528474,0.006652885335293144,-0.4338655138237913,-0.11794099206777976,-0.05374992659663516,-0.6079642163833877,-0.15423635794860785,-0.08120528861741862,-0.7307834043216854,-0.16983103754684423,-0.1015245631171776,-0.840936698789566,-0.18038145564870683,Ok
0.0,0.0,0.0,0.12085983526529835,-0.07508807016939127,-0.03545099842039524,0.22364075113988488,-0.18750671208313674,-0.06108769551474755,0.3017043375300172,-0.27153601454951243,-0.08999247642859527,0.3747595808303386,-0.35182845433277704,-0.11447290229117513,0.11622060204429797,-0.46508381870066684,-0.037593925783131796,0.2087345369483952,-0.571550326900323,-0.09793457915279496,0.28218574893277787,-0.5276444235098883,-0.1465044943978897,0.34573517417954547,-0.4652610012267857,-0.17904895068727256,0.08336468444799532,-0.4852443268642181,-0.059807148728355276,0.10628308512876385,-0.7162409060195546,-0.11221193609472906,0.16995542463484525,-0.8451900168566283,-0.1654571053523478,0.22127117958029074,-0.9525995814988247,-0.2087896128053564,0.04475070184369777,-0.44728309300686886,-0.089090717708821,0.01095894725861247,-0.6824359973449957,-0.14033527232112739,0.00715472340103427,-0.8336095235749351,-0.18059499976855461,0.005139455711866411,-0.9527270843940014,-0.21083374301410182,0.009786459022927936,-0.3680952296485181,-0.12240518533462824,-0.026095510970419022,-0.5300181554326648,-0.1701521822717995,-0.04011801507652845,-0.6590353004441322,-0.19525299935076793,-0.05166638790718145,-0.7778478699328455,-0.21375482271805618,Ok
0.0,0.0,0.0,0.11892059317912394,-0.0632678730839244,-0.0306992156280848,0.21300581593208626,-0.17434429796692924,-0.05693495775368967,0.2938776798550125,-0.2550500682047681,-0.089896404893253,0.36816205000209234,-0.34156632898653716,-0.11858903595123682,0.10899243408022376,-0.47749061163115175,-0.020233917356196587,0.17768672121584703,-0.6269732309020917,-0.08328792208877098,0.25881069595493333,-0.6088207671935019,-0.13254833121990175,0.32935201761048855,-0.558234813765467,-0.1619709940338047,0.07531239306875773,-0.4972313916669899,-0.04398881123225798,0.0965809319167338,-0.7263043469059535,-0.09111971670844174,0.15766146028069683,-0.858497886540092,-0.1361121167368918,0.20659550895971082,-0.963429208783662,-0.17065302616761657,0.0406808292197672,-0.46519640555548813,-0.07742589097705041,0.013841302072306308,-0.6959242964501348,-0.12306648828154075,0.025357535025921824,-0.8541028900255325,-0.16128846416254858,0.033904206868200795,-0.9755543508857093,-0.18910103358483543,0.010835855026089563,-0.38742140082370996,-0.11545461624927769,-0.016347558791262165,-0.5448403885714325,-0.1567226002849089,-0.026333608207409966,-0.6740401804590701,-0.1806691573323865,-0.03735901613615221,-0.7880386418369485,-0.1977248723107335,Ok
0.0,0.0,0.0,0.11760891298598539,-0.06372982204296893,-0.02849183350244018,0.21474578063064292,-0.17493514252441933,-0.05540947313742348,0.29683754651552924,-0.25516414636634654,-0.09125020176470253,0.3747490516676229,-0.3367773312819112,-0.12476953960065723,0.11566493500210195,-0.4658901010327441,-0.01459090651025865,0.18916185146070336,-0.6038241807545258,-0.07861802137349241,0.2698786956154406,-0.5895912989225828,-0.13256861502455813,0.3402202940949711,-0.5459970994075302,-0.16708275735895864,0.08411084743262003,-0.4886500514758935,-0.04318482867928401,0.11177855251754229,-0.7117852814556997,-0.09015813633551305,0.16937584479770507,-0.8491569014495002,-0.13697196239090687,0.21421926894208723,-0.9611347416670901,-0.17415542820840738,0.04856313844615076,-0.4609805913520094,-0.0818765159749801,0.02907330973761127,-0.6903735035281774,-0.1260823995220001,0.03672848709628651,-0.8461393842882272,-0.16020830000467565,0.04200758377495332,-0.9666965206557849,-0.1863878833464094,0.015688716910091882,-0.38867601205293956,-0.12590982321235897,-0.015699973366881694,-0.5496447965932779,-0.1671665150804484,-0.02800479360276768,-0.6795096913171419,-0.18864584687835592,-0.039312267559642435,-0.7941136144889268,-0.20460409843590815,Ok
0.0,0.0,0.0,0.1293775581623767,-0.08317426128442236,-0.018600161570030856,0.23552415596321088,-0.20688536120362908,-0.03357783783830105,0.3186550683645006,-0.29704246630657855,-0.05644368105768785,0.38408812572727224,-0.3807659358984872,-0.07741585770649634,0.14204388139569932,-0.4544100554352122,-0.009272405494464635,0.24033441253727414,-0.5563946706374195,-0.06428164358858382,0.3207312839394011,-0.5155539000028179,-0.11286093989601274,0.3901524385503804,-0.46368475715405416,-0.14685797499242273,0.10570753729102556,-0.4923590637105526,-0.03941086095047849,0.13889312782789098,-0.7239046738743817,-0.0805429622543753,0.19761427189171485,-0.8465739311447383,-0.12630631848100254,0.2421379220027495,-0.9497301907362495,-0.16493110706758063,0.06649179872877521,-0.47547626563850687,-0.0778897412068159,0.048234143070932066,-0.711380887646614,-0.11910307191945721,0.06322630532058457,-0.8592430708309199,-0.15794151294627756,0.07546220108438344,-0.9789934420764391,-0.18941303170274681,0.031634888329094696,-0.405956535177466,-0.12021944342140516,-0.007798023239471546,-0.574755371733557,-0.16025599431031773,-0.025838505890998786,-0.7026015142675227,-0.18445068667430278,-0.03767189380491868,-0.8208946772947397,-0.2043572377197529,Ok
0.0,0.0,0.0,0.12253919223092828,-0.08914321655834005,-0.013881715275909026,0.2196049213521083,-0.21101807733015032,-0.029952663585464907,0.2988806193512612,-0.2975440814166548,-0.05296686059663383,0.3631157743658184,-0.3786899727566365,-0.07213092826637461,0.10057244930147348,-0.4531926725525688,-0.017640373495182802,0.2097052259682204,-0.5532506618002226,-0.07303208700002889,0.2825106751656447,-0.5048631159010918,-0.11684401767461246,0.33728818161366564,-0.4337805111053791,-0.14531968465709125,0.06549774162356072,-0.4795466609302275,-0.048874409157235246,0.09931306191787041,-0.7205788865904212,-0.09510309699193417,0.16057342949852554,-0.8528058255224571,-0.1444332838886857,0.2039279170835178,-0.9584764250702553,-0.18435615618583848,0.027437664458498223,-0.4448868681773279,-0.08568101673664096,-0.004182925687532426,-0.6966287469598137,-0.1325205682069082,-0.0023429404173117684,-0.8531763819568217,-0.17169675975266385,-0.0032063006104774646,-0.9794538690681841,-0.20164284763849077,-0.0015374123756158758,-0.3669600128258601,-0.12417994149365463,-0.03168894282718272,-0.535472443202751,-0.16972669828431017,-0.03944878708312251,-0.6645605113519807,-0.19362180508567328,-0.04707770919190511,-0.7896612372280635,-0.2115510178935116,Ok
0.0,0.0,0.0,0.11878123388002722,-0.1194556013703262,0.04321256391545002,0.19322062347826144,-0.25522983924549236,0.04575891491383333,0.26405408538692976,-0.336506943548163,0.034158231203309075,0.32226846270184006,-0.41536905350534714,0.02721977361577685,0.04247779018720661,-0.445323461219965,0.004149714146851999,0.1919719245238237,-0.5642598251512424,-0.05770777181072638,0.28345674055701847,-0.5164580404726598,-0.10448646548971526,0.3526319791738882,-0.4387757025699894,-0.13111910571340973,0.03700501808066292,-0.42189270851934585,-0.048999394548699414,0.10825429739421319,-0.6857534305014069,-0.10318943310513054,0.17585704092211832,-0.8398818153816675,-0.15461787994338974,0.22333657304877363,-0.9552402735844163,-0.19400204860052184,0.04843874997512441,-0.36113955340818105,-0.10115570366172166,0.0933261913372808,-0.6204520498922401,-0.1414828528657473,0.11345628949166686,-0.7560038931359546,-0.1701957600640117,0.12280113854906793,-0.8721964202594895,-0.19364628249561677,0.08987563117321122,-0.2914120090634963,-0.15029800077513183,0.10081084525659423,-0.4755261482588571,-0.1893140843508436,0.10877519715298449,-0.5959478542307886,-0.2076524986871354,0.11627291215583219,-0.7068909537762158,-0.22103623551112303,Ok
0.0,0.0,0.0,0.12323680982634756,-0.13276446159648106,0.05294928305219388,0.18259519475244143,-0.27938860927003945,0.057610896693801705,0.25231748258718384,-0.36814828097779495,0.04562314084045523,0.3188469925361542,-0.44068540462531824,0.04031595911890988,0.03753886712464878,-0.4762260780122079,0.01325216038079145,0.1835954379973406,-0.6059924043039305,-0.04894362303676528,0.26555408312981355,-0.5463834457141821,-0.0908824321636248,0.3195416360684575,-0.45704587982138345,-0.11193141935704744,0.02305820725842301,-0.4508839277092431,-0.04485980930585682,0.10894101817717879,-0.7168838907751047,-0.092972841293435,0.17343727941642195,-0.8608240101732777,-0.13116416983803397,0.21580582871168505,-0.9634243019148371,-0.1588756078634214,0.03672132001592736,-0.38587270229487547,-0.1030193337997067,0.08468985583140227,-0.6715750679962835,-0.14064617774191301,0.11868473165921865,-0.8263256942661129,-0.16663956012738587,0.14146563659205616,-0.9454919641891475,-0.18815595197501425,0.08761245099002642,-0.31954591989463604,-0.15752404562019695,0.09954616501858005,-0.4981282555582248,-0.20445049546605695,0.10802283132105166,-0.6294505157864573,-0.23202406669119136,0.12095280644622582,-0.7515767889277033,-0.2505737882390206,Ok
0.0,0.0,0.0,0.13340642386918347,-0.060225030776489184,-0.04156230134976898,0.2522117066553459,-0.17375491727419737,-0.06428589230197415,0.3266892452193059,-0.291731249319985,-0.0916296945898408,0.3838174460817258,-0.406303118476304,-0.1152023569610298,0.1667382478348779,-0.4429606690478653,-0.013751378799148646,0.24600916777698364,-0.5618249061160281,-0.07487593876819904,0.3117301347805729,-0.5229927716852557,-0.12544978470892404,0.3576587195284105,-0.4515354812271851,-0.15342014762177114,0.10553077626598423,-0.5002321098822772,-0.02919121370718223,0.151596529282352,-0.7156235704281384,-0.06527182187560167,0.2068795851637156,-0.841138673123829,-0.10354177287596165,0.24893834033094558,-0.940283780100586,-0.13270329138771364,0.04253724457230259,-0.5078739689167632,-0.05667533844824031,0.04346641106336457,-0.7395317841854028,-0.09536074004535179,0.06779050386419729,-0.8829666382723753,-0.1262419216666156,0.08899015029327952,-0.9850977828968068,-0.1471839369040493,-0.02057967980463559,-0.4645140411689496,-0.09014196402385746,-0.032532774732690804,-0.6447756047916727,-0.12451849638600712,-0.03361151404774259,-0.7721993115626657,-0.14012063612927164,-0.033277896793011935,-0.8792747161319128,-0.1498691477600436,Ok
0.0,0.0,0.0,0.16130989988531322,-0.0026427330797411455,-0.06666718215847835,0.3196591470363255,-0.0744727828854906,-0.09085643713345858,0.4366706731130103,-0.18995650917686469,-0.11262478134318063,0.49774128099182363,-0.31582321180509965,-0.13308287478240818,0.27423241450597347,-0.3425557288621125,-0.03318883338248662,0.36329974411082433,-0.44937202697433976,-0.08922009207645064,0.42315749611984765,-0.42923762300926255,-0.1357244573583929,0.46318243185525476,-0.38220848960791953,-0.16393256901146774,0.21235462011196943,-0.44472073924637384,-0.03576545358565269,0.3057256988063013,-0.6435526323189619,-0.07173853783880746,0.3700959168569503,-0.7647726838358734,-0.11116445471050289,0.42391540993280785,-0.8659419980969726,-0.141035295153346,0.13473232886803904,-0.4912024750709715,-0.05108019186792904,0.17467823451082373,-0.7074725449294235,-0.09410147190529913,0.21414331608746093,-0.8481748291391936,-0.1325566620455087,0.24701464437587103,-0.9557723625540604,-0.1596338198556049,0.03775257836119584,-0.4867769282905838,-0.07312760676702186,0.028004680097886474,-0.6647126282040601,-0.11056627926119911,0.028803562225060763,-0.7858456912565002,-0.13015136525980212,0.03666068974351081,-0.8895749023268773,-0.14392289522431553,Ok
0.0,0.0,0.0,0.16769528578385,0.08870720131678748,-0.07101417032120984,0.36004808317876974,0.11320691748319606,-0.09582447344207398,0.5153868354454116,0.045574391618780824,-0.11940767547623554,0.5879617642225485,-0.09217749827555272,-0.14214403318679217,0.4277125590498458,-0.17517098593058394,-0.029866954868032834,0.5761540942315295,-0.2632152809915248,-0.09391370329372566,0.5843686288852334,-0.22677678704205864,-0.14751549649778592,0.553368853010782,-0.17924134160268188,-0.1772151608217845,0.392368634740335,-0.305711195497931,-0.0336465114464181,0.5455077981954758,-0.4690232410738662,-0.0679145122338313,0.6440363563833027,-0.5691969614870218,-0.11537938104820046,0.7211744978764626,-0.6603062018928103,-0.15331238354452884,0.3198925630426308,-0.3918095472120144,-0.051816430899838214,0.42693974477108604,-0.5789590041104016,-0.09707928176249403,0.5036783984162567,-0.7043969103787505,-0.14509538686089998,0.5628773253460044,-0.8066576052269886,-0.18020162191497605,0.21927319641892198,-0.44379551581450927,-0.07721740976884364,0.24864547654231614,-0.6196021941129135,-0.11798336297341926,0.2775327931528427,-0.7394344153302628,-0.1408339983401529,0.309669087146583,-0.8445710618368892,-0.15759573299632482,Ok
0.0,0.0,0.0,0.14564616601011135,0.16969383524607573,-0.08105889943897564,0.30484299192259223,0.2845105798112585,-0.1283178053378045,0.44529366539373033,0.29373765417164277,-0.17518104885536206,0.5268827882539637,0.15915829236580437,-0.22005870317446377,0.4578381209086239,-0.026619004445352215,-0.09085544565707272,0.6097478503284086,-0.043233575328333336,-0.18572728916501158,0.5663315636663271,0.05987885144377463,-0.2582117405779229,0.5052676726569112,0.1604777053249842,-0.29961816456724916,0.43951500144716565,-0.17398071131459994,-0.1057923347005195,0.6220364795748345,-0.27017579643539485,-0.1671464053572942,0.7301395706644301,-0.29228827599586166,-0.22384223003933543,0.816122277876292,-0.3129218121938469,-0.2697080190206224,0.37389138341741357,-0.28760413198162127,-0.1339614403645188,0.5302310266470345,-0.4576852787737788,-0.1975379162251747,0.6381628068604785,-0.5619591081627777,-0.24723747008780902,0.7203465775889507,-0.632089935104871,-0.2855925806021679,0.2688690759856725,-0.36276309274516966,-0.17100519424306607,0.3405445889290544,-0.5464388292029689,-0.22250241026105766,0.39819761503166884,-0.6735006532665586,-0.24606288094163134,0.4498701130852082,-0.7723480168456772,-0.2652139206345173,Ok
0.0,0.0,0.0,0.1571499098429238,0.17497683645588677,-0.034986678377027326,0.29665833845604433,0.3030055421478395,-0.07422913307906268,0.39039504470294717,0.41576975323504495,-0.12520388972251115,0.47489190892982497,0.4977765229153198,-0.1728900819296495,0.48738650665428707,0.010502780128065445,-0.05361293501598307,0.6415348849152331,0.11617189902320942,-0.15498648491853526,0.596060941731065,0.27008847055520574,-0.2401959075477514,0.5315658587151073,0.3973953498763435,-0.29132161273345825,0.47910219003385485,-0.09468638271975402,-0.09347178488363476,0.6785154983615858,-0.12314158334484097,-0.16339598362362248,0.8071648783971752,-0.08502756831504843,-0.23176224976474444,0.9181585849542503,-0.0709142801148516,-0.2845346858690942,0.4126881429648846,-0.18137573433844212,-0.14359559257225527,0.5922821049878559,-0.33484916365613454,-0.20572708558580416,0.7217899010364022,-0.40834677709094025,-0.2610898866242422,0.8314482460101954,-0.4653843924977437,-0.30349823957656785,0.3056729967965182,-0.24051406059539004,-0.1990528580782514,0.37582984089833404,-0.4210821269617216,-0.24847607401060595,0.443446960589872,-0.5332542202299697,-0.27124912831986786,0.5078046798410311,-0.62585649272989,-0.28826217247605734,Ok
0.0,0.0,0.0,0.18797743110582543,0.13898393872284695,-0.02887605959019822,0.36150425193276403,0.21377555662560888,-0.05479317030414909,0.48318926949708535,0.27858098148539745,-0.08911160098123734,0.5928199679514906,0.34700342682822183,-0.12028565175078881,0.48197919573451253,-0.10567494359761828,-0.05367492517839827,0.6472084911606222,-0.058467830695366256,-0.14455640965688635,0.653355148195877,0.09905970113601528,-0.22147048831122407,0.6291527238669601,0.24548785834262563,-0.2716183824357201,0.45315217577822287,-0.1881818710188676,-0.09398845169122767,0.6374097840560495,-0.3055815450081824,-0.16572960521519156,0.7785725457896809,-0.2862193294497875,-0.23514518462598843,0.896087316991065,-0.2858862895408013,-0.2902964641344444,0.3664188338643084,-0.23120579559280732,-0.14239966348203767,0.5142388563071273,-0.4420927055466916,-0.20708946266617076,0.6310276695307369,-0.5291935129974901,-0.2634888868853446,0.7279762772747642,-0.6127409744348982,-0.30756956607204666,0.24335170067769452,-0.23550425369272726,-0.19515425277759038,0.2818919244873119,-0.4177216042690524,-0.25207653239791866,0.3345696924333922,-0.5349925488427695,-0.28021227884363914,0.3850898621919033,-0.6488547522962208,-0.3012917637876574,Ok
0.0,0.0,0.0,0.12576961276830206,-0.08894750945979567,-0.04257533882871817,0.2440289892856245,-0.225664135761067,-0.06326927231556516,0.324299148550337,-0.34441627143380044,-0.0838382765317425,0.33710004225393103,-0.465217171924681,-0.10184923953260486,0.11849864145768675,-0.46014452952645146,-0.056208327763333246,0.1912932914237282,-0.6113050606269126,-0.11651579016885429,0.25726102374369214,-0.5836502458875757,-0.16228021690038136,0.31073006206598197,-0.5278531853959931,-0.1886914901927226,0.04096796233149711,-0.5038104751689836,-0.06944688527821426,0.06866007406834952,-0.7399991341046087,-0.10467304536172901,0.11086027905053612,-0.8717687994866734,-0.13848650330930637,0.13966277568485083,-0.9748772580367764,-0.16625306800212358,-0.0274796755610875,-0.49108987970709944,-0.09060261984543366,-0.06472865711006573,-0.7186510222510445,-0.12500850455522824,-0.06892265746766472,-0.8677949454404602,-0.15926205923798512,-0.06820943858072075,-0.9800968944840377,-0.18643376816244442,-0.08811569238915525,-0.424376646225031,-0.11691678774067196,-0.15996356277456722,-0.5696940228374124,-0.15041923887619335,-0.2033632266600473,-0.6786259530903517,-0.17056820524661126,-0.2313374165293701,-0.7762223541958657,-0.18544005391477336,Ok
0.0,0.0,0.0,0.12679502033131568,-0.12110836021964201,-0.0378324756159505,0.21279989566074137,-0.2653690232326836,-0.05982711232307453,0.27027263401702856,-0.4011199473539214,-0.08806168529795942,0.30116767455565197,-0.5367108991337272,-0.11352322259205808,0.05928522753204362,-0.4781052993197423,-0.00420344171077382,0.12002791008240568,-0.6105027268138007,-0.062233169255543085,0.2005234194874774,-0.6150997027159817,-0.10833559244216981,0.2651424382044927,-0.5886866261175067,-0.13355927277159926,-0.00402758390188462,-0.5175703231112342,-0.020683659127600635,0.01756511592906546,-0.7418750449209031,-0.052733716927031216,0.05388539680962567,-0.8718846686960131,-0.08172112550403052,0.08421053588189706,-0.9883920409682868,-0.10397629041529421,-0.06347889736802657,-0.5154625346730491,-0.05003167613712189,-0.10197249675816265,-0.7358167293217303,-0.08674758925141902,-0.09879266437265727,-0.8780351976512345,-0.11246185355068226,-0.0919486247493643,-0.9872635736553181,-0.12983099221692337,-0.11444938414101537,-0.46998651194229046,-0.08550926035982244,-0.17564141575234285,-0.6330772314169877,-0.1167616674551692,-0.20619555981656884,-0.7481465083810526,-0.12909343661627093,-0.23126784912343876,-0.8448594049485781,-0.13732293733591217,Ok
0.0,0.0,0.0,-0.13856346854301319,-0.044988473694648014,-0.03177629833030415,-0.24468618788837354,-0.15419370223638704,-0.07818488983192999,-0.34043757983454004,-0.2224614005861677,-0.13004543696641407,-0.41618022298057933,-0.3156315810941831,-0.18441219288211685,-0.15004131514010774,-0.4237816922589058,-0.08037910756101845,-0.2668870943446121,-0.49640314483829784,-0.16001529863408626,-0.34180322821196496,-0.43188857944141396,-0.22356445983199916,-0.3876792533476881,-0.3640180551613302,-0.26406385450322123,-0.0904782451475236,-0.4522093792957969,-0.11605528137200367,-0.15037676702332642,-0.6720295663182676,-0.1916321486455139,-0.2203817269147464,-0.809507316400236,-0.25336001532496044,-0.285358588688253,-0.9110399931455853,-0.2976182231502977,-0.030304433519716168,-0.4160221773818914,-0.15595946495816457,-0.08193882264266346,-0.6634479023170231,-0.2267082511992687,-0.1407177848586136,-0.809538597508354,-0.27661133899171425,-0.19053266952650666,-0.9139281354566121,-0.3104430774644809,0.01430794685201007,-0.34101160016892923,-0.1959443814042475,0.01716580809034483,-0.5246820266038351,-0.2554312286966798,0.011145914838574566,-0.6636584697762723,-0.2863508440089097,0.00020448724386046835,-0.781149031821893,-0.30906284857054833,Ok
0.0,0.0,0.0,-0.13346822536674793,-0.05571290541221064,-0.01861888634220808,-0.23680444097869477,-0.1783033623478479,-0.05451391090087609,-0.32600684264335805,-0.2527892297775137,-0.09798695940072288,-0.4090624538801566,-0.32514023298470657,-0.14324426572124305,-0.14535119638980423,-0.455243056872764,-0.04999699073304943,-0.2539592335818059,-0.5247634044120708,-0.12610942210095458,-0.33504672017118137,-0.45613894388474835,-0.18764350329377363,-0.38940382163746634,-0.3844942719701684,-0.22268302339677845,-0.0881217644575098,-0.4741983057494528,-0.08580193695202361,-0.13254677619661234,-0.6945552545990011,-0.15028411638214967,-0.19976410654892499,-0.8301135195507056,-0.19912856479811966,-0.26623791327425295,-0.9361557298791752,-0.22962975188280854,-0.026198506473784924,-0.43336956256352865,-0.12672801219432075,-0.05420332469181408,-0.6829061793421568,-0.18897630937387444,-0.1093866532604294,-0.8283055117390958,-0.22988945210250974,-0.16240200391038842,-0.9386237905738537,-0.2530515134013961,0.01729633346301667,-0.359139114802594,-0.16746196742492014,0.034293836009256964,-0.5384057222663698,-0.21722707755117746,0.03182508881112088,-0.6715659498760566,-0.23850050726475897,0.023758753951087418,-0.7869825264463574,-0.25017595233088097,Ok
0.0,0.0,0.0,-0.126524134956652,-0.06762444638410764,-0.015314871540949194,-0.2226425944810749,-0.1773164147322081,-0.05811828302459577,-0.31524136975244405,-0.24290758371809723,-0.11103390338257824,-0.39842274634718483,-0.32967143929398374,-0.1673475708075882,-0.10866729263034652,-0.4625307762770283,-0.054875180403554706,-0.22037743584712438,-0.558351910271041,-0.14967907954597634,-0.31701282581250695,-0.49431427049350324,-0.22701736694826044,-0.3823360352976492,-0.40845691996562794,-0.2700652947882968,-0.054790299116297785,-0.4702743112628507,-0.0989604246019331,-0.09095820780066255,-0.70429595520206,-0.16963315318397368,-0.1628893480327994,-0.8380176377900131,-0.22412797042661084,-0.23587029070581558,-0.9368197991501135,-0.25832899543546195,-0.0014868484492662807,-0.4287533948855825,-0.15021760395461317,-0.019853820662293558,-0.6887123526877929,-0.21555971368140336,-0.0781722826447208,-0.8380999509919564,-0.2590946539396973,-0.13457184018656543,-0.9480288347523027,-0.2854797224760377,0.029954410083163067,-0.3542130497982824,-0.20174308504372415,0.05102305702521057,-0.5186172875267182,-0.2613079031482806,0.044338023890558756,-0.655445586936943,-0.2881120006402221,0.032731332503230216,-0.7742780300939751,-0.3022980892586196,Ok
0.0,0.0,0.0,-0.12694001992319007,-0.060598833220268156,-0.013725068029948892,-0.22169989915876268,-0.1620682175169112,-0.054321595155135516,-0.3091907342166142,-0.22704407689562942,-0.10398419139307481,-0.3949023234365859,-0.31054747457651466,-0.15928605281825745,-0.11063757874608138,-0.43497849086737295,-0.06627477245551908,-0.22466150736790727,-0.5264327466364053,-0.1576940989582974,-0.32167161848863396,-0.46223593064933743,-0.23154678859013075,-0.3840754584396914,-0.3820997857933766,-0.27455895987035633,-0.05433831011044514,-0.4420070105970605,-0.11336954211946125,-0.09129579944337546,-0.6807323107139772,-0.18991859444720477,-0.16709141273917463,-0.817914163967136,-0.25135662453301794,-0.24399045094793084,-0.9186761523555332,-0.29130803500066077,-0.0030499823834313736,-0.40107411458194286,-0.16562587117656752,-0.01989894805941875,-0.6613780534787682,-0.23809374510036854,-0.0778484344495252,-0.8165817533394278,-0.29337820897808276,-0.13320412093480608,-0.9348205844447092,-0.32919164185081945,0.02643452236957761,-0.32686914697576064,-0.21640557780182204,0.05005350437070929,-0.48672662369855785,-0.282879638832581,0.05002479170882057,-0.619786823533741,-0.31788502494725784,0.04350165060739234,-0.7378312851241183,-0.3401452763806167,Ok
0.0,0.0,0.0,0.11689614186297168,-0.20441478054304602,-0.017530065733775035,0.14960485352805583,-0.4311527981358034,-0.03629896427122911,0.11103459239109054,-0.6244986245355519,-0.047216351568089725,0.037437195025144136,-0.7364474498959909,-0.054492854015516866,-0.0017834336982150028,-0.4420943571499815,-0.11780024953083769,-0.07873558581588128,-0.6977644609936362,-0.16657769587355534,-0.052421844737058,-0.6880889064046845,-0.1855499553856177,-0.009826054495050357,-0.6249137747002563,-0.19095202148218926,-0.12020547193638406,-0.38588627227201067,-0.11926656893864365,-0.24269522634584215,-0.6585147918711863,-0.16447830067104385,-0.28916074787614854,-0.8156348297585374,-0.18700472240493402,-0.32002823937320535,-0.9245511408767618,-0.20685046267089785,-0.2040324970462315,-0.3233139250676283,-0.11546264456821695,-0.3248133809443292,-0.551766601629673,-0.14535200931245282,-0.38591590132783976,-0.709179692463254,-0.16635219128804826,-0.42129216005737635,-0.8212580713608529,-0.18462972547574755,-0.2445675472115444,-0.25537911119600887,-0.10920068587745364,-0.34824844340855377,-0.4056402188778418,-0.12451463997973271,-0.42175293111930107,-0.5051241396947713,-0.1335652250678129,-0.4726248426643467,-0.5795400152006319,-0.14232888905068736,Ok
0.0,0.0,0.0,0.11673644569347953,-0.1951494606806613,-0.026425072060408717,0.15046170902418904,-0.4155949314344335,-0.048306768397669904,0.11221812943879765,-0.610070322935783,-0.05810552239863649,0.04062968429793713,-0.7213795442898725,-0.060204591551337394,-0.0002532056453833425,-0.42871408754969487,-0.1400252219505301,-0.07469787528995615,-0.6908923273970986,-0.17757797393409472,-0.04398618147611027,-0.6829944327669336,-0.1744695996270037,-0.0006814355188788327,-0.6178298777088795,-0.16464149076286258,-0.11541094655179183,-0.37641769286338883,-0.13319505368613793,-0.23809443461344,-0.656424144166591,-0.17799935311179288,-0.28616166642753443,-0.8141823598586944,-0.18508914801422433,-0.32248577435748493,-0.9271226852286416,-0.19090953845077083,-0.19898963171480427,-0.31928455961738433,-0.11944366920030534,-0.31827546931456496,-0.5539454942497107,-0.14863124280327172,-0.37636637403107204,-0.7082692277820916,-0.15362044003754208,-0.4113515269723924,-0.8221910442359471,-0.15809200459043868,-0.23833325134220243,-0.25420992301097817,-0.10370469897250223,-0.34806204909665533,-0.40885286459126274,-0.11852509893353186,-0.4222607321086205,-0.5062557627839602,-0.1204318882076849,-0.4743978665334877,-0.5809517719345595,-0.12150619517013758,Ok
0.0,0.0,0.0,0.11974551692287624,-0.19272052283297697,-0.02364829860268056,0.15545325510489214,-0.4186259582219972,-0.04394992739733189,0.12025017936053464,-0.6160401531250816,-0.054410749654673594,0.043787786682527266,-0.7248613728532931,-0.06148792631262892,0.0060071957074991295,-0.41978533891661,-0.1252795671708557,-0.062405704583653784,-0.6931991084195099,-0.1707312388529004,-0.04265730778968546,-0.7078860893423852,-0.18269434659943626,-0.007516414709744419,-0.6512541278653932,-0.18262267596979195,-0.11352189829571799,-0.37648284949142996,-0.1214384252686456,-0.23350495494291434,-0.6669618192218587,-0.163328144507339,-0.2835857440393431,-0.8265419986072473,-0.17964028006910926,-0.31716443148045864,-0.928314535983332,-0.1940073341029358,-0.19818773167843087,-0.32416328985108117,-0.11243832391436522,-0.3173163848928003,-0.5638899171718763,-0.1412414021907901,-0.376040369718188,-0.7245189302929151,-0.15995136551868486,-0.4101045003853465,-0.8365567648582997,-0.17590591426788654,-0.2385412641983275,-0.26360934414251447,-0.10124160655910992,-0.3489112117891177,-0.4238413224109413,-0.11762411727834915,-0.42087110273230105,-0.5256265590635617,-0.12807758028061028,-0.4692446419624979,-0.603010598086934,-0.1372192955979455,Ok
0.0,0.0,0.0,0.13241484744453724,-0.07193703889296392,-0.049474236894429265,0.2543649253358491,-0.20270492647163538,-0.07940882400851144,0.34588921290030644,-0.2917804315549245,-0.11019752882505321,0.4029013101631864,-0.36691155805236086,-0.1379937501850649,0.13461374076880356,-0.43940535600925795,-0.06526896014253171,0.23705196524946387,-0.5345896144387303,-0.1315045171450556,0.3060524880588652,-0.4745496234259218,-0.18731191163792463,0.36511805419768006,-0.4032546989075523,-0.22508358615015267,0.07485193626374032,-0.48344031905924634,-0.08315717101325115,0.10593582337071329,-0.7064169194862796,-0.13053493717901668,0.15578282293389434,-0.8425875936241322,-0.18314200938506509,0.19045560938759773,-0.954541719190925,-0.22929624326803133,0.01816743970925976,-0.46335472045318676,-0.10861893813837378,-0.01708233474676959,-0.6860296240223198,-0.1543246609407149,-0.03115364606055273,-0.8326904310960773,-0.19389915272630173,-0.04516056449410841,-0.9461597195904287,-0.2265621130805074,-0.03063035739659392,-0.39191884964842005,-0.14002279184579358,-0.0774896508527222,-0.5460409693918916,-0.1815386536907922,-0.10676042284412975,-0.6666053650032966,-0.2034522302774577,-0.12787163634767318,-0.7753827751455346,-0.22203669881684768,Ok
0.0,0.0,0.0,0.14927589865657476,-0.0702442380045971,-0.05245067893803508,0.27498335199026996,-0.20963565950047663,-0.08078542559660667,0.361736361979667,-0.30556348346125217,-0.10626598680220836,0.42306222282107814,-0.38217494807136704,-0.12956997640488607,0.18167007219076375,-0.4210287445987926,-0.06614925898909725,0.29016186855607784,-0.5327377873938757,-0.1315353780631451,0.35987513251298286,-0.4868573613390126,-0.1893086819848234,0.41975430585866846,-0.42092898175647214,-0.2334167811565386,0.12408674913326388,-0.4575652228846217,-0.08737748692007556,0.21024787501891914,-0.5830782018168315,-0.17240507855687778,0.2992597346473881,-0.5430167276749865,-0.243074687220698,0.3621498095059419,-0.48463025059576753,-0.2882445871587054,0.0541337596966057,-0.4427717403773392,-0.11604674428211133,0.05617102638125782,-0.6820082559210583,-0.1922693442773079,0.0767608142154115,-0.835909825033225,-0.2582912988803034,0.09556589952268638,-0.9481426437975037,-0.3031380640254529,-0.022634884007696778,-0.38005349333412386,-0.14816515985003817,-0.06936236815370529,-0.544289230089901,-0.21148286792172852,-0.09829721251289955,-0.6818607584529187,-0.2530061623617522,-0.11244429915238753,-0.8055558226715025,-0.2846946295450963,Ok
0.0,0.0,0.0,0.1282096291592302,-0.1472819474202033,0.013645348876397696,0.1979573128166722,-0.2983460971696725,0.004242085775271732,0.26596147907538453,-0.3876234151270987,-0.02001014550208861,0.3371471152266242,-0.45372132615508415,-0.043927287097047824,0.06316585180658667,-0.4773009688079156,0.00048130093788208026,0.17684311043343198,-0.5699663570922825,-0.06727664582536574,0.2718425195586537,-0.5272324379376868,-0.12421638643533706,0.35071556087155376,-0.46326497812936157,-0.16437799758340857,0.046136091181929274,-0.4744458585665713,-0.05214218530448813,0.07423787553568863,-0.6924174411358358,-0.11595246377171733,0.13311243258151093,-0.8389695518951062,-0.1788147185972328,0.1736032552918151,-0.9577186659704353,-0.22942725776135411,0.027439846327852783,-0.41034874730388726,-0.10942762804722624,-0.003036411804306447,-0.6538013868744855,-0.17197227890419067,-0.0030564909418808466,-0.792710123453024,-0.22370697666256428,-0.004393626801526144,-0.9074191635077228,-0.26360504386814326,0.01989939351267501,-0.30746497225241265,-0.16597582547449674,-0.021776519260799137,-0.4404349987072691,-0.2297393683809461,-0.04065250817660034,-0.5530942408496295,-0.2685857223522954,-0.058065119443268566,-0.661531265515837,-0.29847305559088094,Ok
0.0,0.0,0.0,0.16370925305670087,-0.11389575649906952,0.013505903870076446,0.26566891002682885,-0.24601752728488027,0.016184536597295376,0.33884742285415653,-0.3635447690929854,0.0001482084060072954,0.384808749117493,-0.4907990615811446,-0.017389684832371376,0.1467952018448416,-0.46974587105857146,0.0893891674140929,0.2148562837957211,-0.5746216065432906,0.0547443931076466,0.28890832172247133,-0.5571179625392594,0.009784626212352933,0.35425568517489897,-0.5264490847918271,-0.021701718590574407,0.11110606791435164,-0.502381541563125,0.04416635376787158,0.13663065561631138,-0.732372993282646,0.025763802946028622,0.14589146672489836,-0.8724734032662455,-0.014853412572845403,0.15603114335248003,-0.9864659156022685,-0.05039126570246008,0.06999216719674396,-0.508079559818349,-0.012365431515424475,0.10264474902994247,-0.7269956619870218,-0.03550736582845431,0.12037043930265336,-0.8704459810398645,-0.05974280176977057,0.1352603144255186,-0.9847572431244661,-0.08165678153822789,0.02756735054534689,-0.4833138876232299,-0.07212184198086953,0.05057298799207294,-0.6642224331254063,-0.08977010271441664,0.06530228402839244,-0.7784977259134781,-0.09340256317359466,0.07828049837266043,-0.8775473254302972,-0.10024928211810524,Ok
0.0,0.0,0.0,0.15142892632477037,-0.010955117009979755,-0.041444304826725384,0.31747029913846947,-0.07363180804553268,-0.061135215746829126,0.43470937317043606,-0.11298568363956053,-0.08328421226761215,0.5226832136061138,-0.19243393966104053,-0.10192571336753618,0.2887855745817097,-0.3793997461952293,-0.021882224098616905,0.4172542326350392,-0.4351496325832694,-0.09073529768319868,0.48323687505255064,-0.3584928908049673,-0.14964124248649388,0.5280933806574158,-0.25516025531249087,-0.18719402257210133,0.2491977139754021,-0.44954180798510945,-0.04391164791599474,0.35365253498900756,-0.6536494083584921,-0.1004393901437622,0.4676064877247009,-0.7119031935758242,-0.15566913703924806,0.5670802320267438,-0.7299973276220975,-0.19694961883332854,0.18465036814076918,-0.4687223582424773,-0.07785813989070196,0.26395865729689755,-0.7034439166968284,-0.13613623080190784,0.3637658714774685,-0.8083386201081416,-0.18580072783055096,0.45512709856221845,-0.8629049146364827,-0.21966891553094478,0.10681206095906777,-0.4360570608635204,-0.11684805450792489,0.14506392134118232,-0.61437300937276,-0.16977181195157462,0.20348279205660424,-0.7398221532857494,-0.20278601326576073,0.26514493538936595,-0.840681805189227,-0.2261933272222944,Ok
0.0,0.0,0.0,0.14482231141947083,-0.04030498106691242,-0.03439758030015141,0.28314608443211303,-0.14281645797072615,-0.05012166827132443,0.3818720217798801,-0.22616061313246344,-0.06962718672338619,0.4512991478861634,-0.3095404283382616,-0.08679700533026995,0.22842930321324167,-0.3881551581415863,-0.02587533739657829,0.33407602849225626,-0.48825208481135396,-0.08199885508909853,0.39190950717391937,-0.41617472537658456,-0.13025508281667308,0.43225245513410415,-0.33535214864043456,-0.16199564588915502,0.17740770995630054,-0.45009290604534963,-0.04571144716513124,0.2329111748156468,-0.6727038068942822,-0.08700436944767108,0.27780918878134275,-0.798809881711239,-0.1335863292709726,0.3048818905337436,-0.9084568277010441,-0.17179516536922207,0.11531184676283333,-0.464323282118697,-0.07400177782261762,0.13800566811825016,-0.6941072344720246,-0.11737244735061683,0.17493092285290293,-0.8438867726095421,-0.1554562690423793,0.20375192795145788,-0.9613835419911617,-0.1850049649187613,0.04834170730421574,-0.4292730632587543,-0.10659595319980664,0.04423469869867692,-0.6010176506382937,-0.141331106919787,0.04878193102874077,-0.7298171160877349,-0.15820632165862072,0.05796420013698062,-0.843299823663295,-0.17296148189790161,Ok
0.0,0.0,0.0,0.11549205062983656,-0.1348847214119386,-0.0321914761382032,0.20362980902699138,-0.28447032849621134,-0.049621845958366086,0.2632727228157592,-0.4142728977799849,-0.07316716699137704,0.27671721715997505,-0.541450638411958,-0.09393805221228213,0.04936774242886728,-0.48418426836990724,-0.0008019696072402209,0.1203799931161021,-0.612183132903498,-0.05444834830999865,0.1943843229392256,-0.6012697709256797,-0.10063202519760915,0.25197411943690723,-0.5649523116096086,-0.12749594961713376,-0.010112279240091488,-0.5117589108930418,-0.018290540762509726,-0.02976502384721281,-0.7403176212725244,-0.049861234713813145,-0.03796483273666998,-0.8761693416562434,-0.08530774912749413,-0.05019189044472945,-0.9921965067388197,-0.11413529755893985,-0.06621815825489324,-0.49619851044503804,-0.04637918820362386,-0.11950059094506241,-0.705609913345605,-0.07692099615875012,-0.14014355357062028,-0.8438956356466848,-0.09846592648579007,-0.1554300410267236,-0.9558679248330699,-0.11528829237079478,-0.11347788803071225,-0.444623933460356,-0.08042697609851565,-0.16249150155594175,-0.6114581655836178,-0.1039849990520553,-0.18526748984728134,-0.7251529697411494,-0.10969798653722161,-0.20330105192930248,-0.8244474031723634,-0.1141373221777984,Ok
0.0,0.0,0.0,0.08839643961803026,-0.1921197881189851,-0.0208214124457235,0.1210216992361331,-0.3817344253948845,-0.027554380627079433,0.13986919303407294,-0.5490119938822908,-0.04473427697466776,0.11504851120457507,-0.6848674878207214,-0.05897029900127858,-0.09770747953700089,-0.4755373607703493,0.048870127930994024,-0.07083777466241345,-0.629015907543916,0.012656616571230237,0.0024402555284387946,-0.7035878409283668,-0.02150408183733499,0.07118779213706856,-0.737741156860597,-0.04116270540089782,-0.16829802052893067,-0.48691202658974714,0.02906524500154949,-0.2497595134036331,-0.692013302050391,0.014597552410294376,-0.2878947855451928,-0.8264945489000257,-0.006338942127823829,-0.31940464637123667,-0.9473381947880659,-0.023043796825903608,-0.21916889950200563,-0.4614560359805434,-0.004196987096325838,-0.33081066040518153,-0.6348775726107724,-0.023204669618688042,-0.3819978406077693,-0.7568048180228777,-0.0344759472927729,-0.4227839820465459,-0.8591449547477833,-0.04390506102298779,-0.24893588980992146,-0.40509256642339114,-0.04390509626153831,-0.3524003336324587,-0.5297060606374404,-0.061332892288215236,-0.40930681515778167,-0.6240264106979745,-0.06393802899456069,-0.453858745441547,-0.7111882606506499,-0.06554344097480067,Ok
0.0,0.0,0.0,0.057781176812899154,-0.23750556684441398,-0.016047583054143763,0.06268572796608689,-0.4475365034356711,-0.017333932896926255,0.052564697270463936,-0.6277690608192841,-0.028527698825426533,-0.00837207877891801,-0.7570975900622565,-0.03793008822537609,-0.18718994626230842,-0.4541721890965785,0.050956626848194034,-0.18881225847001104,-0.6257144289796771,0.015706786517278092,-0.13018283688420984,-0.7313440720242652,-0.018481015599414487,-0.06505358738101312,-0.7893960982001406,-0.03801107082385387,-0.2625895709933858,-0.44034600345608615,0.029074054977676768,-0.39509219740786394,-0.6252375039593064,0.015929292431862377,-0.4538836151236224,-0.7572546059789385,-0.008338484534290222,-0.4964876074463283,-0.8675963350400724,-0.027868532025479172,-0.3104484925796529,-0.39214879856311435,-0.00572506203530167,-0.47109334529020136,-0.5354174706248803,-0.026359117540768997,-0.5438055726986842,-0.6579625163247731,-0.045263672670997554,-0.5971677846192452,-0.7565438274656373,-0.059906033294868745,-0.32906638578309355,-0.31357984034279474,-0.04567994580826457,-0.4792145574252482,-0.40076790829369147,-0.06717515336492577,-0.5632925904511815,-0.4815033520878027,-0.07516129654800421,-0.6307754083225142,-0.5572638412168334,-0.08027151349631384,Ok
0.0,0.0,0.0,0.07781403258033513,-0.20169167063399987,0.01460894844080929,0.09401612524523875,-0.37169121398502447,0.01498091882235855,0.10555720413561559,-0.5196269603050471,-0.004934506919760717,0.0936462071460979,-0.6665598924950593,-0.02232852600155583,-0.13582155729675244,-0.4463827765783287,0.10180453458384824,-0.09567075427058304,-0.6134684147049559,0.06277420273451868,-0.014497737319062964,-0.6874474619979064,0.02405827912124139,0.06404464296481847,-0.7019210791936941,0.005185026588402376,-0.1834521134326201,-0.45787127131369787,0.060040291072228455,-0.2456432220901088,-0.6796181957274778,0.04878259505199073,-0.25517758674335095,-0.8412038170237551,0.02641858429172465,-0.2579879240450592,-0.96609309991607,0.010312775643799383,-0.2199447168142729,-0.43947847702582293,0.003769883648567199,-0.32449544879170383,-0.6341398747620596,-0.012286438469038657,-0.36472375628981935,-0.7854115713071061,-0.026169084066237566,-0.39139181050195404,-0.9014302787681152,-0.036288572474199775,-0.23573093740109424,-0.392726019121893,-0.05688849021660647,-0.3400514993869862,-0.5300135883662448,-0.0726645190511019,-0.39178670607472355,-0.6437464854717471,-0.07620965561776574,-0.42896650434296013,-0.7381088659463731,-0.07812774840670547,Ok
0.0,0.0,0.0,0.14316270449080434,-0.09493637921134071,-0.010663208150150937,0.2522757453250108,-0.22567568120804507,-0.0147887166107928,0.33058200123800485,-0.32272718262268696,-0.0311570977985698,0.3836250969136576,-0.4133104441427801,-0.04502746381915355,0.13648125066852107,-0.46999819667703185,0.03444627207611291,0.21317288655599462,-0.5883448145007976,-0.012312021663321026,0.2865565784249712,-0.5705996974758999,-0.05417552922960429,0.3455811756272809,-0.5218652373604444,-0.07888569712327013,0.08667365132113157,-0.5131941622559385,0.004260604981038107,0.1428542074609748,-0.7309911884324489,-0.02625434660248054,0.2082184154981436,-0.851262737631959,-0.060346834476664814,0.26821029572178673,-0.9451833476734939,-0.0863422880526982,0.03378583644613527,-0.5159389161988878,-0.03765750277838744,0.04796493801711769,-0.7478149435108244,-0.07639623839272164,0.079006958961887,-0.8872856311244574,-0.1086395193065903,0.11093161549717256,-0.9854040780565833,-0.12912389257082812,-0.015696311360152346,-0.47645292301278047,-0.08331281875371045,-0.017656653264974852,-0.6574661672610215,-0.11645210023031141,-0.015818559017075278,-0.7786174741635257,-0.13188800187143376,-0.012747477654212984,-0.8723644099493706,-0.14233800248200978,Ok
