0.2845194339752197,0.7845516800880432,7.708376870141365e-07,0.3671365976333618,0.729836642742157,-0.03935700282454491,0.43556272983551025,0.63994961977005,-0.05925694480538368,0.4903958737850189,0.5665625333786011,-0.07785478234291077,0.5450518131256104,0.5337410569190979,-0.09628792107105255,0.3461836874485016,0.47471991181373596,-0.031325966119766235,0.373305082321167,0.35696008801460266,-0.05454692617058754,0.386522114276886,0.2846674919128418,-0.07429675757884979,0.3941349685192108,0.22398707270622253,-0.0889635905623436,0.28534287214279175,0.466060996055603,-0.03287603706121445,0.280452162027359,0.3254393935203552,-0.0515633188188076,0.2759040296077728,0.24279296398162842,-0.06832504272460938,0.26919206976890564,0.1802498996257782,-0.08075526356697083,0.23146668076515198,0.4873398542404175,-0.039600372314453125,0.20376187562942505,0.36904242634773254,-0.05937840789556503,0.18701483309268951,0.2979101538658142,-0.07656919956207275,0.1748514473438263,0.2372167706489563,-0.08871600031852722,0.1837777942419052,0.534696638584137,-0.050594497472047806,0.13926638662815094,0.460855633020401,-0.06987148523330688,0.10912348330020905,0.4142509698867798,-0.07944048196077347,0.08453373610973358,0.36735183000564575,-0.08532630652189255,Open palm
0.24734611809253693,0.7155775427818298,7.399543164865463e-07,0.3297296166419983,0.7637404203414917,-0.036538027226924896,0.42338594794273376,0.7768424153327942,-0.053204961121082306,0.4974333643913269,0.7863968014717102,-0.06812963634729385,0.5510420799255371,0.8089056015014648,-0.08279233425855637,0.458284467458725,0.5950337052345276,-0.024026434868574142,0.5405244827270508,0.5484429597854614,-0.04424943029880524,0.5875034332275391,0.5148533582687378,-0.06197669357061386,0.6252937316894531,0.48427721858024597,-0.07547775655984879,0.4290144443511963,0.5355406403541565,-0.024877678602933884,0.5072161555290222,0.4522278308868408,-0.04219716787338257,0.5541725158691406,0.39903485774993896,-0.05965890362858772,0.5892437696456909,0.35512882471084595,-0.07267075031995773,0.38697850704193115,0.49798470735549927,-0.030897730961441994,0.44629067182540894,0.402874231338501,-0.05211261659860611,0.4835564196109772,0.3442848026752472,-0.07220747321844101,0.5149133801460266,0.29632383584976196,-0.08573124557733536,0.334043025970459,0.4788307547569275,-0.040368907153606415,0.3519341051578522,0.39153170585632324,-0.06380710005760193,0.36391982436180115,0.32980838418006897,-0.0771828442811966,0.3779226541519165,0.27453315258026123,-0.08505575358867645,Open palm
0.2757275700569153,0.4496303200721741,8.404095410696755e-07,0.30788561701774597,0.5484172701835632,-0.03628995269536972,0.35175079107284546,0.6389831900596619,-0.05706681311130524,0.38685712218284607,0.7220226526260376,-0.07659175246953964,0.40539517998695374,0.7950702905654907,-0.09624118357896805,0.47660255432128906,0.5704828500747681,-0.02459370158612728,0.5526578426361084,0.6232938766479492,-0.04773295298218727,0.6013793349266052,0.6520034670829773,-0.06957277655601501,0.6444683074951172,0.6750408411026001,-0.0857505276799202,0.4908214509487152,0.5033543109893799,-0.026799308136105537,0.5849132537841797,0.5278742909431458,-0.04558022692799568,0.6449295878410339,0.5414444208145142,-0.06564073264598846,0.6952611207962036,0.552002489566803,-0.08078162372112274,0.4844966530799866,0.4369068741798401,-0.034128714352846146,0.5721233487129211,0.44367343187332153,-0.054619573056697845,0.6301699876785278,0.44846969842910767,-0.07393517345190048,0.6801916360855103,0.45599260926246643,-0.0872422456741333,0.46116283535957336,0.3692375123500824,-0.04508798569440842,0.5228649973869324,0.337462842464447,-0.06552758067846298,0.5652599930763245,0.3166399598121643,-0.07554000616073608,0.6079037189483643,0.3026016354560852,-0.08139597624540329,Open palm
0.3601624667644501,0.4164907932281494,7.532818813160702e-07,0.3690609335899353,0.5248299837112427,-0.03654259815812111,0.39894402027130127,0.6273875832557678,-0.055674631148576736,0.41890132427215576,0.7191727161407471,-0.07310107350349426,0.4220484793186188,0.7924594283103943,-0.09077590703964233,0.5255618095397949,0.6013160347938538,-0.03147600218653679,0.5879974365234375,0.6841946840286255,-0.056857798248529434,0.6293764114379883,0.733153223991394,-0.07812495529651642,0.6647169589996338,0.7727791666984558,-0.09368402510881424,0.5513800382614136,0.5446870923042297,-0.03385095298290253,0.6360579133033752,0.6046872138977051,-0.05601882189512253,0.691734254360199,0.642446756362915,-0.0754479244351387,0.7396912574768066,0.6724942922592163,-0.08931229263544083,0.5565240383148193,0.4818260371685028,-0.041189197450876236,0.6421229243278503,0.5178288817405701,-0.06655550003051758,0.6999051570892334,0.546380341053009,-0.087412528693676,0.7496289014816284,0.5729504227638245,-0.10085415840148926,0.5442306399345398,0.4125632345676422,-0.05180855840444565,0.6095590591430664,0.3930247128009796,-0.07856571674346924,0.657430112361908,0.38313421607017517,-0.09240751713514328,0.7039316892623901,0.3792504072189331,-0.10021745413541794,Open palm
0.28009840846061707,0.7611043453216553,5.785283860859636e-07,0.3597213625907898,0.7599294185638428,-0.048587899655103683,0.4422124922275543,0.7303731441497803,-0.07493949681520462,0.5092694163322449,0.7173087000846863,-0.09867967665195465,0.5679230690002441,0.7322948575019836,-0.12366101145744324,0.4286538362503052,0.5425657629966736,-0.042422425001859665,0.4787888526916504,0.4562876224517822,-0.07475020736455917,0.5098701119422913,0.4052737057209015,-0.10285726189613342,0.5364837646484375,0.3627578020095825,-0.12369125336408615,0.3872889280319214,0.5039226412773132,-0.042624954134225845,0.4270589351654053,0.3957946300506592,-0.07137775421142578,0.4531612992286682,0.33040642738342285,-0.09817430377006531,0.47490233182907104,0.2758617103099823,-0.11833155900239944,0.3388877213001251,0.49053728580474854,-0.04888472333550453,0.3643549084663391,0.37696728110313416,-0.07788220793008804,0.3838071823120117,0.30959513783454895,-0.09956331551074982,0.4027729332447052,0.25320133566856384,-0.11502577364444733,0.2833653688430786,0.4992075264453888,-0.059848349541425705,0.2818910777568817,0.4069807529449463,-0.08639062941074371,0.2854562997817993,0.346097469329834,-0.09981382638216019,0.2937126159667969,0.2906041741371155,-0.10889580100774765,Open palm
0.638652503490448,0.6430319547653198,5.695002869288146e-07,0.6443222165107727,0.5296123623847961,-0.03946780413389206,0.6201149225234985,0.41796356439590454,-0.060771644115448,0.5957301259040833,0.33064377307891846,-0.0801585391163826,0.5855140686035156,0.25648021697998047,-0.09975742548704147,0.48196181654930115,0.434355765581131,-0.04105774313211441,0.4128541052341461,0.36641672253608704,-0.06924077868461609,0.3686099350452423,0.32708609104156494,-0.09184284508228302,0.3279646039009094,0.29339057207107544,-0.10864719748497009,0.44965964555740356,0.49409541487693787,-0.04281562194228172,0.36306095123291016,0.4451332688331604,-0.066002756357193,0.30942022800445557,0.41408300399780273,-0.08551707118749619,0.2634291648864746,0.39029815793037415,-0.10045967996120453,0.44061508774757385,0.5599372982978821,-0.049035146832466125,0.35549259185791016,0.5391725897789001,-0.07190214842557907,0.30073118209838867,0.5265726447105408,-0.08934926986694336,0.2535547614097595,0.5137429237365723,-0.10187067091464996,0.45133957266807556,0.6297351121902466,-0.05931619554758072,0.3823915719985962,0.649491548538208,-0.08256834745407104,0.33630073070526123,0.6607751846313477,-0.09468933939933777,0.293203204870224,0.6655370593070984,-0.10202512890100479,Open palm
0.5685957074165344,0.5756312012672424,5.318973421708506e-07,0.5300074219703674,0.49778634309768677,-0.05288175866007805,0.4736363887786865,0.435350239276886,-0.08852025121450424,0.42148324847221375,0.38204801082611084,-0.11986488103866577,0.37580907344818115,0.33685269951820374,-0.1540253609418869,0.3768523931503296,0.5463605523109436,-0.08125985413789749,0.2939537763595581,0.5615774989128113,-0.12422917038202286,0.24440966546535492,0.5798414945602417,-0.15478694438934326,0.20173779129981995,0.5986195802688599,-0.1769554615020752,0.3832930028438568,0.6214701533317566,-0.08187567442655563,0.3030537962913513,0.6681869029998779,-0.12257754802703857,0.25636371970176697,0.7111837863922119,-0.15277910232543945,0.21808834373950958,0.7549696564674377,-0.17511367797851562,0.4134198725223541,0.6811892986297607,-0.08598174899816513,0.34477731585502625,0.7442461848258972,-0.12323737144470215,0.3008488416671753,0.7904825806617737,-0.1473957896232605,0.2619655430316925,0.8318731784820557,-0.16514286398887634,0.4593387246131897,0.7277264595031738,-0.09384799003601074,0.42169591784477234,0.7900500297546387,-0.12773334980010986,0.39454811811447144,0.8293709754943848,-0.14425377547740936,0.3683536648750305,0.8632990121841431,-0.15522216260433197,Open palm
0.4030647575855255,0.37446942925453186,4.270538624950859e-07,0.33307504653930664,0.4037468433380127,-0.03317834064364433,0.2682804465293884,0.46081605553627014,-0.04882888123393059,0.21295221149921417,0.5027406215667725,-0.06356371939182281,0.16558587551116943,0.529694139957428,-0.0798250362277031,0.32117578387260437,0.5586613416671753,-0.03475409001111984,0.2969522774219513,0.6451336145401001,-0.05509209632873535,0.2851217985153198,0.6997140049934387,-0.07206638902425766,0.27730560302734375,0.750611424446106,-0.08537998795509338,0.3693903088569641,0.5729303359985352,-0.03507247194647789,0.362189918756485,0.6632047891616821,-0.04972033202648163,0.3615972399711609,0.7220331430435181,-0.06321223080158234,0.3664589822292328,0.7735561728477478,-0.07550479471683502,0.4147004187107086,0.564551055431366,-0.03905091807246208,0.4283284842967987,0.6415392160415649,-0.054547201842069626,0.442016065120697,0.6932201385498047,-0.06639879941940308,0.4548823833465576,0.7382465600967407,-0.07728748768568039,0.45675408840179443,0.5376989245414734,-0.04694431647658348,0.48978036642074585,0.5810161828994751,-0.06332264095544815,0.5163513422012329,0.606541097164154,-0.07034598290920258,0.5413652658462524,0.6296491622924805,-0.07597886025905609,Open palm
0.4017661213874817,0.45219850540161133,5.409686991697527e-07,0.33225348591804504,0.48298633098602295,-0.04174662008881569,0.27162936329841614,0.5500019788742065,-0.06452364474534988,0.22766371071338654,0.6113650798797607,-0.08404064178466797,0.18231113255023956,0.6586933135986328,-0.10409002751111984,0.33023601770401,0.6775871515274048,-0.04990378022193909,0.315829873085022,0.7814314365386963,-0.07989691942930222,0.3080510199069977,0.8458057641983032,-0.10038478672504425,0.3032280206680298,0.902542769908905,-0.11515641957521439,0.3772180378437042,0.6876677870750427,-0.04966496303677559,0.3761839270591736,0.7988466024398804,-0.07671923190355301,0.37709754705429077,0.8689961433410645,-0.09673816710710526,0.3809090852737427,0.9280747175216675,-0.11122770607471466,0.4190540909767151,0.6707796454429626,-0.05353923141956329,0.4377667009830475,0.767081081867218,-0.08130341023206711,0.45085710287094116,0.8304283618927002,-0.10050032287836075,0.46101468801498413,0.8861790299415588,-0.11366864293813705,0.4554738402366638,0.6324238181114197,-0.060924530029296875,0.4933319091796875,0.6880844831466675,-0.08867175877094269,0.5213828682899475,0.722873866558075,-0.1028629019856453,0.5460045337677002,0.7581354379653931,-0.11144799739122391,Open palm
0.3632362484931946,0.4124869704246521,5.321410867509258e-07,0.30352652072906494,0.4487195312976837,-0.04053447023034096,0.2585810422897339,0.5226275324821472,-0.06080504506826401,0.22416530549526215,0.5875729918479919,-0.07765443623065948,0.1836126148700714,0.6285296082496643,-0.09539458155632019,0.30949920415878296,0.6330167651176453,-0.05264594033360481,0.2955790162086487,0.7360618710517883,-0.08120992034673691,0.29200494289398193,0.7993893623352051,-0.100607730448246,0.2923268675804138,0.8557042479515076,-0.11478373408317566,0.3629997670650482,0.6439462900161743,-0.05235080048441887,0.36978310346603394,0.7566933631896973,-0.0772847980260849,0.37621867656707764,0.8256410956382751,-0.0939902737736702,0.3839198648929596,0.8832508325576782,-0.1063854843378067,0.40929266810417175,0.6263033747673035,-0.05587414652109146,0.43241503834724426,0.7178513407707214,-0.0822029784321785,0.44684815406799316,0.7786939144134521,-0.09998584538698196,0.45849114656448364,0.8296064734458923,-0.11254186183214188,0.44889652729034424,0.5859782695770264,-0.06278565526008606,0.49230679869651794,0.6389734148979187,-0.0895075798034668,0.5241471529006958,0.6676599383354187,-0.10237406194210052,0.5526056885719299,0.6961797475814819,-0.11047288775444031,Open palm
0.35934919118881226,0.885306715965271,5.083186351839686e-07,0.29410773515701294,0.7965682744979858,-0.012460201978683472,0.25426846742630005,0.6888670325279236,-0.023416664451360703,0.21355870366096497,0.6049848794937134,-0.032575447112321854,0.16384674608707428,0.5723726749420166,-0.043166741728782654,0.36609986424446106,0.6141916513442993,-0.029777299612760544,0.3745519816875458,0.4819919466972351,-0.040589138865470886,0.38497722148895264,0.409026175737381,-0.04622020944952965,0.39758673310279846,0.3546743392944336,-0.05047350749373436,0.4173140525817871,0.6305330395698547,-0.03307415917515755,0.45084261894226074,0.4977271556854248,-0.040549226105213165,0.47226470708847046,0.41881605982780457,-0.046798110008239746,0.4930174946784973,0.3604857921600342,-0.05303245782852173,0.45430678129196167,0.6615269780158997,-0.036656592041254044,0.5033890008926392,0.5560562014579773,-0.04806961864233017,0.5331283807754517,0.4888575077056885,-0.06310871988534927,0.5572931170463562,0.4367683529853821,-0.07501311600208282,0.47914832830429077,0.6989107728004456,-0.040050677955150604,0.5346676111221313,0.650671124458313,-0.05361567810177803,0.5705368518829346,0.6182851195335388,-0.0627250000834465,0.601283848285675,0.589380145072937,-0.06926532089710236,Open palm
0.40209999680519104,0.7408509254455566,4.481806570311164e-07,0.35042569041252136,0.6602078676223755,-0.01755937747657299,0.3135715126991272,0.5684652328491211,-0.035879526287317276,0.2752518653869629,0.49679577350616455,-0.052188288420438766,0.23314346373081207,0.4603551924228668,-0.0698167160153389,0.41042134165763855,0.49529802799224854,-0.04420759156346321,0.42437437176704407,0.3736879229545593,-0.06338334828615189,0.43353191018104553,0.3038090467453003,-0.07396138459444046,0.4421801269054413,0.2525840997695923,-0.08072473853826523,0.45921772718429565,0.5136545300483704,-0.048940759152173996,0.4945790767669678,0.392562597990036,-0.06164900213479996,0.5178659558296204,0.323921799659729,-0.06913944333791733,0.5388412475585938,0.27690228819847107,-0.07597126066684723,0.4980403482913971,0.5475557446479797,-0.054343678057193756,0.5462230443954468,0.4482436776161194,-0.06929121911525726,0.5787855386734009,0.3898923397064209,-0.08128976821899414,0.6047576069831848,0.3472871780395508,-0.09065087139606476,0.5270117521286011,0.5896809101104736,-0.06014413759112358,0.5780594348907471,0.5347997546195984,-0.07568852603435516,0.611828088760376,0.5048289895057678,-0.08215677738189697,0.6400933265686035,0.47955361008644104,-0.08622156828641891,Open palm
0.34274882078170776,0.5683748126029968,5.339053927855275e-07,0.3432571291923523,0.4592664837837219,-0.020555812865495682,0.3615998327732086,0.36614224314689636,-0.039605751633644104,0.36792126297950745,0.27895528078079224,-0.05532005429267883,0.3504926562309265,0.2201661467552185,-0.07252253592014313,0.4642476737499237,0.40518325567245483,-0.05056329816579819,0.534887433052063,0.3313937783241272,-0.06838497519493103,0.5779765844345093,0.28993117809295654,-0.0777570903301239,0.6133705377578735,0.26255738735198975,-0.08380929380655289,0.4933560788631439,0.4602530896663666,-0.05008035898208618,0.5761179327964783,0.4057607054710388,-0.06167197972536087,0.6265841722488403,0.37564295530319214,-0.06837297230958939,0.6668023467063904,0.35877907276153564,-0.07492445409297943,0.5042974352836609,0.5125912427902222,-0.04925829917192459,0.5827233195304871,0.4864463210105896,-0.06160641089081764,0.6317722797393799,0.4725092649459839,-0.07332003861665726,0.6696727275848389,0.46399009227752686,-0.08282690495252609,0.5017460584640503,0.5557222962379456,-0.0489535816013813,0.5588239431381226,0.5637592077255249,-0.06123632565140724,0.5936140418052673,0.572640597820282,-0.06732547283172607,0.6239094734191895,0.5812908411026001,-0.07165002822875977,Open palm
0.3765433430671692,0.5278871059417725,5.313644351190305e-07,0.40268635749816895,0.4375688135623932,-0.029170028865337372,0.44099023938179016,0.3765735626220703,-0.0502532459795475,0.4732285141944885,0.31030789017677307,-0.0659545436501503,0.48264431953430176,0.25181907415390015,-0.0816238522529602,0.520891547203064,0.4630117416381836,-0.04813900589942932,0.5994766354560852,0.4406980872154236,-0.06450448930263519,0.6468682289123535,0.4282195568084717,-0.07410455495119095,0.6840034127235413,0.42236125469207764,-0.07995517551898956,0.5267808437347412,0.5192806124687195,-0.039527345448732376,0.6084518432617188,0.5186514258384705,-0.04898297041654587,0.6565454602241516,0.5200067758560181,-0.05318333953619003,0.692142903804779,0.5255205035209656,-0.05702715367078781,0.5177087783813477,0.5647825598716736,-0.03187435120344162,0.5862869620323181,0.581527590751648,-0.04082820937037468,0.6287175416946411,0.5954540967941284,-0.04839163273572922,0.6603885293006897,0.6078928709030151,-0.054078225046396255,0.5029683709144592,0.5960623025894165,-0.025783509016036987,0.5481351613998413,0.627358615398407,-0.033585891127586365,0.5740925073623657,0.6481366157531738,-0.036841679364442825,0.5971079468727112,0.6666817665100098,-0.03879401832818985,Open palm
0.3868888020515442,0.5406914353370667,5.013273494114401e-07,0.4330030679702759,0.4729548692703247,-0.030827753245830536,0.48413968086242676,0.4336956739425659,-0.04925133287906647,0.5334823727607727,0.39205849170684814,-0.06256164610385895,0.562606692314148,0.34742471575737,-0.07539772242307663,0.5392165780067444,0.5483093857765198,-0.03572506830096245,0.6108382344245911,0.5642353296279907,-0.048512183129787445,0.654220700263977,0.5742669701576233,-0.05834713578224182,0.6876757144927979,0.5854076743125916,-0.0653015747666359,0.5299913883209229,0.5997430086135864,-0.025843238458037376,0.5981777310371399,0.6306329965591431,-0.031540900468826294,0.6380224823951721,0.6499144434928894,-0.03629708290100098,0.6657711267471313,0.6690707802772522,-0.04118751361966133,0.5078943371772766,0.6342519521713257,-0.017979783937335014,0.5618107914924622,0.6743756532669067,-0.024651218205690384,0.592775285243988,0.6987869143486023,-0.03225184977054596,0.6158525943756104,0.7183653116226196,-0.038801323622465134,0.48158276081085205,0.6544521450996399,-0.012269890867173672,0.5060405731201172,0.6987490057945251,-0.021093182265758514,0.5205441117286682,0.7263354659080505,-0.02602967619895935,0.5345035195350647,0.7525547742843628,-0.029224146157503128,Open palm
0.3762494623661041,0.5174386501312256,5.535726472771785e-07,0.43932831287384033,0.4701513350009918,-0.01915935054421425,0.49969223141670227,0.45098185539245605,-0.02693674899637699,0.5518140196800232,0.428585946559906,-0.03153812140226364,0.5883044004440308,0.3952029347419739,-0.03475917875766754,0.5291085243225098,0.5784645080566406,-0.00015090998203959316,0.5941603779792786,0.6162620186805725,0.0045550172217190266,0.6302217245101929,0.6375754475593567,0.00497988099232316,0.6593209505081177,0.6570285558700562,0.004179456736892462,0.5086272954940796,0.6208194494247437,0.011121916584670544,0.5654464364051819,0.6714373230934143,0.021781709045171738,0.598348081111908,0.7025342583656311,0.02406265027821064,0.6210741400718689,0.7281038165092468,0.023220119997859,0.4780586063861847,0.6442447900772095,0.020105142146348953,0.5136862993240356,0.7023646235466003,0.029918961226940155,0.5392212867736816,0.7353560924530029,0.02633393555879593,0.5610179901123047,0.7561784386634827,0.020840251818299294,0.44805628061294556,0.6515257358551025,0.02748948521912098,0.4614295959472656,0.702032744884491,0.03576446324586868,0.47141021490097046,0.7255948781967163,0.036951616406440735,0.48197653889656067,0.7457983493804932,0.03574156388640404,Open palm
0.376850962638855,0.5084961652755737,4.805557409781613e-07,0.4466310441493988,0.4879707992076874,-0.020510679110884666,0.5085809230804443,0.4977186620235443,-0.033427417278289795,0.5621141791343689,0.5023115277290344,-0.04384724050760269,0.6015671491622925,0.4911080002784729,-0.054732535034418106,0.49656254053115845,0.6344172358512878,-0.02037077210843563,0.5336945652961731,0.6976775527000427,-0.029688790440559387,0.5566449761390686,0.7371665239334106,-0.03886622563004494,0.5737056136131287,0.771521270275116,-0.04643680900335312,0.46114057302474976,0.6624066829681396,-0.0195360966026783,0.4852824807167053,0.7417214512825012,-0.02306799218058586,0.4993634521961212,0.7912838459014893,-0.02867566980421543,0.5078391432762146,0.8335742950439453,-0.034772902727127075,0.4234866499900818,0.6680422425270081,-0.020963629707694054,0.43801337480545044,0.7383838891983032,-0.02854531817138195,0.4472906291484833,0.7850733995437622,-0.03600919246673584,0.4551611542701721,0.8255853652954102,-0.04246615245938301,0.38907140493392944,0.6580013632774353,-0.023823216557502747,0.3861580193042755,0.7107522487640381,-0.03327455744147301,0.3844171166419983,0.7473999857902527,-0.03679913282394409,0.385021448135376,0.7818958759307861,-0.039331212639808655,Open palm
0.3874971270561218,0.5002641081809998,5.642498308588983e-07,0.44481462240219116,0.5223836898803711,-0.026227407157421112,0.4987366795539856,0.5673000812530518,-0.048855870962142944,0.5481078624725342,0.5940834879875183,-0.06831281632184982,0.5924897193908691,0.5911176204681396,-0.08980650454759598,0.45975643396377563,0.6500557065010071,-0.0631118044257164,0.47536391019821167,0.7448077201843262,-0.09131412208080292,0.4829631447792053,0.8083780407905579,-0.10857585072517395,0.4853746294975281,0.8633763790130615,-0.12049424648284912,0.4195595979690552,0.658492922782898,-0.06624853610992432,0.42263826727867126,0.7521868348121643,-0.09449615329504013,0.4228365421295166,0.8202120065689087,-0.10981455445289612,0.4171788692474365,0.878455638885498,-0.12175245583057404,0.38201019167900085,0.6540911793708801,-0.0698947161436081,0.3727758526802063,0.741491436958313,-0.09977061301469803,0.3648143708705902,0.806124210357666,-0.11480148881673813,0.3542644679546356,0.8590078353881836,-0.12451597303152084,0.3486553132534027,0.6411184668540955,-0.07442651689052582,0.32272660732269287,0.7106497883796692,-0.10234054923057556,0.30055397748947144,0.7578535079956055,-0.11468715220689774,0.2811558246612549,0.8012460470199585,-0.12267955392599106,Open palm
0.3553948402404785,0.41309159994125366,6.682253683720774e-07,0.4072471261024475,0.4790074825286865,-0.012264854274690151,0.44748634099960327,0.5611007809638977,-0.028750253841280937,0.4874950349330902,0.6132583618164062,-0.04366060346364975,0.5297743678092957,0.6286934614181519,-0.06105194240808487,0.40213045477867126,0.6197191476821899,-0.04966050386428833,0.39137911796569824,0.729269802570343,-0.07233522832393646,0.379411518573761,0.7984720468521118,-0.08492304384708405,0.36754512786865234,0.8530638217926025,-0.09304624050855637,0.36244675517082214,0.6082791090011597,-0.05854269862174988,0.32994982600212097,0.7235139012336731,-0.07701899856328964,0.30424875020980835,0.795702338218689,-0.08659861981868744,0.2804964482784271,0.8534558415412903,-0.0946233719587326,0.3236508071422577,0.5844865441322327,-0.06686018407344818,0.2790204882621765,0.6864894032478333,-0.08652233332395554,0.24761465191841125,0.7522822618484497,-0.0984431579709053,0.22301168739795685,0.8063353896141052,-0.10731321573257446,0.28840067982673645,0.5527728796005249,-0.07467465847730637,0.24450647830963135,0.6237042546272278,-0.09246782958507538,0.2120867371559143,0.6651819944381714,-0.09832336753606796,0.18619012832641602,0.7018464803695679,-0.10237030684947968,Open palm
0.34078657627105713,0.43534502387046814,6.079872605369019e-07,0.3792772591114044,0.4933992028236389,-0.023886188864707947,0.4053104519844055,0.5564294457435608,-0.043957117944955826,0.4353387951850891,0.605083703994751,-0.06328625977039337,0.46882161498069763,0.6374191641807556,-0.08528789132833481,0.33265769481658936,0.6218307018280029,-0.0469839982688427,0.3089303970336914,0.7076215744018555,-0.07445994764566422,0.29114866256713867,0.7629743814468384,-0.09350214898586273,0.27256059646606445,0.809779167175293,-0.10758515447378159,0.29453524947166443,0.603596031665802,-0.05532294139266014,0.2545117735862732,0.6916875243186951,-0.07990054786205292,0.22815707325935364,0.7507823705673218,-0.09793855249881744,0.20373523235321045,0.8010056018829346,-0.11207445710897446,0.2665664553642273,0.5674243569374084,-0.06564649939537048,0.2122269719839096,0.633408784866333,-0.09596575796604156,0.17647171020507812,0.6754437685012817,-0.11553222686052322,0.14584232866764069,0.7143906950950623,-0.1289680153131485,0.24880558252334595,0.5165675282478333,-0.07684510201215744,0.19250023365020752,0.537074089050293,-0.10725978761911392,0.15438634157180786,0.5496338605880737,-0.1207982748746872,0.12117157876491547,0.5654327273368835,-0.12958461046218872,Open palm
0.34568649530410767,0.3274456262588501,3.997120074927807e-07,0.3732945919036865,0.3944551944732666,-0.012045233510434628,0.38613295555114746,0.46481528878211975,-0.023042982444167137,0.40603604912757874,0.5172659158706665,-0.034952979534864426,0.43112605810165405,0.5529075264930725,-0.048708684742450714,0.3030374348163605,0.5177207589149475,-0.016563642770051956,0.2795169949531555,0.5868974924087524,-0.0288088358938694,0.2630954086780548,0.6277952790260315,-0.03862042725086212,0.24914751946926117,0.657952070236206,-0.04677918553352356,0.2682323157787323,0.4961956739425659,-0.025004787370562553,0.22768846154212952,0.567517101764679,-0.03719224035739899,0.1997523307800293,0.6114203929901123,-0.049734365195035934,0.17709852755069733,0.6432372331619263,-0.05985515937209129,0.24528977274894714,0.45947974920272827,-0.03539872169494629,0.1931043416261673,0.5109768509864807,-0.05423050746321678,0.16019165515899658,0.5454261898994446,-0.07345909625291824,0.13355574011802673,0.5743724703788757,-0.08730332553386688,0.23445488512516022,0.4122166931629181,-0.045853447169065475,0.18142598867416382,0.41542738676071167,-0.06683088093996048,0.1455184519290924,0.42274677753448486,-0.0804772898554802,0.1144312173128128,0.43050673604011536,-0.08988033980131149,Open palm
0.3610985279083252,0.3278014063835144,4.153598638367839e-07,0.3704633414745331,0.39604318141937256,-0.006993729621171951,0.36241135001182556,0.46372920274734497,-0.01444854587316513,0.3671228885650635,0.5154662132263184,-0.022541480138897896,0.3824840784072876,0.5527011752128601,-0.03283560276031494,0.27738064527511597,0.4855610430240631,-0.018104547634720802,0.23422853648662567,0.5424197912216187,-0.029972532764077187,0.20567624270915985,0.5770275592803955,-0.03868585824966431,0.18310344219207764,0.6028429865837097,-0.045655280351638794,0.25327354669570923,0.4555445611476898,-0.02701755054295063,0.19328656792640686,0.5009577870368958,-0.037904419004917145,0.1556723415851593,0.5329260230064392,-0.0489315427839756,0.12740004062652588,0.5575396418571472,-0.05750736966729164,0.24139682948589325,0.41453009843826294,-0.0367371030151844,0.17499461770057678,0.44342854619026184,-0.05350765585899353,0.1338963508605957,0.46645718812942505,-0.07192181795835495,0.10107535123825073,0.4859822392463684,-0.08503560721874237,0.2414412647485733,0.3680385947227478,-0.04589635133743286,0.18681064248085022,0.34988081455230713,-0.06612925976514816,0.15003517270088196,0.3428228497505188,-0.07978303730487823,0.11903391778469086,0.33770713210105896,-0.0887322649359703,Open palm
0.30765411257743835,0.8338695168495178,6.819512350375589e-07,0.36580127477645874,0.781959056854248,-0.0368838869035244,0.41457176208496094,0.7101678848266602,-0.057640451937913895,0.46037203073501587,0.6572416424751282,-0.0767391100525856,0.5044828653335571,0.6243102550506592,-0.09518449008464813,0.3386783301830292,0.5687255263328552,-0.029186517000198364,0.3429642915725708,0.46434324979782104,-0.0504261776804924,0.3418819010257721,0.4000512361526489,-0.06820058822631836,0.34006553888320923,0.3457428514957428,-0.08120979368686676,0.28978922963142395,0.5684497356414795,-0.029106037691235542,0.27674275636672974,0.4569425582885742,-0.04576440528035164,0.2675207257270813,0.38732680678367615,-0.06093797832727432,0.25931796431541443,0.3311355412006378,-0.07196925580501556,0.2473725527524948,0.5928134322166443,-0.033881377428770065,0.22142429649829865,0.49561718106269836,-0.05168706551194191,0.2054518610239029,0.434526264667511,-0.06792767345905304,0.19337473809719086,0.38239145278930664,-0.07883333414793015,0.2115289270877838,0.6387377977371216,-0.042461417615413666,0.1700434684753418,0.5844268202781677,-0.06038971617817879,0.1411164551973343,0.5481907725334167,-0.06998009234666824,0.11631307005882263,0.5109249353408813,-0.07541084289550781,Open palm
0.4132320284843445,0.6726912260055542,4.518567209288449e-07,0.40819671750068665,0.5730873346328735,-0.03737788647413254,0.3758828639984131,0.47424906492233276,-0.055550143122673035,0.3471240997314453,0.40190982818603516,-0.07226332277059555,0.32941532135009766,0.3411872982978821,-0.08887779712677002,0.24403490126132965,0.5150924324989319,-0.02987457439303398,0.1700892299413681,0.47969308495521545,-0.051639486104249954,0.12623870372772217,0.46126919984817505,-0.07004575431346893,0.08733229339122772,0.44702234864234924,-0.0840488076210022,0.22333785891532898,0.573857843875885,-0.03045543283224106,0.13807177543640137,0.5541102290153503,-0.04999023675918579,0.08360174298286438,0.5429467558860779,-0.06903588026762009,0.04008738696575165,0.5389376282691956,-0.08295400440692902,0.22245490550994873,0.6335246562957764,-0.03586916998028755,0.1408618986606598,0.6340833902359009,-0.056665755808353424,0.08650772273540497,0.6354106664657593,-0.07675662636756897,0.04181492328643799,0.6376586556434631,-0.0905957967042923,0.2386949062347412,0.694570779800415,-0.045004330575466156,0.1800791621208191,0.7237091660499573,-0.06627766788005829,0.14083296060562134,0.7454882860183716,-0.08010994642972946,0.10648810863494873,0.7632716298103333,-0.08858218789100647,Open palm
0.2854474186897278,0.36346688866615295,6.227827498150873e-07,0.2789751887321472,0.45161157846450806,-0.030416566878557205,0.2892325222492218,0.5346782207489014,-0.0532543919980526,0.2901322841644287,0.6047607660293579,-0.07581668347120285,0.28450295329093933,0.6673813462257385,-0.09932398796081543,0.4076412320137024,0.5350919961929321,-0.034343015402555466,0.46503058075904846,0.596285879611969,-0.05941758304834366,0.4995385408401489,0.6328238248825073,-0.0788244754076004,0.5306038856506348,0.6627627015113831,-0.0933501198887825,0.42609190940856934,0.49901682138442993,-0.04000324755907059,0.4961435794830322,0.5501617193222046,-0.06353700906038284,0.54234379529953,0.5837387442588806,-0.08385315537452698,0.5833771228790283,0.6087146401405334,-0.09854714572429657,0.42913517355918884,0.4535903334617615,-0.04930533841252327,0.5045987963676453,0.47305828332901,-0.0725531280040741,0.5524678230285645,0.4923778474330902,-0.09132498502731323,0.5937927961349487,0.5107839703559875,-0.10381986200809479,0.41667088866233826,0.40423303842544556,-0.061348892748355865,0.4760923683643341,0.3884314298629761,-0.08309347182512283,0.5150400400161743,0.384138822555542,-0.09506244212388992,0.5508483648300171,0.3851587772369385,-0.10271159559488297,Open palm
0.4236319661140442,0.19838204979896545,5.637096478494641e-07,0.41186755895614624,0.2810218334197998,-0.0448492169380188,0.41206029057502747,0.36715152859687805,-0.07680699229240417,0.39879629015922546,0.44810816645622253,-0.10605521500110626,0.3804236948490143,0.5188331604003906,-0.13932041823863983,0.5068405270576477,0.33465227484703064,-0.08073005080223083,0.5667262077331543,0.3981044888496399,-0.11564663797616959,0.6095613241195679,0.43547260761260986,-0.13935743272304535,0.648888111114502,0.4662255048751831,-0.15763601660728455,0.5334152579307556,0.27222177386283875,-0.08361782878637314,0.61331707239151,0.30669036507606506,-0.11378385871648788,0.6678016185760498,0.3263760507106781,-0.13469769060611725,0.7147586345672607,0.3374354839324951,-0.1521815061569214,0.5359324216842651,0.20735545456409454,-0.08850494772195816,0.6149559020996094,0.2130817174911499,-0.11956746131181717,0.667637825012207,0.21475768089294434,-0.14085547626018524,0.7140771746635437,0.2187551110982895,-0.15753424167633057,0.5194368958473206,0.14736366271972656,-0.09664535522460938,0.5699421763420105,0.10733316838741302,-0.12840072810649872,0.6032401919364929,0.07898461818695068,-0.14315783977508545,0.6324554085731506,0.057478249073028564,-0.15359792113304138,Open palm
0.46797382831573486,0.8612545728683472,6.283090101533162e-07,0.5818033218383789,0.8045408725738525,-0.04854360222816467,0.6742731332778931,0.6940503120422363,-0.07550380378961563,0.756209135055542,0.6271365880966187,-0.10276264697313309,0.8319586515426636,0.6221174001693726,-0.13468477129936218,0.5541487336158752,0.4962846636772156,-0.05656410753726959,0.5522717237472534,0.33842331171035767,-0.089142344892025,0.5455182790756226,0.24134525656700134,-0.11474169045686722,0.5366740822792053,0.16183185577392578,-0.13563211262226105,0.4764351546764374,0.5029075145721436,-0.06452984362840652,0.4479067921638489,0.3340824842453003,-0.09303729981184006,0.4274289906024933,0.22814995050430298,-0.11861716210842133,0.40260541439056396,0.14476865530014038,-0.13970281183719635,0.4122696816921234,0.544538676738739,-0.07787783443927765,0.3603924512863159,0.3992481231689453,-0.10965532064437866,0.32970288395881653,0.307539701461792,-0.13963903486728668,0.3022119998931885,0.22944483160972595,-0.1630886197090149,0.3596516251564026,0.6192067861557007,-0.09647703915834427,0.2796667516231537,0.5469314455986023,-0.13088814914226532,0.22562098503112793,0.5001559853553772,-0.15215639770030975,0.18028104305267334,0.4559289515018463,-0.16820742189884186,Open palm
0.4311444163322449,0.848100483417511,5.706064598598459e-07,0.553121030330658,0.7922184467315674,-0.04314100742340088,0.6581403613090515,0.6790820360183716,-0.06433319300413132,0.750864565372467,0.6113759875297546,-0.08716031908988953,0.8304059505462646,0.6009174585342407,-0.11455194652080536,0.5481106638908386,0.4670780599117279,-0.037903714925050735,0.5484533309936523,0.3089476525783539,-0.06383802741765976,0.5461025238037109,0.21352431178092957,-0.08651042729616165,0.5408604741096497,0.13724961876869202,-0.1052074059844017,0.46895837783813477,0.4691862463951111,-0.04641716927289963,0.4452008605003357,0.2977944612503052,-0.06715625524520874,0.4277695119380951,0.19365820288658142,-0.09003940224647522,0.4052113890647888,0.11259153485298157,-0.10936656594276428,0.4019283950328827,0.5065248012542725,-0.060876697301864624,0.3572581708431244,0.3577291965484619,-0.08632303774356842,0.32940220832824707,0.2684343755245209,-0.1135248914361,0.3035542368888855,0.19471445679664612,-0.1355419009923935,0.3431002199649811,0.5774106979370117,-0.08070876449346542,0.2643197774887085,0.5033625960350037,-0.11047158390283585,0.2132573425769806,0.4564323127269745,-0.12968383729457855,0.17060881853103638,0.4133642911911011,-0.14419785141944885,Open palm
0.3746011555194855,0.8084967136383057,6.247620945032395e-07,0.4992389380931854,0.8001946806907654,-0.04123828187584877,0.6191161274909973,0.7484132051467896,-0.06335745006799698,0.7203280925750732,0.7214453220367432,-0.08769967406988144,0.7940222024917603,0.7351019382476807,-0.11581519991159439,0.5649184584617615,0.4956514239311218,-0.033185094594955444,0.6127395033836365,0.3492010831832886,-0.057616353034973145,0.6349146366119385,0.2595859467983246,-0.07789159566164017,0.6491042971611023,0.18811479210853577,-0.09427181631326675,0.4903547465801239,0.4649168848991394,-0.0410076268017292,0.511133074760437,0.2889305353164673,-0.060584358870983124,0.5186946392059326,0.1845594346523285,-0.08086291700601578,0.5156275033950806,0.10328283905982971,-0.09745224565267563,0.4190179705619812,0.4719026982784271,-0.05486968904733658,0.41027718782424927,0.3144609332084656,-0.07863322645425797,0.4050675630569458,0.21654385328292847,-0.1033652201294899,0.3967830240726471,0.13732600212097168,-0.12268081307411194,0.34996700286865234,0.5109202265739441,-0.07380493730306625,0.2986089587211609,0.4064381718635559,-0.10200877487659454,0.2691800594329834,0.3362922668457031,-0.11970768123865128,0.24532032012939453,0.27660131454467773,-0.1321881264448166,Open palm
0.3799840211868286,0.7721216678619385,9.426131555301254e-07,0.480877548456192,0.7977504730224609,-0.05420053005218506,0.5834659337997437,0.7920781373977661,-0.09106960892677307,0.6710864901542664,0.8146494626998901,-0.12653303146362305,0.7368886470794678,0.8687860369682312,-0.1646503210067749,0.5903866291046143,0.5397221446037292,-0.06937700510025024,0.676849365234375,0.43463221192359924,-0.10990110784769058,0.7250502109527588,0.3617830276489258,-0.13957132399082184,0.7619301080703735,0.29580897092819214,-0.16197893023490906,0.5378607511520386,0.4782499670982361,-0.07464799284934998,0.6069647073745728,0.3359006643295288,-0.1092434823513031,0.6413533687591553,0.24008968472480774,-0.13444173336029053,0.6607873439788818,0.16282856464385986,-0.1533306986093521,0.4717716574668884,0.4603239893913269,-0.08530156314373016,0.5041357278823853,0.31162503361701965,-0.12057273089885712,0.5223732590675354,0.21195772290229797,-0.14943981170654297,0.5356507301330566,0.12815934419631958,-0.1700654774904251,0.39764851331710815,0.4811522960662842,-0.10098175704479218,0.37163281440734863,0.3679695129394531,-0.13820311427116394,0.3510187864303589,0.2880218029022217,-0.15839381515979767,0.33432796597480774,0.21413570642471313,-0.17114116251468658,Open palm
0.37115928530693054,0.7300617694854736,1.0041078439826379e-06,0.4706368148326874,0.7812150716781616,-0.046452347189188004,0.5717270374298096,0.8086652755737305,-0.07881966233253479,0.6469411253929138,0.8584721088409424,-0.11098437756299973,0.6960831880569458,0.9327539801597595,-0.1454472541809082,0.6253212094306946,0.5776808857917786,-0.05377029627561569,0.7248820662498474,0.5133804082870483,-0.09243563562631607,0.7853677868843079,0.4638749957084656,-0.1232815682888031,0.837044894695282,0.4157141447067261,-0.1468285322189331,0.5897104144096375,0.5049470067024231,-0.06140250712633133,0.684783935546875,0.4006727933883667,-0.09466562420129776,0.7416211366653442,0.32428213953971863,-0.12282714247703552,0.786965012550354,0.2546398937702179,-0.14407797157764435,0.5338830351829529,0.4656321108341217,-0.07431158423423767,0.596947431564331,0.33791908621788025,-0.10771199315786362,0.6366984248161316,0.24890699982643127,-0.1371886134147644,0.6730488538742065,0.17036724090576172,-0.15763701498508453,0.46253907680511475,0.4537179470062256,-0.0916483998298645,0.4664487838745117,0.3344964385032654,-0.12412550300359726,0.47208452224731445,0.25260332226753235,-0.14275801181793213,0.482632040977478,0.17740094661712646,-0.1548089236021042,Open palm
0.36686810851097107,0.649424135684967,8.669657063364866e-07,0.4484267830848694,0.7406173944473267,-0.05062435567378998,0.5376419425010681,0.8031972646713257,-0.08518058806657791,0.5998725891113281,0.8770281076431274,-0.11875735223293304,0.6349295377731323,0.9562614560127258,-0.15530574321746826,0.6329226493835449,0.6030483245849609,-0.07037508487701416,0.7411418557167053,0.5688049793243408,-0.11224440485239029,0.8074955344200134,0.5408902764320374,-0.14300385117530823,0.8662393093109131,0.5125885009765625,-0.16644766926765442,0.6097782254219055,0.5250301957130432,-0.07850360870361328,0.7151480317115784,0.4473142623901367,-0.11600988358259201,0.7853919267654419,0.3887953758239746,-0.1459384560585022,0.8410691618919373,0.33308759331703186,-0.1688002198934555,0.5612134337425232,0.4730956256389618,-0.09138615429401398,0.6449165344238281,0.36688685417175293,-0.1299477070569992,0.7002953290939331,0.29416483640670776,-0.1637846678495407,0.7498493194580078,0.23097583651542664,-0.1880510002374649,0.4942896366119385,0.44595715403556824,-0.10855039209127426,0.5128737688064575,0.3278750777244568,-0.1482730209827423,0.5260005593299866,0.24516847729682922,-0.17241579294204712,0.5418397784233093,0.17440348863601685,-0.1886507123708725,Open palm
0.3371526300907135,0.580906331539154,7.937459258755553e-07,0.40262168645858765,0.7019723653793335,-0.03780599310994148,0.482391357421875,0.7885212302207947,-0.0655844658613205,0.5312179923057556,0.8706324696540833,-0.09419290721416473,0.5479238629341125,0.9614808559417725,-0.12574413418769836,0.6097652912139893,0.6265822649002075,-0.05368409678339958,0.7212071418762207,0.6354510188102722,-0.09038779139518738,0.7893169522285461,0.6329395771026611,-0.11763004958629608,0.8471449017524719,0.6243300437927246,-0.13826067745685577,0.6040600538253784,0.5461372137069702,-0.06476879864931107,0.7262059450149536,0.5119631886482239,-0.09716963022947311,0.8024495840072632,0.48556941747665405,-0.12260130792856216,0.864037811756134,0.4546148180961609,-0.14145642518997192,0.5698878169059753,0.48141685128211975,-0.07979948073625565,0.6724981069564819,0.4084318280220032,-0.11337189376354218,0.7411178350448608,0.3603401780128479,-0.14226849377155304,0.801921010017395,0.31654950976371765,-0.16235744953155518,0.5130925178527832,0.4322816729545593,-0.0979781448841095,0.5590802431106567,0.3261842727661133,-0.13319560885429382,0.5910912752151489,0.2569715082645416,-0.15253101289272308,0.622539758682251,0.19697880744934082,-0.16463197767734528,Open palm
0.3372257351875305,0.5416092872619629,8.978369692158594e-07,0.38547131419181824,0.6646543145179749,-0.04667695611715317,0.4479648768901825,0.76705002784729,-0.07919121533632278,0.4806596636772156,0.8686956167221069,-0.11102581769227982,0.4844636023044586,0.9568444490432739,-0.14586664736270905,0.5944229960441589,0.6415593028068542,-0.06861459463834763,0.7045791745185852,0.6777017116546631,-0.10984374582767487,0.7748092412948608,0.693191647529602,-0.13968706130981445,0.838493287563324,0.6996857523918152,-0.1624215692281723,0.5980231165885925,0.5577660202980042,-0.07781366258859634,0.7195366621017456,0.5487829446792603,-0.1148739606142044,0.8020247220993042,0.5380248427391052,-0.1434398591518402,0.872161865234375,0.5195479393005371,-0.16500823199748993,0.5708401799201965,0.4847114086151123,-0.09132511168718338,0.6791331768035889,0.4327741861343384,-0.12855373322963715,0.7539885640144348,0.3991682529449463,-0.16063645482063293,0.8207964897155762,0.3704793453216553,-0.18356576561927795,0.5194571018218994,0.4242691993713379,-0.10885816812515259,0.5740554928779602,0.32610565423965454,-0.14651945233345032,0.6141025424003601,0.26205021142959595,-0.16881635785102844,0.6532991528511047,0.2108546793460846,-0.18376441299915314,Open palm
0.36114057898521423,0.4726637899875641,1.0139315236301627e-06,0.39128378033638,0.5942118763923645,-0.052883271127939224,0.4354860186576843,0.7067179083824158,-0.09140404313802719,0.45394954085350037,0.8176906108856201,-0.12792131304740906,0.45138856768608093,0.9209932684898376,-0.1668904423713684,0.5968531966209412,0.6175025105476379,-0.07824591547250748,0.7006897330284119,0.6866328716278076,-0.12251688539981842,0.7685717940330505,0.7194076180458069,-0.15377892553806305,0.8307032585144043,0.7398327589035034,-0.17682310938835144,0.612284779548645,0.5370811223983765,-0.08500919491052628,0.7372761368751526,0.5643145442008972,-0.12399473786354065,0.8195083737373352,0.5716426968574524,-0.15177306532859802,0.890586256980896,0.5684044361114502,-0.17216061055660248,0.5950523018836975,0.45816323161125183,-0.09631650894880295,0.7110686302185059,0.4329361319541931,-0.13536816835403442,0.7914317846298218,0.4132869243621826,-0.16639095544815063,0.8630146980285645,0.39629238843917847,-0.18783362209796906,0.5517784953117371,0.3834954500198364,-0.11192948371171951,0.6208536624908447,0.30138155817985535,-0.15058304369449615,0.6684210896492004,0.2451981008052826,-0.17146062850952148,0.7146166563034058,0.19874858856201172,-0.184667706489563,Open palm
0.36984866857528687,0.4440612196922302,9.27161806885124e-07,0.3854844868183136,0.5701970458030701,-0.05417434498667717,0.4134899973869324,0.6892452239990234,-0.09472181648015976,0.4202866554260254,0.7971001863479614,-0.13329368829727173,0.419538676738739,0.8862862586975098,-0.17440535128116608,0.5771481990814209,0.6441525220870972,-0.083420030772686,0.6724028587341309,0.7294467687606812,-0.13154830038547516,0.7341771721839905,0.7756264209747314,-0.16590560972690582,0.7927190661430359,0.8110159039497375,-0.1911003440618515,0.6022018194198608,0.5669223666191101,-0.09079865366220474,0.7188183665275574,0.6140124797821045,-0.13375228643417358,0.79901522397995,0.6389100551605225,-0.16580790281295776,0.8697417974472046,0.6526886820793152,-0.18946562707424164,0.5946402549743652,0.48503220081329346,-0.10261492431163788,0.7097308039665222,0.480816125869751,-0.1441165953874588,0.7904543876647949,0.47996950149536133,-0.17706209421157837,0.8617275357246399,0.48145434260368347,-0.20046541094779968,0.5594521760940552,0.40483176708221436,-0.11870435625314713,0.6335325241088867,0.3304641842842102,-0.1592717170715332,0.6876541376113892,0.28442099690437317,-0.18192172050476074,0.738075315952301,0.2509043514728546,-0.1966705173254013,Open palm
0.41953521966934204,0.6637492179870605,6.998732828833454e-07,0.552936315536499,0.6713380813598633,-0.03430281952023506,0.673545241355896,0.629212498664856,-0.0488748662173748,0.7753866910934448,0.6035149693489075,-0.060686081647872925,0.8551543354988098,0.6124413013458252,-0.06981894373893738,0.5989186763763428,0.4077959656715393,0.012796117924153805,0.6417227387428284,0.27014556527137756,0.013797720894217491,0.671685516834259,0.29851579666137695,0.00400229636579752,0.6798372864723206,0.3453415036201477,-0.002016937592998147,0.5399702787399292,0.38111525774002075,0.024189015850424767,0.5783988833427429,0.2616996467113495,0.039678167551755905,0.6079400181770325,0.27806007862091064,0.0298848208039999,0.6171475052833557,0.30716216564178467,0.018782952800393105,0.48788928985595703,0.3800913393497467,0.03096705488860607,0.5192306637763977,0.29315105080604553,0.04517969489097595,0.5396838188171387,0.3077332377433777,0.04734210669994354,0.5481956005096436,0.342940092086792,0.044803619384765625,0.4508090019226074,0.40619713068008423,0.03320708125829697,0.472351610660553,0.32458892464637756,0.048021234571933746,0.48413705825805664,0.33847564458847046,0.06512191891670227,0.4838329553604126,0.3712959289550781,0.0770457461476326,Open palm
0.43705883622169495,0.6887375116348267,8.113749458971142e-07,0.5252919793128967,0.6219513416290283,-0.06585603952407837,0.5973989963531494,0.5310795307159424,-0.10900220274925232,0.6681602001190186,0.46415209770202637,-0.1492304503917694,0.7412710189819336,0.4271427392959595,-0.19369329512119293,0.4391155242919922,0.3836459517478943,-0.08678377419710159,0.4188295304775238,0.2447361797094345,-0.1306225061416626,0.4048769474029541,0.15675199031829834,-0.16415441036224365,0.3917927145957947,0.08065351843833923,-0.18951936066150665,0.3672625422477722,0.40682554244995117,-0.08827649801969528,0.3104950189590454,0.2710779309272766,-0.12301801145076752,0.27450740337371826,0.1842515766620636,-0.15136703848838806,0.24152185022830963,0.11365994811058044,-0.175113245844841,0.3169623017311096,0.4652325510978699,-0.09516123682260513,0.2458769679069519,0.3557787239551544,-0.1310589760541916,0.20258058607578278,0.29053598642349243,-0.15810969471931458,0.16635006666183472,0.23023146390914917,-0.17968182265758514,0.2896818518638611,0.5503338575363159,-0.10822869092226028,0.2081945389509201,0.5232375264167786,-0.14351171255111694,0.1568293273448944,0.5062286257743835,-0.16115128993988037,0.11421358585357666,0.48591187596321106,-0.17430371046066284,Open palm
0.43722352385520935,0.5911965370178223,9.766832818058901e-07,0.48740512132644653,0.49079155921936035,-0.06150320544838905,0.5142256021499634,0.3849353492259979,-0.10255303233861923,0.5489591956138611,0.3005048334598541,-0.1407708376646042,0.5944695472717285,0.2376362830400467,-0.1823703944683075,0.32877254486083984,0.32121846079826355,-0.08851456642150879,0.26714515686035156,0.20050004124641418,-0.13032399117946625,0.22515881061553955,0.12371435761451721,-0.1594497114419937,0.1851603239774704,0.05890625715255737,-0.18216505646705627,0.27509820461273193,0.3848905563354492,-0.09073084592819214,0.17622137069702148,0.29073992371559143,-0.12950067222118378,0.10630874335765839,0.2297576367855072,-0.16106045246124268,0.04556581377983093,0.18634255230426788,-0.1861235797405243,0.25558409094810486,0.46573877334594727,-0.09720396995544434,0.14557595551013947,0.42578983306884766,-0.13894839584827423,0.0687038004398346,0.40065011382102966,-0.17545104026794434,0.002979069948196411,0.37941017746925354,-0.20192672312259674,0.26324886083602905,0.5551244020462036,-0.10845575481653214,0.1760530173778534,0.5798640251159668,-0.15133558213710785,0.11732114851474762,0.6004852056503296,-0.17847351729869843,0.06362810730934143,0.6139423847198486,-0.19757235050201416,Open palm
0.44151967763900757,0.5141063928604126,1.0364627769376966e-06,0.46828997135162354,0.3969542384147644,-0.06721396744251251,0.4811006188392639,0.2811587452888489,-0.11949922889471054,0.509299635887146,0.17832109332084656,-0.16829408705234528,0.5371385812759399,0.08568771183490753,-0.22274459898471832,0.3033697009086609,0.28414615988731384,-0.11597717553377151,0.21659477055072784,0.17684561014175415,-0.17418549954891205,0.15563346445560455,0.10843580961227417,-0.2159445434808731,0.09926830232143402,0.05014842748641968,-0.24702613055706024,0.26213061809539795,0.3599544167518616,-0.1220322921872139,0.14477762579917908,0.2924797236919403,-0.1724897027015686,0.06462354958057404,0.2540755569934845,-0.2126833200454712,-0.006057828664779663,0.22817587852478027,-0.24454565346240997,0.2568269968032837,0.4486067295074463,-0.1315874308347702,0.14344222843647003,0.43788087368011475,-0.17969560623168945,0.06401455402374268,0.4311785399913788,-0.21835313737392426,-0.005117744207382202,0.42352932691574097,-0.24739761650562286,0.2807069420814514,0.5411791801452637,-0.14626862108707428,0.19678741693496704,0.5894348621368408,-0.19391098618507385,0.14091593027114868,0.6212950348854065,-0.2208734154701233,0.09048222005367279,0.6437525749206543,-0.23959289491176605,Open palm
0.46605294942855835,0.556929886341095,7.291171186807333e-07,0.4777337312698364,0.4320962131023407,-0.06328528374433517,0.469400554895401,0.3081837594509125,-0.10784221440553665,0.48172974586486816,0.19522134959697723,-0.14882425963878632,0.50423663854599,0.09598854184150696,-0.19524644315242767,0.3070281445980072,0.3495614230632782,-0.10575797408819199,0.20289352536201477,0.2791287302970886,-0.15546420216560364,0.13705292344093323,0.23632477223873138,-0.1906932145357132,0.07763996720314026,0.1986839473247528,-0.2178373634815216,0.27967798709869385,0.4356582462787628,-0.11199389398097992,0.14881907403469086,0.4126374125480652,-0.15544670820236206,0.06288447976112366,0.39971235394477844,-0.18980257213115692,-0.010812461376190186,0.39491432905197144,-0.21752220392227173,0.2898908853530884,0.5229005217552185,-0.12154144048690796,0.1745900809764862,0.5448386073112488,-0.16795209050178528,0.09656588733196259,0.5607734322547913,-0.20500348508358002,0.028253883123397827,0.5738689303398132,-0.23309928178787231,0.3283241391181946,0.6048885583877563,-0.1359848976135254,0.2660658359527588,0.6768253445625305,-0.1836186796426773,0.2275911569595337,0.7308862209320068,-0.20824286341667175,0.1946377456188202,0.7788074016571045,-0.22560320794582367,Open palm
0.5014533400535583,0.554914653301239,8.264681810032926e-07,0.4950903058052063,0.4428924322128296,-0.06163305416703224,0.47339314222335815,0.33738386631011963,-0.10830311477184296,0.4722956120967865,0.23351028561592102,-0.15182626247406006,0.4769275188446045,0.13238659501075745,-0.20132069289684296,0.3381859064102173,0.4198218882083893,-0.10934605449438095,0.23070409893989563,0.3823947608470917,-0.1609213650226593,0.16030162572860718,0.35967135429382324,-0.19728468358516693,0.09807772934436798,0.33943137526512146,-0.22422108054161072,0.3246881663799286,0.509340763092041,-0.11404899507761002,0.20647519826889038,0.5162210464477539,-0.15743790566921234,0.126101553440094,0.5316560864448547,-0.18971627950668335,0.05916908383369446,0.5508031845092773,-0.21627062559127808,0.3454044759273529,0.5919488668441772,-0.12166837602853775,0.2425193190574646,0.6332240104675293,-0.16274768114089966,0.17916391789913177,0.6676069498062134,-0.19059260189533234,0.12383534014225006,0.6950582265853882,-0.21269065141677856,0.38925376534461975,0.6651902198791504,-0.13428908586502075,0.3339305520057678,0.7383608818054199,-0.1754334717988968,0.30220428109169006,0.7853069305419922,-0.19373854994773865,0.2729066014289856,0.8233011364936829,-0.2066001445055008,Open palm
0.5531586408615112,0.4687924385070801,9.569155281496933e-07,0.5192812085151672,0.38144296407699585,-0.06795182079076767,0.474709689617157,0.306654691696167,-0.11676234006881714,0.4498876929283142,0.2141748070716858,-0.16127847135066986,0.42808642983436584,0.12067383527755737,-0.20961561799049377,0.3864017128944397,0.4635828733444214,-0.11077018827199936,0.2862943708896637,0.47765079140663147,-0.1623610258102417,0.2168649435043335,0.49110323190689087,-0.19829851388931274,0.1560554951429367,0.5071542263031006,-0.22489257156848907,0.39982548356056213,0.5523619651794434,-0.11041063070297241,0.3075202405452728,0.6240765452384949,-0.15428782999515533,0.2454414963722229,0.676678478717804,-0.18407036364078522,0.1964230090379715,0.7277438640594482,-0.2079945057630539,0.43727561831474304,0.6120692491531372,-0.11413507163524628,0.37172797322273254,0.7115284204483032,-0.15690021216869354,0.328470379114151,0.7810063362121582,-0.18577401340007782,0.2895103693008423,0.8406344652175903,-0.20732268691062927,0.48977458477020264,0.6447380781173706,-0.12360165268182755,0.4752865731716156,0.749036431312561,-0.16589289903640747,0.46889224648475647,0.8195123672485352,-0.1866367608308792,0.4602750539779663,0.8822364807128906,-0.2008783370256424,Open palm
0.5875780582427979,0.37262803316116333,1.0491708053450566e-06,0.524595320224762,0.31347131729125977,-0.060696449130773544,0.4555147886276245,0.26978206634521484,-0.10395094752311707,0.399506151676178,0.19786065816879272,-0.14442570507526398,0.35260725021362305,0.12523511052131653,-0.18684060871601105,0.38944950699806213,0.465098112821579,-0.08517304062843323,0.288335382938385,0.5082341432571411,-0.1329212188720703,0.22265858948230743,0.5398571491241455,-0.16866406798362732,0.165822371840477,0.5724496245384216,-0.19428054988384247,0.41841939091682434,0.5463310480117798,-0.08562178909778595,0.33130943775177,0.6385423541069031,-0.1252695918083191,0.2759454846382141,0.7051658034324646,-0.1549331098794937,0.2322252094745636,0.7662353515625,-0.17744629085063934,0.46423840522766113,0.594754159450531,-0.09106282889842987,0.4102605879306793,0.7077814340591431,-0.12822531163692474,0.37302935123443604,0.7845219373703003,-0.15497303009033203,0.3404043912887573,0.850023627281189,-0.17355404794216156,0.5205755829811096,0.6135267019271851,-0.10213794559240341,0.5146146416664124,0.7210765480995178,-0.13728585839271545,0.5128687620162964,0.7923629283905029,-0.15384584665298462,0.508227527141571,0.8563230037689209,-0.16387882828712463,Open palm
0.5016019344329834,0.38514524698257446,1.027443090606539e-06,0.4248032867908478,0.3515334725379944,-0.07124640792608261,0.3446739912033081,0.33739960193634033,-0.12023218721151352,0.2676805257797241,0.3046388626098633,-0.16403034329414368,0.20029129087924957,0.27073684334754944,-0.21098141372203827,0.36096882820129395,0.549140214920044,-0.10899356752634048,0.286998987197876,0.6568681001663208,-0.1600324809551239,0.24164839088916779,0.7293893098831177,-0.19510847330093384,0.20283307135105133,0.7934502959251404,-0.2203659564256668,0.41751405596733093,0.6062437891960144,-0.10669837892055511,0.37113502621650696,0.7483435273170471,-0.14956609904766083,0.3402009904384613,0.8434618711471558,-0.1793641299009323,0.3179590404033661,0.9243831038475037,-0.2028103917837143,0.47905170917510986,0.6220201253890991,-0.10914621502161026,0.4643517732620239,0.7671583294868469,-0.15149445831775665,0.4535096287727356,0.8594384789466858,-0.18131424486637115,0.44190627336502075,0.9395936727523804,-0.20333239436149597,0.5383400917053223,0.6031820178031921,-0.11740541458129883,0.5686664581298828,0.7022860050201416,-0.15958750247955322,0.5917074680328369,0.7642250061035156,-0.1806088387966156,0.609648585319519,0.823686957359314,-0.19473984837532043,Open palm
0.6957651376724243,0.7999093532562256,9.005694892039173e-07,0.596093475818634,0.8155617117881775,-0.05481627583503723,0.49805453419685364,0.7908368110656738,-0.09071125835180283,0.4130251407623291,0.7730353474617004,-0.12168963998556137,0.3373202085494995,0.7720661163330078,-0.15407265722751617,0.5155699253082275,0.5800051093101501,-0.07898342609405518,0.444909930229187,0.45417672395706177,-0.12104929238557816,0.3992615342140198,0.37450671195983887,-0.15021945536136627,0.361330509185791,0.30016544461250305,-0.17301537096500397,0.578056275844574,0.5345469117164612,-0.08426906913518906,0.5338600873947144,0.38588982820510864,-0.12283913046121597,0.5079332590103149,0.2823774814605713,-0.15071529150009155,0.4876692295074463,0.18928936123847961,-0.17294153571128845,0.6442770957946777,0.5285517573356628,-0.0948239117860794,0.6260871291160583,0.38422614336013794,-0.142635777592659,0.6136098504066467,0.287077397108078,-0.16993841528892517,0.5987624526023865,0.19779327511787415,-0.18860499560832977,0.7143247723579407,0.5506925582885742,-0.10888934135437012,0.7380133867263794,0.43897509574890137,-0.15780189633369446,0.752375602722168,0.3619832992553711,-0.1785382777452469,0.7599306106567383,0.2885379195213318,-0.19145651161670685,Open palm
0.745596170425415,0.7608680725097656,8.007922929209599e-07,0.6462658047676086,0.7918891310691833,-0.05351846665143967,0.5479798316955566,0.7858220338821411,-0.09012269973754883,0.4635755121707916,0.7831090688705444,-0.12232789397239685,0.38649678230285645,0.7911788821220398,-0.1567581593990326,0.5502788424491882,0.5844582915306091,-0.07765407860279083,0.4730508029460907,0.47844234108924866,-0.11910661309957504,0.42331379652023315,0.40891122817993164,-0.1482904553413391,0.3818625807762146,0.34362947940826416,-0.17059892416000366,0.607267439365387,0.5279532670974731,-0.08326110988855362,0.5533920526504517,0.3891693949699402,-0.12037895619869232,0.5210778713226318,0.2918570935726166,-0.14905725419521332,0.49620357155799866,0.20446696877479553,-0.1721060872077942,0.6705585718154907,0.5099090933799744,-0.09396664798259735,0.6460389494895935,0.37294232845306396,-0.13925883173942566,0.6278132200241089,0.2792928218841553,-0.16854935884475708,0.608841061592102,0.19480028748512268,-0.18907299637794495,0.7381726503372192,0.5193639993667603,-0.10803838074207306,0.7521827220916748,0.41022834181785583,-0.15250694751739502,0.760830819606781,0.33290302753448486,-0.1727345734834671,0.7646097540855408,0.2601330876350403,-0.1863909512758255,Open palm
0.7645501494407654,0.6975287199020386,8.140607974382874e-07,0.6816014647483826,0.7532271146774292,-0.053639862686395645,0.5905497670173645,0.7698214650154114,-0.08896689116954803,0.509770929813385,0.7857542037963867,-0.11973029375076294,0.4383305311203003,0.8096089959144592,-0.15226344764232635,0.5664837956428528,0.5835126638412476,-0.0769377052783966,0.47987085580825806,0.5022767186164856,-0.11706339567899704,0.4248707890510559,0.4495885372161865,-0.14472372829914093,0.37762773036956787,0.39746975898742676,-0.16617949306964874,0.6128562688827515,0.5154648423194885,-0.08156926184892654,0.5449268221855164,0.39903774857521057,-0.11867602169513702,0.5005136728286743,0.3148106336593628,-0.14595600962638855,0.4631373882293701,0.23687869310379028,-0.1678393930196762,0.6700695753097534,0.4817486107349396,-0.09120479971170425,0.6281077861785889,0.3599807024002075,-0.1378508359193802,0.5971480011940002,0.27844882011413574,-0.16531193256378174,0.56524658203125,0.2039157748222351,-0.18413889408111572,0.7355697154998779,0.47288423776626587,-0.10411731898784637,0.7369804382324219,0.3642820715904236,-0.15117575228214264,0.7371718287467957,0.28955259919166565,-0.17136138677597046,0.7314393520355225,0.22115597128868103,-0.18438388407230377,Open palm
0.7793885469436646,0.6414833664894104,7.77039133481594e-07,0.7072081565856934,0.7134239077568054,-0.05446839705109596,0.6238609552383423,0.7520220279693604,-0.08971746265888214,0.5492025017738342,0.7909475564956665,-0.12016348540782928,0.4818081259727478,0.8298157453536987,-0.15234780311584473,0.5739083290100098,0.5849605798721313,-0.0780506581068039,0.4758235812187195,0.5355458855628967,-0.11893870681524277,0.4129136800765991,0.499808669090271,-0.14671172201633453,0.359274685382843,0.4614916741847992,-0.16774649918079376,0.6090630888938904,0.5060144066810608,-0.0815858244895935,0.5249047875404358,0.41652432084083557,-0.11858101934194565,0.4683736562728882,0.35089725255966187,-0.14533983170986176,0.41890615224838257,0.2889900803565979,-0.1668265461921692,0.6597161293029785,0.4570782482624054,-0.09032272547483444,0.6018346548080444,0.35180628299713135,-0.136003315448761,0.5562263131141663,0.2810734212398529,-0.16362518072128296,0.510323703289032,0.2183636724948883,-0.18273164331912994,0.7212325930595398,0.43014073371887207,-0.10245727747678757,0.7065046429634094,0.32441550493240356,-0.14774754643440247,0.6934539079666138,0.2514979839324951,-0.16828717291355133,0.6744027733802795,0.18683966994285583,-0.18196290731430054,Open palm
0.7954003810882568,0.5507351756095886,8.46184263991745e-07,0.729778528213501,0.6472768187522888,-0.04821569845080376,0.6458687782287598,0.708380937576294,-0.08011546730995178,0.5771105289459229,0.7631343007087708,-0.10800399631261826,0.5175254344940186,0.8168419599533081,-0.13789395987987518,0.5683402419090271,0.5562219023704529,-0.0726938247680664,0.46360713243484497,0.5317479372024536,-0.1108623668551445,0.3980838656425476,0.5155741572380066,-0.13644400238990784,0.34170979261398315,0.4952746033668518,-0.15622352063655853,0.5902271866798401,0.47246846556663513,-0.07896969467401505,0.4909294843673706,0.3998827338218689,-0.11375844478607178,0.42584967613220215,0.3480066657066345,-0.14032746851444244,0.3696501553058624,0.2988601624965668,-0.16182351112365723,0.6323683261871338,0.41361239552497864,-0.08989547193050385,0.555050790309906,0.3231405019760132,-0.13377197086811066,0.5021840333938599,0.2671440839767456,-0.16324909031391144,0.45094144344329834,0.2177560031414032,-0.1843561977148056,0.6890903115272522,0.3740653395652771,-0.10338769108057022,0.6613759994506836,0.27214515209198,-0.14872682094573975,0.6407207250595093,0.2022276520729065,-0.17120681703090668,0.6160236597061157,0.1415737271308899,-0.18650658428668976,Open palm
0.8231032490730286,0.49156516790390015,8.006919642866706e-07,0.7712942957878113,0.6121160984039307,-0.040308140218257904,0.6949910521507263,0.7020600438117981,-0.07022538036108017,0.6344077587127686,0.7742511034011841,-0.09730377793312073,0.5861992239952087,0.8445093631744385,-0.12705102562904358,0.5975757241249084,0.5836963653564453,-0.06827335059642792,0.4944744408130646,0.5881063938140869,-0.10797153413295746,0.42995399236679077,0.5890617966651917,-0.13529187440872192,0.37282639741897583,0.5857177972793579,-0.15636834502220154,0.606532871723175,0.5003042817115784,-0.0797477662563324,0.5040148496627808,0.4569263756275177,-0.11710435152053833,0.43760165572166443,0.42676711082458496,-0.14449365437030792,0.37917396426200867,0.3980998396873474,-0.1660132259130478,0.6392800211906433,0.43383002281188965,-0.0952061116695404,0.5496534109115601,0.36758241057395935,-0.14140427112579346,0.4850896894931793,0.3273685574531555,-0.17111551761627197,0.4232734143733978,0.2919829487800598,-0.19239410758018494,0.6904407739639282,0.3852176070213318,-0.11235500127077103,0.6473364233970642,0.2940988540649414,-0.1607789546251297,0.6172739267349243,0.23106348514556885,-0.18294574320316315,0.5864713788032532,0.1774359941482544,-0.1974440962076187,Open palm
0.8235515356063843,0.44502151012420654,7.990319090822595e-07,0.7878656983375549,0.5664004683494568,-0.04116429388523102,0.7219918370246887,0.6669641733169556,-0.06900578737258911,0.665715754032135,0.7478324174880981,-0.09357885271310806,0.6286019086837769,0.830750048160553,-0.1198180615901947,0.6138390302658081,0.5783627033233643,-0.06540445983409882,0.5141859650611877,0.608662486076355,-0.10335707664489746,0.45225512981414795,0.6264736652374268,-0.1289052814245224,0.3968779444694519,0.6372518539428711,-0.14851395785808563,0.6100829243659973,0.4981415271759033,-0.07367023080587387,0.5079982280731201,0.489996999502182,-0.10927959531545639,0.4394974112510681,0.47747623920440674,-0.1339796483516693,0.3789350390434265,0.4610695242881775,-0.1529146283864975,0.6324488520622253,0.4259839653968811,-0.08610103279352188,0.5407084822654724,0.38784950971603394,-0.12860435247421265,0.4776603579521179,0.3660515546798706,-0.15429286658763885,0.4174741506576538,0.34553825855255127,-0.17240016162395477,0.6753646731376648,0.3632284998893738,-0.10073497146368027,0.625727653503418,0.28621190786361694,-0.14495179057121277,0.5864559412002563,0.2350424826145172,-0.16561610996723175,0.5470942258834839,0.1907919943332672,-0.17881010472774506,Open palm
0.7720527052879333,0.3626715838909149,7.933078904898139e-07,0.7574342489242554,0.48353299498558044,-0.034317124634981155,0.7141354084014893,0.5942671895027161,-0.05984622612595558,0.6778625249862671,0.6849513649940491,-0.08295753598213196,0.6549275517463684,0.763758659362793,-0.10797524452209473,0.5940361022949219,0.5516150593757629,-0.05967351794242859,0.5077944993972778,0.6134061217308044,-0.0964607298374176,0.4537016749382019,0.6515756845474243,-0.12189368158578873,0.404448539018631,0.6819132566452026,-0.14113005995750427,0.5771819353103638,0.48170408606529236,-0.06951563060283661,0.4771917462348938,0.5064411759376526,-0.10395331680774689,0.4109969139099121,0.520501434803009,-0.12869031727313995,0.35237306356430054,0.5313544273376465,-0.14702126383781433,0.5874422192573547,0.4106983244419098,-0.08272607624530792,0.49234724044799805,0.40595772862434387,-0.12412427365779877,0.4295755624771118,0.40546029806137085,-0.15095943212509155,0.37199753522872925,0.40720486640930176,-0.16902290284633636,0.6181846857070923,0.3411335349082947,-0.0972660481929779,0.5514247417449951,0.28394263982772827,-0.14118635654449463,0.5047128796577454,0.24672633409500122,-0.16205985844135284,0.46043556928634644,0.21826523542404175,-0.17464928328990936,Open palm
0.7403116226196289,0.3203505277633667,7.550437999270798e-07,0.7490509152412415,0.43756577372550964,-0.04002205282449722,0.7237774133682251,0.560027003288269,-0.06433353573083878,0.7010847926139832,0.6608447432518005,-0.08472032099962234,0.6879781484603882,0.7468404769897461,-0.10552382469177246,0.5917789340019226,0.5639504194259644,-0.05160762369632721,0.5203229188919067,0.6471685171127319,-0.08298550546169281,0.4745219945907593,0.700395405292511,-0.10569324344396591,0.4340379536151886,0.743338406085968,-0.12346047908067703,0.5636123418807983,0.5018060207366943,-0.0575065053999424,0.47221097350120544,0.5588914155960083,-0.08522794395685196,0.41177794337272644,0.5959961414337158,-0.10711212456226349,0.35998255014419556,0.6273410320281982,-0.12361770123243332,0.5600844621658325,0.4292064309120178,-0.06819315254688263,0.4671146273612976,0.46291032433509827,-0.10492733865976334,0.40638279914855957,0.4882909059524536,-0.13144314289093018,0.34999799728393555,0.5151463747024536,-0.14981967210769653,0.5763055682182312,0.3499242961406708,-0.08104776591062546,0.5047317743301392,0.320884108543396,-0.12257026135921478,0.45470917224884033,0.3041651248931885,-0.14438267052173615,0.40733596682548523,0.29514408111572266,-0.1579359769821167,Open palm
0.7025510668754578,0.3241664171218872,7.237678119054181e-07,0.7203130125999451,0.4361792206764221,-0.030868766829371452,0.7093409299850464,0.5594573020935059,-0.050673723220825195,0.6976302266120911,0.6538039445877075,-0.06836796551942825,0.6961207985877991,0.7284948825836182,-0.08711060136556625,0.5752246975898743,0.5918393135070801,-0.04082036018371582,0.5156241655349731,0.6866772174835205,-0.06878943741321564,0.4769798815250397,0.7485272884368896,-0.09046296030282974,0.4433301091194153,0.7969462275505066,-0.10743709653615952,0.5409916043281555,0.5383425354957581,-0.04967956244945526,0.45582473278045654,0.6111799478530884,-0.07322925329208374,0.4010811746120453,0.6610519886016846,-0.0930078849196434,0.3555237352848053,0.7021791934967041,-0.10813173651695251,0.5283271670341492,0.47049009799957275,-0.06281018257141113,0.4359297454357147,0.5210999250411987,-0.09330760687589645,0.3776193857192993,0.5578743815422058,-0.11668181419372559,0.32546740770339966,0.5928154587745667,-0.1336660385131836,0.5350773930549622,0.3933841586112976,-0.07786408811807632,0.46020084619522095,0.3792477250099182,-0.11292686313390732,0.4063778519630432,0.3793262243270874,-0.13200682401657104,0.3555682599544525,0.38402512669563293,-0.14424338936805725,Open palm
0.6557446122169495,0.7491461038589478,6.378948000929086e-07,0.593241810798645,0.7088462710380554,-0.036760613322257996,0.5511472821235657,0.638514518737793,-0.059086695313453674,0.5260151624679565,0.5747514963150024,-0.0777740553021431,0.4940893352031708,0.5263317227363586,-0.09719327092170715,0.6235731244087219,0.5111073851585388,-0.0495699942111969,0.6245801448822021,0.40756475925445557,-0.07480552047491074,0.6250292658805847,0.34470275044441223,-0.09297307580709457,0.6286466121673584,0.2874819040298462,-0.10725244879722595,0.6743633151054382,0.517970621585846,-0.052367568016052246,0.6979735493659973,0.41411569714546204,-0.07515161484479904,0.7174034118652344,0.347612202167511,-0.09397312998771667,0.736748993396759,0.2877185046672821,-0.10906757414340973,0.7133297324180603,0.5496808290481567,-0.058756593614816666,0.7540326118469238,0.46407550573349,-0.08856681734323502,0.7821467518806458,0.41086122393608093,-0.10963170975446701,0.8061485290527344,0.36095914244651794,-0.12419265508651733,0.7421752214431763,0.5981265306472778,-0.0673612579703331,0.7928177714347839,0.5496677160263062,-0.0993584394454956,0.8287689089775085,0.5218839049339294,-0.11490021646022797,0.859015941619873,0.4931850731372833,-0.12451294809579849,Open palm
0.6359649896621704,0.7586172819137573,6.022959269103012e-07,0.5757346749305725,0.708831787109375,-0.02916508913040161,0.537661075592041,0.6301320195198059,-0.04757321625947952,0.5172429084777832,0.5672332048416138,-0.06365229189395905,0.4869678020477295,0.5234385132789612,-0.08131237328052521,0.6165679097175598,0.515548825263977,-0.04467368870973587,0.6227892637252808,0.4099438786506653,-0.0681556686758995,0.6261131167411804,0.34571224451065063,-0.08499737828969955,0.6316187381744385,0.2886887788772583,-0.09838832914829254,0.6663654446601868,0.527916669845581,-0.050925638526678085,0.6958574056625366,0.42368918657302856,-0.07287053018808365,0.7184680104255676,0.3571665585041046,-0.09159816056489944,0.7397354245185852,0.298785537481308,-0.10654589533805847,0.703721821308136,0.5633051991462708,-0.05997021123766899,0.7502783536911011,0.47828954458236694,-0.08914069831371307,0.7821904420852661,0.42502105236053467,-0.11085454374551773,0.8089407682418823,0.3763349652290344,-0.1259029358625412,0.7303635478019714,0.6141610145568848,-0.07041800022125244,0.7842865586280823,0.5673326849937439,-0.10170786082744598,0.8217722177505493,0.54007887840271,-0.11702480167150497,0.8532588481903076,0.5126531720161438,-0.1266869753599167,Open palm
0.5924566388130188,0.7911494970321655,6.04389356340107e-07,0.5452722907066345,0.7247242331504822,-0.03313038870692253,0.5233306884765625,0.6402466297149658,-0.055095452815294266,0.5140781402587891,0.5737338662147522,-0.07393322885036469,0.49077552556991577,0.5200516581535339,-0.09432990103960037,0.6186152696609497,0.5638895630836487,-0.054175809025764465,0.6485989093780518,0.46586087346076965,-0.07986775040626526,0.665845513343811,0.40633219480514526,-0.0968465656042099,0.6835663318634033,0.3542979955673218,-0.10982869565486908,0.6661064624786377,0.5947865843772888,-0.058868151158094406,0.7164406776428223,0.5067958235740662,-0.08118143677711487,0.7520876526832581,0.4541695713996887,-0.098611019551754,0.7853797674179077,0.4109995365142822,-0.1128004863858223,0.6958850622177124,0.6438181400299072,-0.06618723273277283,0.7567942142486572,0.5844783186912537,-0.09576284885406494,0.7981271743774414,0.5522503852844238,-0.11544997990131378,0.833956778049469,0.5227779150009155,-0.129060760140419,0.711849570274353,0.7037216424942017,-0.0752020850777626,0.7720557451248169,0.6838250160217285,-0.10692618787288666,0.8125274777412415,0.6784589290618896,-0.12074057012796402,0.8475582599639893,0.671168327331543,-0.12906672060489655,Open palm
0.5510386228561401,0.7253209352493286,6.591658916477172e-07,0.5154008269309998,0.6472305655479431,-0.0380539633333683,0.5067384839057922,0.5582908987998962,-0.0603000707924366,0.5055099129676819,0.485706627368927,-0.07862800359725952,0.49332642555236816,0.4209979772567749,-0.09787000715732574,0.6183129549026489,0.5125434398651123,-0.05252064764499664,0.6639055609703064,0.4268404543399811,-0.07789847254753113,0.6903204321861267,0.37280887365341187,-0.0952811986207962,0.7160351276397705,0.32488659024238586,-0.1091683954000473,0.6565455198287964,0.5576973557472229,-0.05530932545661926,0.7208946943283081,0.49144503474235535,-0.07805154472589493,0.7635842561721802,0.4520105719566345,-0.09618345648050308,0.8028662204742432,0.41987690329551697,-0.11104586720466614,0.6734631657600403,0.6158797144889832,-0.06164778023958206,0.7419204115867615,0.579584002494812,-0.09395239502191544,0.7846528887748718,0.5605272054672241,-0.11425385624170303,0.8230311870574951,0.5404497981071472,-0.12797698378562927,0.6742966175079346,0.6813803315162659,-0.07014185190200806,0.7340502738952637,0.6842601299285889,-0.10605598986148834,0.7727192640304565,0.6932787895202637,-0.12154117971658707,0.8075722455978394,0.6973982453346252,-0.1305721551179886,Open palm
0.5481659770011902,0.6509445309638977,7.011176990090462e-07,0.5329471230506897,0.5624834299087524,-0.03997829556465149,0.5474172234535217,0.4731545150279999,-0.06485780328512192,0.5645349621772766,0.39872169494628906,-0.08577580749988556,0.5642762184143066,0.3274818956851959,-0.10807565599679947,0.6678150296211243,0.46860840916633606,-0.05797000229358673,0.7329633235931396,0.39758002758026123,-0.08647072315216064,0.7728317975997925,0.35410621762275696,-0.10541446506977081,0.8100966811180115,0.31776362657546997,-0.11975160241127014,0.6969204545021057,0.5269958972930908,-0.060560040175914764,0.7789944410324097,0.48357078433036804,-0.08598499745130539,0.8330543637275696,0.4586960971355438,-0.10549059510231018,0.8804246187210083,0.44090765714645386,-0.12067141383886337,0.7024945616722107,0.589657187461853,-0.06664407253265381,0.7791794538497925,0.578177273273468,-0.10015498846769333,0.8292399644851685,0.5750522613525391,-0.12244254350662231,0.8735050559043884,0.5706267356872559,-0.13723507523536682,0.6910822987556458,0.653006374835968,-0.07493358850479126,0.7516122460365295,0.6804774403572083,-0.1108834519982338,0.7895527482032776,0.7047978639602661,-0.127247616648674,0.8241405487060547,0.7231398820877075,-0.13682983815670013,Open palm
0.5676941275596619,0.6402382850646973,7.211116326288902e-07,0.5755066871643066,0.5582761168479919,-0.045268550515174866,0.6019331216812134,0.4844464063644409,-0.07605309784412384,0.6287679672241211,0.42584753036499023,-0.10180589556694031,0.6524023413658142,0.36874526739120483,-0.12867148220539093,0.7266343235969543,0.5281352400779724,-0.06959011405706406,0.8055850267410278,0.49032652378082275,-0.1017872616648674,0.8564329147338867,0.46727821230888367,-0.12351566553115845,0.9024404287338257,0.45301899313926697,-0.13957266509532928,0.7422276735305786,0.5972343683242798,-0.07057809829711914,0.8314688205718994,0.5921325087547302,-0.09868798404932022,0.8899422883987427,0.5956211090087891,-0.12002014368772507,0.941234827041626,0.6035957932472229,-0.13695630431175232,0.7325066924095154,0.6600419878959656,-0.07503685355186462,0.8106720447540283,0.688607931137085,-0.11014210432767868,0.8597246408462524,0.7123538851737976,-0.1341128796339035,0.9020429849624634,0.7322558164596558,-0.15063197910785675,0.7053304314613342,0.7157653570175171,-0.0820172056555748,0.7566369771957397,0.7742877006530762,-0.11877338588237762,0.7868638634681702,0.8191432356834412,-0.13632817566394806,0.8147842884063721,0.8566251993179321,-0.14709368348121643,Open palm
0.5764115452766418,0.6052612662315369,7.903439041001548e-07,0.6119035482406616,0.5453183650970459,-0.04439740255475044,0.6593351364135742,0.4972551465034485,-0.07411806285381317,0.7022034525871277,0.45819950103759766,-0.09950491786003113,0.7370491027832031,0.41503527760505676,-0.12546087801456451,0.7596734166145325,0.609169065952301,-0.06452174484729767,0.8459035754203796,0.6217907667160034,-0.0957091748714447,0.8983317613601685,0.6323512196540833,-0.11642621457576752,0.9433121085166931,0.6470470428466797,-0.13126708567142487,0.7510903477668762,0.6754543781280518,-0.0648081824183464,0.8318899273872375,0.7276554703712463,-0.09179741889238358,0.8817950487136841,0.7722533345222473,-0.11182165145874023,0.9205275177955627,0.8143655061721802,-0.12684553861618042,0.7212562561035156,0.7243306636810303,-0.06879697740077972,0.7764238119125366,0.7934045791625977,-0.10210985690355301,0.8058429956436157,0.8437460660934448,-0.1247323527932167,0.8285049200057983,0.8869478702545166,-0.1391211599111557,0.6762768030166626,0.759198784828186,-0.07564523816108704,0.6989406943321228,0.8394356966018677,-0.11046671867370605,0.7091080546379089,0.8958380818367004,-0.1270975023508072,0.7169386148452759,0.9442130327224731,-0.13624197244644165,Open palm
0.6054298281669617,0.593002200126648,7.051801844681904e-07,0.6528670787811279,0.5492547154426575,-0.04659006744623184,0.709176242351532,0.521743655204773,-0.08003172278404236,0.7579729557037354,0.5052598714828491,-0.10821796953678131,0.8022132515907288,0.4807480573654175,-0.1380474716424942,0.7737706303596497,0.6761084198951721,-0.07764261215925217,0.8515955209732056,0.7266924977302551,-0.11327512562274933,0.9001488089561462,0.759358286857605,-0.13735175132751465,0.9406172633171082,0.7913618683815002,-0.1549098938703537,0.7438233494758606,0.7351444363594055,-0.07894480228424072,0.8072305917739868,0.8123366832733154,-0.10964354872703552,0.8427722454071045,0.8663577437400818,-0.13165923953056335,0.8719664216041565,0.9146698117256165,-0.14933818578720093,0.6995282769203186,0.7670366764068604,-0.08360712230205536,0.7386062741279602,0.8571827411651611,-0.11963830143213272,0.759540319442749,0.9199939966201782,-0.14346939325332642,0.7788545489311218,0.9727460741996765,-0.1605926752090454,0.6467540264129639,0.7782229781150818,-0.0909493938088417,0.6531212329864502,0.8683017492294312,-0.1284392923116684,0.6500256657600403,0.9265382885932922,-0.14581185579299927,0.6495970487594604,0.9751091599464417,-0.15684056282043457,Open palm
0.6176974177360535,0.6084213852882385,7.160447808018944e-07,0.6699004769325256,0.5687887072563171,-0.051345404237508774,0.7275681495666504,0.5466355681419373,-0.088868647813797,0.7789508104324341,0.5358893871307373,-0.12044621258974075,0.8266250491142273,0.5188748240470886,-0.15426911413669586,0.767038881778717,0.7117201685905457,-0.09078871458768845,0.8399474620819092,0.7795925140380859,-0.1306154578924179,0.8848260045051575,0.8261244893074036,-0.15620672702789307,0.9209010601043701,0.8693855404853821,-0.1747758984565735,0.7297081351280212,0.7657131552696228,-0.09193054586648941,0.7857843637466431,0.8606564402580261,-0.12698443233966827,0.8168814182281494,0.9273837208747864,-0.15093667805194855,0.8405618667602539,0.9888186454772949,-0.16991710662841797,0.6809752583503723,0.7880390882492065,-0.09616686403751373,0.708903968334198,0.8874950408935547,-0.13633254170417786,0.720894992351532,0.9611610770225525,-0.1625150889158249,0.731351912021637,1.0268208980560303,-0.1812562644481659,0.625740647315979,0.7877392172813416,-0.10329752415418625,0.6180118322372437,0.8724982738494873,-0.14589646458625793,0.6049139499664307,0.9271668791770935,-0.1657055765390396,0.5954625010490417,0.9763430953025818,-0.178132563829422,Open palm
0.6149477362632751,0.619252622127533,6.966979526623618e-07,0.6682059168815613,0.5972824096679688,-0.049687404185533524,0.7250303626060486,0.5879864692687988,-0.08774789422750473,0.7761504650115967,0.5862089395523071,-0.1201360896229744,0.8248111009597778,0.5808873176574707,-0.15542064607143402,0.7322952151298523,0.7508183717727661,-0.09421911090612411,0.7898382544517517,0.8374263048171997,-0.1360204815864563,0.8262810707092285,0.8961899280548096,-0.16306504607200623,0.8546233773231506,0.9478328227996826,-0.18229684233665466,0.6881288886070251,0.7927054762840271,-0.0973493754863739,0.7253729701042175,0.9034616947174072,-0.13241752982139587,0.7425443530082703,0.9789371490478516,-0.15594473481178284,0.7516918182373047,1.0460474491119385,-0.17503458261489868,0.6379180550575256,0.8003180623054504,-0.10317674279212952,0.645862340927124,0.9099574685096741,-0.14395932853221893,0.6432317495346069,0.987680971622467,-0.1705072522163391,0.6393512487411499,1.0551584959030151,-0.19004559516906738,0.5851336717605591,0.7805949449539185,-0.11167999356985092,0.5589044094085693,0.8562275171279907,-0.15649506449699402,0.5335241556167603,0.9061533212661743,-0.1771576702594757,0.5114433765411377,0.9509461522102356,-0.1903078407049179,Open palm
0.5890253186225891,0.6832926273345947,5.881063316337531e-07,0.6406569480895996,0.6741597652435303,-0.06182911619544029,0.6984609961509705,0.6872910261154175,-0.10696757584810257,0.7526097297668457,0.7053626775741577,-0.1439528465270996,0.8092890381813049,0.720647931098938,-0.18314747512340546,0.6723217964172363,0.8341516256332397,-0.11811964213848114,0.7112934589385986,0.9359923005104065,-0.1647888869047165,0.7300113439559937,1.0010340213775635,-0.1940719187259674,0.74361252784729,1.0572082996368408,-0.21555474400520325,0.619491457939148,0.8592938184738159,-0.11563140153884888,0.6372326016426086,0.9652491211891174,-0.1565590649843216,0.6411745548248291,1.0278819799423218,-0.18196536600589752,0.6395453214645386,1.0856684446334839,-0.2032843977212906,0.5673719644546509,0.8509208559989929,-0.1156073659658432,0.5593351125717163,0.9428793787956238,-0.16091600060462952,0.5442166924476624,0.9991453289985657,-0.18679994344711304,0.5278481245040894,1.0480859279632568,-0.2065795660018921,0.5169497728347778,0.8164177536964417,-0.11914978176355362,0.47478294372558594,0.8735567331314087,-0.16804233193397522,0.44114449620246887,0.9068001508712769,-0.1917073130607605,0.4106558561325073,0.9379979372024536,-0.20772135257720947,Open palm
0.5495399236679077,0.6953333616256714,5.11229416133574e-07,0.6048630475997925,0.6893817782402039,-0.05822061002254486,0.664371132850647,0.7130703330039978,-0.09834261983633041,0.7155006527900696,0.745482325553894,-0.13069090247154236,0.7685034275054932,0.7742766737937927,-0.16472218930721283,0.613435685634613,0.8437154293060303,-0.10960935801267624,0.6376916766166687,0.9474090933799744,-0.1494431495666504,0.644111692905426,1.0117194652557373,-0.17353080213069916,0.6457578539848328,1.0689826011657715,-0.19168806076049805,0.5586369037628174,0.8611367344856262,-0.10586103051900864,0.561606764793396,0.9626867771148682,-0.140764057636261,0.5523460507392883,1.0234999656677246,-0.16135254502296448,0.5365605354309082,1.0736618041992188,-0.17956972122192383,0.5088404417037964,0.8461365699768066,-0.10426922887563705,0.48950472474098206,0.9233651161193848,-0.14615291357040405,0.46288055181503296,0.9690742492675781,-0.1697269231081009,0.4344499707221985,1.0016859769821167,-0.18741363286972046,0.4637416899204254,0.8066939115524292,-0.10600345581769943,0.4155408442020416,0.8460595607757568,-0.1534266173839569,0.37723562121391296,0.86747145652771,-0.17669832706451416,0.34107792377471924,0.8833200931549072,-0.1920945793390274,Open palm
0.5229181051254272,0.7104791402816772,6.392898512785905e-07,0.5864316821098328,0.7017030715942383,-0.07705994695425034,0.6415745615959167,0.7362130880355835,-0.1280789077281952,0.6806921362876892,0.7831544876098633,-0.16799575090408325,0.7299979329109192,0.8232947587966919,-0.2101113647222519,0.569024384021759,0.8514024615287781,-0.14149455726146698,0.5772980451583862,0.9545222520828247,-0.19181707501411438,0.5734158158302307,1.0183955430984497,-0.22266410291194916,0.5657133460044861,1.0751698017120361,-0.24583427608013153,0.5077769160270691,0.8591553568840027,-0.132045716047287,0.49291738867759705,0.9603965878486633,-0.1793522834777832,0.47415050864219666,1.015134572982788,-0.20743529498577118,0.45007550716400146,1.054700255393982,-0.23114678263664246,0.45747441053390503,0.8353466987609863,-0.12522637844085693,0.4280710220336914,0.9095059633255005,-0.17845475673675537,0.3979823589324951,0.9361183643341064,-0.20717093348503113,0.3662662208080292,0.9460867643356323,-0.22772999107837677,0.4173966646194458,0.7887436151504517,-0.12278731167316437,0.3648497462272644,0.8173094987869263,-0.17912909388542175,0.32350578904151917,0.8251331448554993,-0.20792169868946075,0.2842148542404175,0.8257784247398376,-0.22737433016300201,Open palm
0.5338930487632751,0.725490152835846,5.969713470221905e-07,0.5972811579704285,0.7161830067634583,-0.07750111073255539,0.6506617665290833,0.7466076612472534,-0.13116507232189178,0.6907461285591125,0.7900639176368713,-0.17399048805236816,0.7410856485366821,0.8282846808433533,-0.21950355172157288,0.5769506692886353,0.8549824953079224,-0.14506350457668304,0.5845349431037903,0.9533674716949463,-0.19683101773262024,0.5799463987350464,1.0061017274856567,-0.22880159318447113,0.5706784725189209,1.0524671077728271,-0.2520175576210022,0.5163906216621399,0.8598414659500122,-0.13558104634284973,0.49995726346969604,0.9550395011901855,-0.18451260030269623,0.47915345430374146,1.000516414642334,-0.21398834884166718,0.4534209966659546,1.026595115661621,-0.23854555189609528,0.4670337736606598,0.835667073726654,-0.128590390086174,0.43745672702789307,0.907757580280304,-0.18143436312675476,0.4107085168361664,0.9300394058227539,-0.21158480644226074,0.3834502100944519,0.9309216141700745,-0.23344320058822632,0.4283326268196106,0.7902692556381226,-0.12590184807777405,0.3776227831840515,0.8184101581573486,-0.17996585369110107,0.33890029788017273,0.8253111243247986,-0.20885376632213593,0.3030327558517456,0.8209254741668701,-0.22917166352272034,Open palm
0.5647085309028625,0.6728062033653259,2.2791410003719648e-07,0.5984798073768616,0.6893196702003479,-0.016292767599225044,0.6305332183837891,0.7186789512634277,-0.027265608310699463,0.6564981341362,0.7434093952178955,-0.037219129502773285,0.6805577278137207,0.7606123089790344,-0.04754727706313133,0.60306316614151,0.7809826135635376,-0.024729793891310692,0.6189358830451965,0.832805335521698,-0.038620565086603165,0.6284098625183105,0.864199697971344,-0.0476534366607666,0.6353545188903809,0.8918606638908386,-0.05421196296811104,0.5775362849235535,0.7842968702316284,-0.02698715776205063,0.581900954246521,0.8367311358451843,-0.03990594670176506,0.5829423069953918,0.8708909749984741,-0.049172062426805496,0.5832688212394714,0.9009950160980225,-0.05610242858529091,0.5532429218292236,0.7756031155586243,-0.030761336907744408,0.5483747124671936,0.8187928795814514,-0.04750782251358032,0.5458664894104004,0.8468800783157349,-0.057049959897994995,0.5445126295089722,0.8728916049003601,-0.06273952126502991,0.5299821496009827,0.7577282190322876,-0.03540804237127304,0.5108993053436279,0.7897952198982239,-0.051744863390922546,0.49617698788642883,0.8084360957145691,-0.05850571393966675,0.48374143242836,0.8256160020828247,-0.06212608143687248,Open palm
0.5685873627662659,0.6681980490684509,3.447697451974818e-07,0.6027709245681763,0.6867596507072449,-0.016757728531956673,0.6347484588623047,0.7166444063186646,-0.029253410175442696,0.6611806750297546,0.7428985834121704,-0.040413130074739456,0.6845051646232605,0.763161301612854,-0.051750533282756805,0.6129308938980103,0.7912822961807251,-0.025311917066574097,0.6292787790298462,0.8493266105651855,-0.041325755417346954,0.6394055485725403,0.8848747611045837,-0.05244775488972664,0.6468605399131775,0.9144335985183716,-0.05999412760138512,0.5886539816856384,0.7976579070091248,-0.02827342227101326,0.5936287641525269,0.862468421459198,-0.04204747825860977,0.5969035029411316,0.9030035734176636,-0.05196944624185562,0.5997324585914612,0.9355751276016235,-0.05879834666848183,0.5639442801475525,0.7910918593406677,-0.032973047345876694,0.5615595579147339,0.847563624382019,-0.0482565276324749,0.5617277026176453,0.8841396570205688,-0.057530879974365234,0.562961220741272,0.9153280258178711,-0.06349071860313416,0.539152979850769,0.773578941822052,-0.03873927518725395,0.5220470428466797,0.8135273456573486,-0.05317164957523346,0.5106264352798462,0.8396139144897461,-0.058871496468782425,0.5018346309661865,0.8630324006080627,-0.061826229095458984,Open palm
0.568490207195282,0.6807149052619934,2.7013223302674305e-07,0.6039578318595886,0.7026044726371765,-0.014662095345556736,0.6384697556495667,0.7388403415679932,-0.023794710636138916,0.6649173498153687,0.7683469653129578,-0.03214916214346886,0.6872454881668091,0.7922057509422302,-0.040692683309316635,0.6163510084152222,0.8168332576751709,-0.015893686562776566,0.6339041590690613,0.8746844530105591,-0.02965657040476799,0.645317018032074,0.91092848777771,-0.04030850902199745,0.6537728905677795,0.9399957656860352,-0.04783523082733154,0.5927402973175049,0.8257209062576294,-0.019061440601944923,0.6000102162361145,0.8919351100921631,-0.030234085395932198,0.6041733026504517,0.9330796003341675,-0.039475101977586746,0.6071574091911316,0.9653856754302979,-0.04612214118242264,0.56820148229599,0.8215354681015015,-0.024438761174678802,0.5687282681465149,0.8819782137870789,-0.037050653249025345,0.5708617568016052,0.9203283786773682,-0.045665040612220764,0.5732020139694214,0.951866090297699,-0.05179618299007416,0.5431543588638306,0.8058376908302307,-0.031077926978468895,0.5283178091049194,0.8455621004104614,-0.042753081768751144,0.5180476307868958,0.8730387687683105,-0.04786074534058571,0.5094048976898193,0.8970458507537842,-0.05111829191446304,Open palm
0.5732613205909729,0.6848458647727966,2.6870984015658905e-07,0.607604444026947,0.7071909308433533,-0.015556324273347855,0.6417269110679626,0.7419083118438721,-0.02601475641131401,0.6677123308181763,0.772129237651825,-0.035660699009895325,0.689207911491394,0.7971524596214294,-0.04550015926361084,0.6195276975631714,0.8220592141151428,-0.017817771062254906,0.6357883810997009,0.8776700496673584,-0.03311533480882645,0.6464309096336365,0.9120761752128601,-0.045049943029880524,0.654107391834259,0.9413256049156189,-0.05347001180052757,0.5956583023071289,0.8301652669906616,-0.02109842747449875,0.6010844707489014,0.8944588303565979,-0.03373778983950615,0.6044856309890747,0.9343551397323608,-0.0436449758708477,0.6073129177093506,0.9673329591751099,-0.0508563369512558,0.5713397264480591,0.825657844543457,-0.026716584339737892,0.5707308053970337,0.8851174116134644,-0.040419504046440125,0.5727527737617493,0.9230186939239502,-0.04909243434667587,0.575505256652832,0.9551324844360352,-0.055252380669116974,0.546779453754425,0.809855580329895,-0.03373149409890175,0.5311228036880493,0.8511728048324585,-0.0461653433740139,0.5205631852149963,0.8800313472747803,-0.051608048379421234,0.5120068788528442,0.9058123826980591,-0.05512886866927147,Open palm
0.5834043025970459,0.7589642405509949,1.6679724978985178e-07,0.6180160641670227,0.7666322588920593,-0.01521438080817461,0.6529732346534729,0.7854862213134766,-0.025853998959064484,0.6816699504852295,0.8019257187843323,-0.03573021665215492,0.7080202698707581,0.8137750625610352,-0.046224113553762436,0.6258771419525146,0.8354756236076355,-0.025388458743691444,0.6474449634552002,0.8787782192230225,-0.038155775517225266,0.6592206954956055,0.9062177538871765,-0.04627009853720665,0.6673804521560669,0.930820643901825,-0.05264723300933838,0.6002325415611267,0.8438602685928345,-0.028267385438084602,0.6076693534851074,0.8868600726127625,-0.03994271904230118,0.612227201461792,0.9172473549842834,-0.04791184887290001,0.6150195598602295,0.9440324306488037,-0.05468657612800598,0.5750777721405029,0.8400845527648926,-0.03242343291640282,0.5712310075759888,0.875771164894104,-0.04891933128237724,0.5707392692565918,0.9006211161613464,-0.0579068586230278,0.570338249206543,0.9243272542953491,-0.06400976330041885,0.5509694218635559,0.8263978362083435,-0.037352584302425385,0.5310518145561218,0.8499199151992798,-0.05464956909418106,0.5174895524978638,0.8652167320251465,-0.061867088079452515,0.5055097341537476,0.8807724118232727,-0.06635957211256027,Open palm
0.5854763388633728,0.7569781541824341,1.3413730926004064e-07,0.6217879056930542,0.7602637410163879,-0.014177017845213413,0.6585798263549805,0.7745394110679626,-0.0256436076015234,0.6887442469596863,0.7870604395866394,-0.036513254046440125,0.7161506414413452,0.7966970801353455,-0.04815538600087166,0.6303611993789673,0.8167358636856079,-0.029532460495829582,0.6497400999069214,0.850370466709137,-0.04345660284161568,0.6622578501701355,0.86887526512146,-0.051530782133340836,0.6722283959388733,0.8856306076049805,-0.05765320733189583,0.6044415831565857,0.826156497001648,-0.03331008180975914,0.6094317436218262,0.862444281578064,-0.04620569944381714,0.6131998896598816,0.886787474155426,-0.053838100284338,0.6151660680770874,0.9093778133392334,-0.06064285710453987,0.5790553092956543,0.8233731985092163,-0.037902962416410446,0.5753218531608582,0.8559486269950867,-0.05652325227856636,0.573760986328125,0.8717458248138428,-0.06534603238105774,0.5727005004882812,0.8882441520690918,-0.0714358314871788,0.5548598766326904,0.8100188970565796,-0.04282832145690918,0.5338661074638367,0.8288175463676453,-0.062498435378074646,0.5190731287002563,0.8395200371742249,-0.06988483667373657,0.5064547657966614,0.8508631587028503,-0.07447165995836258,Open palm
0.6056588888168335,0.7577573657035828,2.450889269312029e-07,0.6296344995498657,0.7574966549873352,-0.025662321597337723,0.6498754024505615,0.7692254185676575,-0.04523232951760292,0.6663588881492615,0.7785742878913879,-0.061748430132865906,0.6878092288970947,0.7843884229660034,-0.07926061749458313,0.6075204610824585,0.8146515488624573,-0.04567563533782959,0.6025865077972412,0.8412193655967712,-0.06116509810090065,0.5978895425796509,0.8572134375572205,-0.07158011943101883,0.5896827578544617,0.872718870639801,-0.07938024401664734,0.579902708530426,0.8179734349250793,-0.04334404319524765,0.563061535358429,0.8512673377990723,-0.055501632392406464,0.5489816665649414,0.8704758286476135,-0.06240896135568619,0.5333240628242493,0.8860853910446167,-0.06922069936990738,0.5584361553192139,0.8095144033432007,-0.04205869510769844,0.532640814781189,0.8366675972938538,-0.05513579398393631,0.5135995149612427,0.8473771214485168,-0.06289231032133102,0.49671056866645813,0.8556845188140869,-0.06906253099441528,0.542354941368103,0.7915889024734497,-0.042510852217674255,0.5121780633926392,0.8084065318107605,-0.054028406739234924,0.49034732580184937,0.8153212070465088,-0.05898648127913475,0.47078418731689453,0.821368396282196,-0.06310942769050598,Open palm
0.6027711629867554,0.7584740519523621,3.5618003835224954e-07,0.6179889440536499,0.7592628598213196,-0.04169951379299164,0.6251891255378723,0.7691654562950134,-0.07028309255838394,0.6282649040222168,0.7784287929534912,-0.09245279431343079,0.6390369534492493,0.7917784452438354,-0.1149759441614151,0.5682497024536133,0.8080917000770569,-0.06464878469705582,0.5473626852035522,0.8318895101547241,-0.09006363898515701,0.5302097797393799,0.8460785150527954,-0.10774862766265869,0.513552725315094,0.8571608662605286,-0.11994443088769913,0.5445990562438965,0.8061999678611755,-0.05551919713616371,0.514067530632019,0.8373855948448181,-0.07787251472473145,0.49105340242385864,0.851121723651886,-0.0906534492969513,0.4704919159412384,0.8616450428962708,-0.10040680319070816,0.5294327139854431,0.7967718839645386,-0.04855860769748688,0.4961942434310913,0.821733832359314,-0.06798727810382843,0.47235509753227234,0.8330532908439636,-0.0790284126996994,0.45107510685920715,0.8427404761314392,-0.08694355934858322,0.5214166641235352,0.7806337475776672,-0.044620007276535034,0.4885854125022888,0.7897162437438965,-0.05840005353093147,0.46597838401794434,0.7914667725563049,-0.06566885113716125,0.4460717737674713,0.7941809296607971,-0.07162953168153763,Open palm
0.5740292072296143,0.7602797746658325,4.4021101075486513e-07,0.5848740935325623,0.7642938494682312,-0.046106334775686264,0.5868231654167175,0.7787560224533081,-0.07534684985876083,0.5807462930679321,0.7857910394668579,-0.09694792330265045,0.5752732753753662,0.7902907133102417,-0.11816800385713577,0.5321381092071533,0.808700442314148,-0.06636769324541092,0.506899893283844,0.8255131244659424,-0.09188475459814072,0.4848666787147522,0.8346190452575684,-0.10948450863361359,0.4644711911678314,0.8395674228668213,-0.12129082530736923,0.5130964517593384,0.7997916340827942,-0.0542977973818779,0.4784257709980011,0.8211404085159302,-0.07690417021512985,0.45143043994903564,0.8309791684150696,-0.08991804718971252,0.4287160038948059,0.8376978039741516,-0.09926897287368774,0.5031912326812744,0.7860823273658752,-0.044826168566942215,0.4687538146972656,0.8007602691650391,-0.06440446525812149,0.44289472699165344,0.8045867681503296,-0.07505239546298981,0.4208136200904846,0.8079015612602234,-0.08226890116930008,0.5003925561904907,0.7681581377983093,-0.038732532411813736,0.472805380821228,0.7707431316375732,-0.05346917733550072,0.45249584317207336,0.7702170014381409,-0.06122392788529396,0.4354524612426758,0.7708725333213806,-0.06703115999698639,Open palm
0.5730244517326355,0.7621743083000183,3.518069888741593e-07,0.578212320804596,0.76779705286026,-0.03846103325486183,0.5747784972190857,0.7784438729286194,-0.06211411580443382,0.5655427575111389,0.7837717533111572,-0.07986262440681458,0.5582275390625,0.797223687171936,-0.09665603935718536,0.5142276883125305,0.793172299861908,-0.051338113844394684,0.48112040758132935,0.8070905208587646,-0.0726076066493988,0.4569176733493805,0.813646674156189,-0.08742541074752808,0.43492525815963745,0.8158174157142639,-0.09686978906393051,0.5013187527656555,0.7844313383102417,-0.04178399220108986,0.46454375982284546,0.7995284795761108,-0.061333633959293365,0.43668127059936523,0.8057981133460999,-0.07357887923717499,0.41149312257766724,0.8095335364341736,-0.0818595290184021,0.4944682717323303,0.7759544253349304,-0.03462434932589531,0.4589293599128723,0.786743700504303,-0.05047210305929184,0.43334999680519104,0.7898474335670471,-0.0603996217250824,0.4103448987007141,0.7908982038497925,-0.06665202230215073,0.4922555983066559,0.7680161595344543,-0.030578574165701866,0.4615730047225952,0.7733306288719177,-0.0418250747025013,0.43939414620399475,0.7736119627952576,-0.04836992546916008,0.41984349489212036,0.7721003890037537,-0.052764326333999634,Open palm
0.5915334820747375,0.7465886473655701,3.272838000611955e-07,0.6115363836288452,0.7507923245429993,-0.036337245255708694,0.6229149103164673,0.768859326839447,-0.060805581510066986,0.6312264800071716,0.78586745262146,-0.08035784959793091,0.6434470415115356,0.8048258423805237,-0.10036005824804306,0.5659794211387634,0.8124678730964661,-0.05415348708629608,0.5463699102401733,0.8421734571456909,-0.07526049762964249,0.5307009220123291,0.8549718260765076,-0.08994600176811218,0.5161028504371643,0.8633154034614563,-0.0997028574347496,0.5418897867202759,0.8053895235061646,-0.04700804501771927,0.5137580037117004,0.8368206024169922,-0.06465449929237366,0.49299877882003784,0.8515313863754272,-0.0756620466709137,0.4752030372619629,0.8620772957801819,-0.08432845771312714,0.5262474417686462,0.7916269302368164,-0.04202806577086449,0.49402886629104614,0.8155149221420288,-0.05718417465686798,0.47241726517677307,0.8249536752700806,-0.06625046581029892,0.45392924547195435,0.8318254947662354,-0.07293396443128586,0.517633318901062,0.7728127241134644,-0.03990933671593666,0.48650825023651123,0.7855643033981323,-0.05113181844353676,0.46607330441474915,0.7889830470085144,-0.056609805673360825,0.4488320052623749,0.7922685742378235,-0.061018623411655426,Open palm
0.6226698756217957,0.7229179739952087,1.4315864405034517e-07,0.6595838665962219,0.7318427562713623,-0.014533871784806252,0.6962504982948303,0.7530348896980286,-0.02631070278584957,0.7268447875976562,0.7681441903114319,-0.03749455511569977,0.754245400428772,0.7796768546104431,-0.05019599199295044,0.673825740814209,0.8022619485855103,-0.02874279022216797,0.6991833448410034,0.8393644094467163,-0.046411171555519104,0.7161537408828735,0.8621293902397156,-0.05908091738820076,0.7305763959884644,0.8810084462165833,-0.0681583508849144,0.650080144405365,0.8137161135673523,-0.03330789878964424,0.6616719961166382,0.8587668538093567,-0.0486641600728035,0.6729792356491089,0.8840779662132263,-0.059551969170570374,0.6827571392059326,0.9048386812210083,-0.068362295627594,0.6263684630393982,0.8110948801040649,-0.039086420089006424,0.6274906992912292,0.8543270230293274,-0.057477835565805435,0.6339196562767029,0.8764879703521729,-0.06799096614122391,0.6408552527427673,0.8955909609794617,-0.0758049413561821,0.6030481457710266,0.7950956225395203,-0.045539796352386475,0.5837095975875854,0.8217969536781311,-0.06413973867893219,0.5718117952346802,0.8376273512840271,-0.07214511185884476,0.5631174445152283,0.8518064618110657,-0.07766018807888031,Open palm
0.6460006833076477,0.7111304998397827,2.397217997440748e-07,0.6863928437232971,0.710193395614624,-0.012033405713737011,0.7264652848243713,0.7273204326629639,-0.021742157638072968,0.7597302198410034,0.7396118640899658,-0.03091086633503437,0.7895690202713013,0.7462827563285828,-0.040949370712041855,0.7256689667701721,0.7845231294631958,-0.023798121139407158,0.7615026235580444,0.8145796060562134,-0.04096027836203575,0.7853608727455139,0.8308051228523254,-0.052828915417194366,0.8061649799346924,0.843382716178894,-0.06141072139143944,0.7073689103126526,0.7959886193275452,-0.029768232256174088,0.7343116402626038,0.8377217650413513,-0.046766575425863266,0.7548715472221375,0.8585873246192932,-0.05868583545088768,0.7723904252052307,0.8746398687362671,-0.06691949814558029,0.6843986511230469,0.7953538298606873,-0.03699146583676338,0.7013367414474487,0.8327799439430237,-0.05573190376162529,0.719584584236145,0.8522192239761353,-0.06755081564188004,0.7366849184036255,0.8691672682762146,-0.07558054476976395,0.6582114696502686,0.7836401462554932,-0.044557444751262665,0.6510806679725647,0.8172346353530884,-0.06230677664279938,0.6488916873931885,0.8385280966758728,-0.07060609757900238,0.6488344073295593,0.8576769828796387,-0.07607685029506683,Open palm
0.6269523501396179,0.724419355392456,1.9676926399370132e-07,0.6690813302993774,0.7023574113845825,-0.005074004642665386,0.7123961448669434,0.708232581615448,-0.009614850394427776,0.7421059608459473,0.7132996320724487,-0.01538506243377924,0.7685738205909729,0.7174667119979858,-0.021436864510178566,0.740532636642456,0.7596268653869629,-0.0067009348422288895,0.7839804887771606,0.7681844830513,-0.020165864378213882,0.8131520748138428,0.7723612189292908,-0.030795946717262268,0.8369781374931335,0.7768480181694031,-0.03852818161249161,0.7329049110412598,0.7730039358139038,-0.014812101610004902,0.7769272327423096,0.7912313938140869,-0.02725423127412796,0.808275580406189,0.8028024435043335,-0.03800913691520691,0.8338110446929932,0.8128597140312195,-0.04560612514615059,0.7184245586395264,0.7771257758140564,-0.024411605671048164,0.7548549771308899,0.7992528080940247,-0.03752123937010765,0.7818595767021179,0.8077260255813599,-0.047255586832761765,0.8067014813423157,0.8137051463127136,-0.05433344841003418,0.6980080604553223,0.7718074321746826,-0.03456403315067291,0.7153084874153137,0.7913861274719238,-0.047297120094299316,0.7320643663406372,0.7999233603477478,-0.05390429124236107,0.7490233778953552,0.8055424690246582,-0.0585344135761261,Open palm
0.6350752711296082,0.7315821051597595,1.2477325128656958e-07,0.6770172715187073,0.6994327902793884,0.0019965297542512417,0.7183017730712891,0.7017354369163513,0.0004839295579586178,0.7452622652053833,0.7039919495582581,-0.0032774570863693953,0.7676358222961426,0.7041603922843933,-0.007973807863891125,0.7473533153533936,0.7511396408081055,-0.0033951473888009787,0.7947016954421997,0.7524064779281616,-0.016205670312047005,0.825801432132721,0.7509469389915466,-0.025333408266305923,0.8512177467346191,0.7485198974609375,-0.032070521265268326,0.741491436958313,0.7637764811515808,-0.014901983551681042,0.7956726551055908,0.7717880010604858,-0.02826538495719433,0.8301547169685364,0.7762898206710815,-0.038395896553993225,0.8586246967315674,0.7788649797439575,-0.04527081549167633,0.7291873693466187,0.7672227621078491,-0.027067989110946655,0.7814379930496216,0.7775501012802124,-0.041131339967250824,0.8129967451095581,0.7816962599754333,-0.05029156804084778,0.840487539768219,0.7852585315704346,-0.05678992345929146,0.712367057800293,0.7607764005661011,-0.03898116573691368,0.7388572096824646,0.7711597084999084,-0.05362529680132866,0.7605060338973999,0.7791344523429871,-0.061289697885513306,0.7807826995849609,0.7880870699882507,-0.06656932085752487,Open palm
0.42084163427352905,0.6065682172775269,4.1164358322021144e-07,0.3671884536743164,0.6080995798110962,-0.034239597618579865,0.31615856289863586,0.6328123211860657,-0.05662170797586441,0.26713424921035767,0.6519901156425476,-0.07618635147809982,0.2238149493932724,0.6677767634391785,-0.09810488671064377,0.3518572449684143,0.7109879851341248,-0.05872352793812752,0.3263804614543915,0.779018759727478,-0.08665493875741959,0.31124433875083923,0.8251257538795471,-0.10569770634174347,0.29773902893066406,0.8687766194343567,-0.11931924521923065,0.3890335261821747,0.7257888317108154,-0.058785561472177505,0.3748543858528137,0.798133134841919,-0.0824703723192215,0.3662891089916229,0.8501112461090088,-0.09761149436235428,0.3597511053085327,0.9005477428436279,-0.11071974039077759,0.4265857934951782,0.7229549288749695,-0.06092284992337227,0.42473068833351135,0.790343165397644,-0.08308219909667969,0.4232858419418335,0.8381930589675903,-0.09462711960077286,0.4203563630580902,0.884173572063446,-0.10441502928733826,0.4622541069984436,0.7066236734390259,-0.0659768134355545,0.4791867733001709,0.7543624639511108,-0.0871480256319046,0.49194246530532837,0.7852607369422913,-0.09511358290910721,0.5034933090209961,0.8167533278465271,-0.10124162584543228,Open palm
0.43090811371803284,0.5989366769790649,3.162414543567138e-07,0.38028958439826965,0.6036175489425659,-0.035198017954826355,0.3330632746219635,0.6309194564819336,-0.057037103921175,0.2880012094974518,0.6524627208709717,-0.07601489871740341,0.24663186073303223,0.6691601276397705,-0.09739449620246887,0.37377625703811646,0.7055196166038513,-0.059389300644397736,0.35486137866973877,0.7701338529586792,-0.08516722917556763,0.34475043416023254,0.8141623735427856,-0.10313067585229874,0.3360222280025482,0.858005940914154,-0.11675630509853363,0.41382914781570435,0.7176316380500793,-0.058349400758743286,0.4080914258956909,0.7846422791481018,-0.07894641160964966,0.4067269265651703,0.8320837020874023,-0.09225507080554962,0.4065052568912506,0.8804088234901428,-0.10490280389785767,0.4514649212360382,0.7119003534317017,-0.05932633578777313,0.4558800458908081,0.7744795083999634,-0.0789937973022461,0.4611573815345764,0.8164889216423035,-0.08910191059112549,0.4643363654613495,0.8591457605361938,-0.09874784201383591,0.48597225546836853,0.6922006011009216,-0.06346096843481064,0.510278582572937,0.7331569790840149,-0.08306977152824402,0.5285768508911133,0.7594363689422607,-0.0905807763338089,0.5443077087402344,0.7872570753097534,-0.09681561589241028,Open palm
0.43475621938705444,0.6002638339996338,2.86761547840797e-07,0.39027440547943115,0.5968515872955322,-0.04519058018922806,0.34997376799583435,0.627508819103241,-0.07324891537427902,0.31195443868637085,0.6549285650253296,-0.09646965563297272,0.277568519115448,0.6746429204940796,-0.12092945724725723,0.41085726022720337,0.6946855187416077,-0.07083660364151001,0.41553595662117004,0.7512338161468506,-0.09940799325704575,0.420628160238266,0.7913325428962708,-0.11861314624547958,0.42778444290161133,0.8299193978309631,-0.13272902369499207,0.4531429409980774,0.7045201063156128,-0.06379518657922745,0.4739612638950348,0.7624407410621643,-0.08674300462007523,0.4894244074821472,0.8010469675064087,-0.09957772493362427,0.5061935186386108,0.8359904289245605,-0.11130915582180023,0.4856327474117279,0.6979641318321228,-0.059284575283527374,0.5111414194107056,0.7523435354232788,-0.08107058703899384,0.5289328098297119,0.7845256924629211,-0.09146256744861603,0.5477439165115356,0.8116405010223389,-0.09967722743749619,0.5087422132492065,0.6791811585426331,-0.058567240834236145,0.5412248969078064,0.720436692237854,-0.07789332419633865,0.5657588243484497,0.7416104078292847,-0.08580431342124939,0.5901235342025757,0.7594002485275269,-0.09194576740264893,Open palm
0.4633665680885315,0.6172756552696228,5.233686692918127e-07,0.42396020889282227,0.6173436641693115,-0.0697772279381752,0.40044647455215454,0.6293414235115051,-0.11645478010177612,0.38204869627952576,0.6514548659324646,-0.15288986265659332,0.3618168830871582,0.6803386807441711,-0.1890224665403366,0.48088037967681885,0.6933109164237976,-0.11038838326931,0.5071759223937988,0.7365117073059082,-0.15125276148319244,0.5301868319511414,0.7674745321273804,-0.1773272007703781,0.5524930357933044,0.7964183688163757,-0.19520924985408783,0.5118613243103027,0.6928345561027527,-0.09238089621067047,0.5526196360588074,0.7355981469154358,-0.13198259472846985,0.5833162069320679,0.7664566040039062,-0.1565677970647812,0.6122869253158569,0.7953195571899414,-0.1744748204946518,0.5321601033210754,0.6899946928024292,-0.07661944627761841,0.5718973875045776,0.7267608046531677,-0.10883447527885437,0.600771427154541,0.7524794936180115,-0.12763582170009613,0.6252188682556152,0.7744189500808716,-0.1400352120399475,0.5438638925552368,0.6836775541305542,-0.06581287831068039,0.5802600979804993,0.7055152058601379,-0.09038273245096207,0.607113242149353,0.7210221290588379,-0.10477734357118607,0.6302739381790161,0.7340336441993713,-0.1148810014128685,Open palm
0.45291221141815186,0.6299156546592712,5.808219043501595e-07,0.4176478385925293,0.6257492899894714,-0.07973919808864594,0.40283912420272827,0.6317629218101501,-0.13257135450839996,0.39079800248146057,0.6506455540657043,-0.17290037870407104,0.376539945602417,0.6845924258232117,-0.21341614425182343,0.48118922114372253,0.6948021650314331,-0.12723438441753387,0.5193424224853516,0.731576144695282,-0.17137742042541504,0.548771858215332,0.7577506303787231,-0.20017774403095245,0.5753923058509827,0.782741904258728,-0.22026532888412476,0.5102986097335815,0.6940984725952148,-0.10484261810779572,0.5613547563552856,0.7294169068336487,-0.14690108597278595,0.597423791885376,0.7540397644042969,-0.17532813549041748,0.6304245591163635,0.7781445384025574,-0.19684062898159027,0.5300886631011963,0.6895327568054199,-0.08453849703073502,0.5762258768081665,0.7195823192596436,-0.11850033700466156,0.6102131605148315,0.7411415576934814,-0.14235790073871613,0.6362962126731873,0.759431779384613,-0.15928582847118378,0.5416082143783569,0.6816052198410034,-0.06953269243240356,0.5787254571914673,0.6974073648452759,-0.09446018934249878,0.605560839176178,0.7084887623786926,-0.11139882355928421,0.6273642182350159,0.7178612351417542,-0.1247394010424614,Open palm
0.4599944055080414,0.6046751737594604,2.4972774781417684e-07,0.41890057921409607,0.5986464619636536,-0.04840731993317604,0.38644254207611084,0.6199156641960144,-0.08116837590932846,0.35101646184921265,0.6478513479232788,-0.10753330588340759,0.3204781413078308,0.6687061786651611,-0.13394780457019806,0.4477500021457672,0.676862895488739,-0.08042099326848984,0.46726375818252563,0.7122264504432678,-0.11037866026163101,0.4840005934238434,0.7419086694717407,-0.1293003261089325,0.5008622407913208,0.7711684107780457,-0.14310342073440552,0.48532477021217346,0.6831079721450806,-0.07042714953422546,0.5184727907180786,0.719285249710083,-0.0973837673664093,0.5431070327758789,0.7467126250267029,-0.11296086013317108,0.5676933526992798,0.7740185856819153,-0.12590961158275604,0.5115053653717041,0.6805108189582825,-0.06199917197227478,0.5456802248954773,0.715580403804779,-0.08565029501914978,0.5698761940002441,0.7385237812995911,-0.09854501485824585,0.593566358089447,0.7590574026107788,-0.1077175959944725,0.5266209244728088,0.6708164811134338,-0.057180486619472504,0.5610863566398621,0.6970009207725525,-0.07634475827217102,0.5882888436317444,0.7112737894058228,-0.08630597591400146,0.6133690476417542,0.7237423062324524,-0.09372528642416,Open palm
0.42466726899147034,0.6222370862960815,3.7006594766353373e-07,0.38559678196907043,0.6074602007865906,-0.05445079877972603,0.35366010665893555,0.6257965564727783,-0.09040890634059906,0.3150033950805664,0.6507672071456909,-0.11921405047178268,0.2802448570728302,0.6687310338020325,-0.1482265740633011,0.4091293215751648,0.6788316369056702,-0.09034104645252228,0.4087420403957367,0.7190298438072205,-0.1233610212802887,0.41215264797210693,0.7523959875106812,-0.14402863383293152,0.41972601413726807,0.7877084016799927,-0.15913674235343933,0.4498186409473419,0.6903567314147949,-0.07929033041000366,0.4652789235115051,0.7327833771705627,-0.10922271758317947,0.4808644652366638,0.7669914960861206,-0.1256093978881836,0.4988078773021698,0.8017315864562988,-0.13963906466960907,0.48206672072410583,0.6913644671440125,-0.07044827193021774,0.5060861110687256,0.7330893874168396,-0.09809607267379761,0.5245352387428284,0.762189507484436,-0.11418613791465759,0.5435686111450195,0.7869487404823303,-0.1256565898656845,0.5030486583709717,0.6832829117774963,-0.06546127051115036,0.5332850217819214,0.720255970954895,-0.08705783635377884,0.557100772857666,0.740088701248169,-0.09887056052684784,0.5795387029647827,0.7548677325248718,-0.10840633511543274,Open palm
0.43126314878463745,0.6144130825996399,1.987489781640761e-07,0.3841612935066223,0.6159030199050903,-0.029761288315057755,0.3380108177661896,0.636589527130127,-0.050573498010635376,0.2956419587135315,0.6546619534492493,-0.06932444125413895,0.2617587149143219,0.6688277721405029,-0.0898195132613182,0.38541504740715027,0.6787497997283936,-0.05614526569843292,0.37063056230545044,0.7166202664375305,-0.08057678490877151,0.36042094230651855,0.7452219724655151,-0.09681858867406845,0.3519093692302704,0.7795512676239014,-0.10896580666303635,0.4241992235183716,0.6957864761352539,-0.05418309569358826,0.4223834276199341,0.7407862544059753,-0.07406767457723618,0.42118972539901733,0.7746238708496094,-0.08368080854415894,0.42178523540496826,0.8109050989151001,-0.09415560960769653,0.45948275923728943,0.7013285756111145,-0.05369158834218979,0.4676516652107239,0.7441737651824951,-0.0730961486697197,0.47194188833236694,0.7742211818695068,-0.07944222539663315,0.4759337306022644,0.8061281442642212,-0.08587443083524704,0.4890291094779968,0.6966071128845215,-0.05578581616282463,0.5116057991981506,0.7341083288192749,-0.07290460914373398,0.5273471474647522,0.7591843605041504,-0.07861209660768509,0.5413535833358765,0.7821212410926819,-0.08401952683925629,Open palm
0.4202956557273865,0.6151304841041565,2.980983708766871e-07,0.3739578127861023,0.6157864928245544,-0.020544974133372307,0.3234753906726837,0.6357607841491699,-0.03231026604771614,0.27949652075767517,0.6429181098937988,-0.04291757196187973,0.2413691282272339,0.6410269737243652,-0.05603066831827164,0.3431093394756317,0.6759395003318787,-0.042828045785427094,0.30178457498550415,0.7149449586868286,-0.06190536543726921,0.2775495648384094,0.7410194277763367,-0.07344862818717957,0.257286012172699,0.7652319669723511,-0.0825132206082344,0.3694472312927246,0.6961735486984253,-0.04584671929478645,0.34479621052742004,0.7398601770401001,-0.061745550483465195,0.32828742265701294,0.7681248188018799,-0.07120169699192047,0.3154202997684479,0.7938413619995117,-0.08062098175287247,0.4004634618759155,0.7013244032859802,-0.049963779747486115,0.39183923602104187,0.7483747005462646,-0.06611213833093643,0.38336315751075745,0.7765159606933594,-0.07301566004753113,0.37408292293548584,0.8003324866294861,-0.08033707737922668,0.43270257115364075,0.6946746706962585,-0.055828433483839035,0.44603922963142395,0.7335891723632812,-0.07296431809663773,0.4528219699859619,0.7610255479812622,-0.07969687879085541,0.4563825726509094,0.7852832078933716,-0.08556924760341644,Open palm
0.4151994585990906,0.6048526167869568,4.2198024630124564e-07,0.3617348372936249,0.5899901986122131,-0.011951316148042679,0.31044667959213257,0.5984500646591187,-0.023730402812361717,0.2657719850540161,0.6021225452423096,-0.03520810604095459,0.22793814539909363,0.6086987853050232,-0.04890073835849762,0.30343765020370483,0.645649254322052,-0.04099694639444351,0.24524974822998047,0.6713912487030029,-0.06571713835000992,0.2094680368900299,0.6875655651092529,-0.08055505901575089,0.17930445075035095,0.7000579237937927,-0.0906219631433487,0.31986114382743835,0.6636449694633484,-0.050954755395650864,0.27001890540122986,0.6941366195678711,-0.07410706579685211,0.23438605666160583,0.708950400352478,-0.08797775208950043,0.2045547366142273,0.7209309935569763,-0.09836292266845703,0.34930527210235596,0.6746016144752502,-0.06115315482020378,0.3148176670074463,0.7128750085830688,-0.08305102586746216,0.2872113287448883,0.7361506223678589,-0.0953848585486412,0.25980275869369507,0.7556530237197876,-0.10539757460355759,0.38642072677612305,0.6782088279724121,-0.07165343314409256,0.3799215853214264,0.7133797407150269,-0.09401923418045044,0.3728647530078888,0.7355762124061584,-0.10326315462589264,0.3649536967277527,0.7571468353271484,-0.1097489669919014,Open palm
0.42236801981925964,0.5963185429573059,3.754489625862334e-07,0.3750059902667999,0.5731774568557739,-0.012457145377993584,0.32666730880737305,0.5707158446311951,-0.02441995218396187,0.28601014614105225,0.5683237910270691,-0.03622936084866524,0.25271469354629517,0.5705814957618713,-0.04981466755270958,0.3055737614631653,0.6243608593940735,-0.03887476772069931,0.2457781434059143,0.6444311738014221,-0.06238623335957527,0.20970419049263,0.6561674475669861,-0.07663676142692566,0.17967434227466583,0.6655594706535339,-0.0861549824476242,0.31920841336250305,0.6454756855964661,-0.04843197390437126,0.2635430097579956,0.67134028673172,-0.0701107531785965,0.22525879740715027,0.6857083439826965,-0.08389446139335632,0.1931810975074768,0.6992581486701965,-0.09385129064321518,0.34615111351013184,0.6593469977378845,-0.05832378938794136,0.30612701177597046,0.6966139674186707,-0.0787413939833641,0.27767741680145264,0.7171085476875305,-0.09095092117786407,0.2500435411930084,0.7334478497505188,-0.10036977380514145,0.38094472885131836,0.6646783947944641,-0.06867875903844833,0.3691134452819824,0.7028403282165527,-0.08943157643079758,0.35949018597602844,0.7264894247055054,-0.09777666628360748,0.3489101231098175,0.7477927803993225,-0.10330463200807571,Open palm
0.43277207016944885,0.594845712184906,3.941286479403061e-07,0.38766559958457947,0.5559414625167847,-0.01967211253941059,0.33782297372817993,0.5433173179626465,-0.03603304550051689,0.29600727558135986,0.5335063338279724,-0.050966739654541016,0.25706684589385986,0.5267136096954346,-0.06786154210567474,0.30483049154281616,0.5994718074798584,-0.04767085984349251,0.24215030670166016,0.6138843894004822,-0.0751502588391304,0.20386168360710144,0.6220663189888,-0.09292002022266388,0.17100243270397186,0.6264360547065735,-0.1049981415271759,0.3168596923351288,0.6270496845245361,-0.0549694187939167,0.25965243577957153,0.6484367847442627,-0.07989346235990524,0.21998625993728638,0.6601679921150208,-0.09674379974603653,0.1859642118215561,0.6690549850463867,-0.10936255007982254,0.342721551656723,0.6479271054267883,-0.06324402242898941,0.2962186932563782,0.6798251271247864,-0.08660637587308884,0.26358968019485474,0.6969768404960632,-0.10200787335634232,0.23258671164512634,0.7095792889595032,-0.11390562355518341,0.37739238142967224,0.6605582237243652,-0.07245741784572601,0.3600921332836151,0.6981276273727417,-0.09708420187234879,0.34603163599967957,0.7220523357391357,-0.10902086645364761,0.3314342796802521,0.7429073452949524,-0.11699675023555756,Open palm
0.43426060676574707,0.588507890701294,4.0153128111342085e-07,0.395304799079895,0.5411849021911621,-0.02093011513352394,0.35058653354644775,0.5149176120758057,-0.03699721395969391,0.31243765354156494,0.49622175097465515,-0.051774077117443085,0.27591317892074585,0.48060178756713867,-0.06772997230291367,0.3036065101623535,0.5769673585891724,-0.039220795035362244,0.24081207811832428,0.5788668394088745,-0.06469187885522842,0.20233024656772614,0.5799756050109863,-0.08152499049901962,0.1694323569536209,0.5794409513473511,-0.09284532815217972,0.310746431350708,0.6082963347434998,-0.045106854289770126,0.24805551767349243,0.6197696328163147,-0.06731164455413818,0.20629018545150757,0.6258533000946045,-0.08301927149295807,0.17088931798934937,0.6305176615715027,-0.09443242102861404,0.33269742131233215,0.633297324180603,-0.052694641053676605,0.28134429454803467,0.6590204238891602,-0.07350827753543854,0.24459382891654968,0.6731061935424805,-0.08734708279371262,0.2110213339328766,0.6820336580276489,-0.09767954051494598,0.3648904860019684,0.6502184867858887,-0.06165488436818123,0.34197837114334106,0.6866024732589722,-0.08319373428821564,0.3215014934539795,0.709321141242981,-0.0934186726808548,0.3001895546913147,0.7290736436843872,-0.09997617453336716,Open palm
0.4105468988418579,0.5770682692527771,4.0908130927164166e-07,0.38253358006477356,0.5208542943000793,-0.018220355734229088,0.34038305282592773,0.48179247975349426,-0.030631128698587418,0.3071930408477783,0.4562719166278839,-0.042489152401685715,0.2805137634277344,0.43242889642715454,-0.055836956948041916,0.2790852189064026,0.5371915102005005,-0.03311097249388695,0.2198546826839447,0.5264923572540283,-0.05675111338496208,0.18095284700393677,0.5195245742797852,-0.07332025468349457,0.14775137603282928,0.5124313831329346,-0.08444523811340332,0.2799379527568817,0.5739149451255798,-0.039500635117292404,0.21491020917892456,0.5740199685096741,-0.05989590287208557,0.17011664807796478,0.5736207365989685,-0.07517823576927185,0.13309764862060547,0.5743814706802368,-0.08587544411420822,0.29637789726257324,0.6058821678161621,-0.04745728150010109,0.23595641553401947,0.6192355155944824,-0.06782761216163635,0.19495148956775665,0.6287171840667725,-0.08237046003341675,0.15985767543315887,0.635630190372467,-0.09216665476560593,0.32444947957992554,0.6336787939071655,-0.05656912177801132,0.2894545793533325,0.6656129360198975,-0.07816414535045624,0.26274606585502625,0.68584805727005,-0.0887804701924324,0.2381434589624405,0.7026457190513611,-0.0947563499212265,Open palm
0.38118356466293335,0.5784318447113037,4.847824470743944e-07,0.36979910731315613,0.5167945027351379,-0.023104306310415268,0.3458794355392456,0.4612574577331543,-0.039427973330020905,0.3276209831237793,0.42235928773880005,-0.055318016558885574,0.31876322627067566,0.3839922249317169,-0.07194796204566956,0.2608069181442261,0.47861218452453613,-0.03107401728630066,0.20701606571674347,0.4422232508659363,-0.054194893687963486,0.1730073094367981,0.42101120948791504,-0.07174064964056015,0.14250609278678894,0.40424206852912903,-0.08379378914833069,0.24883605539798737,0.5190211534500122,-0.03526454418897629,0.18716822564601898,0.4914570450782776,-0.055252235382795334,0.14514563977718353,0.4748993515968323,-0.07052955031394958,0.11016549170017242,0.46277642250061035,-0.08118853718042374,0.25084635615348816,0.5608087778091431,-0.042036574333906174,0.18909549713134766,0.5517677664756775,-0.06095122545957565,0.14965948462486267,0.5438685417175293,-0.0739777684211731,0.11726868152618408,0.5351779460906982,-0.08229636400938034,0.2650119364261627,0.6034191846847534,-0.0509636215865612,0.2193094789981842,0.6195493936538696,-0.06918438524007797,0.18859533965587616,0.6293776035308838,-0.0776621401309967,0.1606423556804657,0.634996771812439,-0.0822477638721466,Open palm
0.3512643873691559,0.5674328207969666,4.628894600955391e-07,0.3528388738632202,0.49859803915023804,-0.024665705859661102,0.3389888107776642,0.4295714497566223,-0.03877641633152962,0.3248661160469055,0.38024967908859253,-0.051538772881031036,0.3171990215778351,0.3405916690826416,-0.06450285017490387,0.2499617636203766,0.4421318769454956,-0.030940186232328415,0.20618954300880432,0.3892548680305481,-0.051608145236968994,0.17593270540237427,0.3591272830963135,-0.06675617396831512,0.14855356514453888,0.3352644443511963,-0.07742629945278168,0.22891467809677124,0.48027876019477844,-0.033396147191524506,0.17170077562332153,0.43743598461151123,-0.05207759886980057,0.1329275220632553,0.41170504689216614,-0.06605738401412964,0.10039475560188293,0.39227932691574097,-0.07573717087507248,0.2226555496454239,0.5223225355148315,-0.038376253098249435,0.1636340469121933,0.4988647699356079,-0.05742158368229866,0.12545768916606903,0.482060045003891,-0.07078751921653748,0.09385280311107635,0.4668487012386322,-0.0792509987950325,0.22968213260173798,0.5665351748466492,-0.04545886069536209,0.182413250207901,0.5771710872650146,-0.06465307623147964,0.14996987581253052,0.5826281905174255,-0.0740194246172905,0.11979126930236816,0.5836845636367798,-0.07907859981060028,Open palm
0.3525228798389435,0.5706065893173218,4.6973084977253166e-07,0.36557164788246155,0.5008385181427002,-0.030567830428481102,0.36153894662857056,0.4320124685764313,-0.04795939102768898,0.3499755263328552,0.377086341381073,-0.06269457936286926,0.3455294370651245,0.3294863700866699,-0.07726796716451645,0.2655975818634033,0.4203578531742096,-0.03599994629621506,0.22819873690605164,0.35861629247665405,-0.05717937648296356,0.20162123441696167,0.32309845089912415,-0.07278093695640564,0.17720210552215576,0.29396748542785645,-0.08407043665647507,0.23915471136569977,0.4538930356502533,-0.03589457646012306,0.1869787871837616,0.4009891450405121,-0.05527626723051071,0.15151527523994446,0.3694092333316803,-0.0694444477558136,0.1213034987449646,0.3445940613746643,-0.07936035841703415,0.22721458971500397,0.4953453540802002,-0.038778409361839294,0.17085254192352295,0.4588402509689331,-0.059280164539813995,0.13448072969913483,0.4338039457798004,-0.0730210542678833,0.10458727180957794,0.41173768043518066,-0.08170031011104584,0.2280619740486145,0.5425209999084473,-0.04412621632218361,0.17833787202835083,0.5456278920173645,-0.06532706320285797,0.14488646388053894,0.5446442365646362,-0.07575903832912445,0.1144011914730072,0.5399000644683838,-0.08132727444171906,Open palm
0.35625195503234863,0.5541661977767944,3.904658285591722e-07,0.3261956572532654,0.49975502490997314,-0.028970718383789062,0.2804293930530548,0.464130163192749,-0.044352926313877106,0.24097087979316711,0.44445139169692993,-0.057858239859342575,0.20337018370628357,0.4245266020298004,-0.07211675494909286,0.2192523330450058,0.5436649322509766,-0.03934187442064285,0.15842825174331665,0.5394895672798157,-0.0637081041932106,0.11952270567417145,0.5376281142234802,-0.07983922213315964,0.08732898533344269,0.5357245206832886,-0.0910726934671402,0.21954429149627686,0.5860607028007507,-0.04093794897198677,0.15691284835338593,0.5982019901275635,-0.06328817456960678,0.11497809737920761,0.6049290299415588,-0.07957920432090759,0.08170472085475922,0.6107845306396484,-0.09124082326889038,0.23564687371253967,0.6204006671905518,-0.04521496221423149,0.18177467584609985,0.6482277512550354,-0.06813755631446838,0.14573556184768677,0.6646172404289246,-0.08294899761676788,0.1164146438241005,0.677659273147583,-0.09335991740226746,0.26470524072647095,0.6470050811767578,-0.05172983929514885,0.23951546847820282,0.6894911527633667,-0.07483028620481491,0.21956101059913635,0.7163853049278259,-0.08655475080013275,0.2010791301727295,0.7402018308639526,-0.09369898587465286,Open palm
0.35913485288619995,0.5312946438789368,4.1239022152694815e-07,0.3130999803543091,0.5007944107055664,-0.025426683947443962,0.25752976536750793,0.49368834495544434,-0.03986502066254616,0.2130039483308792,0.49127572774887085,-0.052344828844070435,0.17543986439704895,0.4869936406612396,-0.06637981534004211,0.232129767537117,0.5865330100059509,-0.04041614755988121,0.17729452252388,0.6156150698661804,-0.064905546605587,0.14358001947402954,0.6373338103294373,-0.08153165131807327,0.11466440558433533,0.656844973564148,-0.09348981827497482,0.2515847980976105,0.6228347420692444,-0.04446377977728844,0.20064491033554077,0.6654620170593262,-0.06728548556566238,0.16606050729751587,0.6953455209732056,-0.08425339311361313,0.13660666346549988,0.7202869057655334,-0.09672978520393372,0.2826107144355774,0.6423237323760986,-0.05063936859369278,0.2418004423379898,0.6965351700782776,-0.07387688010931015,0.21293911337852478,0.7327786684036255,-0.08971069753170013,0.18542736768722534,0.7619608640670776,-0.10105736553668976,0.3220057487487793,0.6472557783126831,-0.058459822088479996,0.31272122263908386,0.6962142586708069,-0.0831054076552391,0.3030587434768677,0.7323295474052429,-0.09530676901340485,0.29018455743789673,0.765000581741333,-0.10283798724412918,Open palm
0.36654722690582275,0.49998903274536133,4.7152667548289173e-07,0.31351450085639954,0.5080192685127258,-0.02702890895307064,0.2610754668712616,0.5390878319740295,-0.04226423799991608,0.2181115746498108,0.5635533928871155,-0.05575348809361458,0.17985117435455322,0.5814855098724365,-0.0702824518084526,0.2728584408760071,0.6306105852127075,-0.036667902022600174,0.23608723282814026,0.6948758363723755,-0.06063513085246086,0.2130550742149353,0.7351208329200745,-0.07764856517314911,0.19361454248428345,0.768051028251648,-0.08921486884355545,0.30619916319847107,0.6504781246185303,-0.03875004127621651,0.28125178813934326,0.7194235324859619,-0.058746423572301865,0.26421672105789185,0.7653926014900208,-0.07388920336961746,0.24930359423160553,0.8037265539169312,-0.08489879220724106,0.34181374311447144,0.6491765379905701,-0.043599121272563934,0.32897627353668213,0.7167806625366211,-0.06339465826749802,0.3188774585723877,0.7605460286140442,-0.07621496915817261,0.30682915449142456,0.7976704835891724,-0.08543378859758377,0.3786013126373291,0.6302997469902039,-0.05074456334114075,0.3886949419975281,0.67535799741745,-0.07162217050790787,0.39495354890823364,0.709947943687439,-0.08111831545829773,0.39781081676483154,0.7438433766365051,-0.08656314015388489,Open palm
0.32278668880462646,0.48689061403274536,4.3222223666816717e-07,0.3697849214076996,0.525869607925415,-0.019738228991627693,0.4139869213104248,0.5810163021087646,-0.034861721098423004,0.45847421884536743,0.621354341506958,-0.04769378527998924,0.49845439195632935,0.6389343738555908,-0.06165378913283348,0.3877759277820587,0.6246874332427979,-0.04344910383224487,0.4077046811580658,0.7040131688117981,-0.06646208465099335,0.41771966218948364,0.7574710249900818,-0.07989763468503952,0.423774778842926,0.8011526465415955,-0.08866778761148453,0.35621118545532227,0.6347787976264954,-0.04558208957314491,0.3611772656440735,0.7232073545455933,-0.06603768467903137,0.3618394732475281,0.7828532457351685,-0.07691443711519241,0.3596096336841583,0.8301739692687988,-0.08491084724664688,0.3234099745750427,0.6317992806434631,-0.048741720616817474,0.31743323802948,0.7128158211708069,-0.06996108591556549,0.31300410628318787,0.7649624943733215,-0.08152225613594055,0.3080534338951111,0.8059983849525452,-0.08889845758676529,0.2934977114200592,0.6187924146652222,-0.05266472324728966,0.2701231837272644,0.6727365851402283,-0.07277727127075195,0.25184202194213867,0.708819568157196,-0.08224696666002274,0.23510508239269257,0.7395274043083191,-0.08795075118541718,Open palm
0.32414260506629944,0.48885998129844666,4.5929283487566863e-07,0.37365826964378357,0.528243362903595,-0.014297474175691605,0.4179166853427887,0.5814384818077087,-0.027070151641964912,0.46281513571739197,0.6177855730056763,-0.03865344449877739,0.5034675002098083,0.6309784650802612,-0.051329806447029114,0.38944509625434875,0.6300835609436035,-0.03631402924656868,0.4103146493434906,0.7101543545722961,-0.0554746612906456,0.42004066705703735,0.7627889513969421,-0.0663369670510292,0.42557716369628906,0.8053002953529358,-0.0735512524843216,0.35708943009376526,0.6402989625930786,-0.04076015204191208,0.36264991760253906,0.7292639017105103,-0.05830148607492447,0.36481013894081116,0.7883574962615967,-0.06836338341236115,0.3634510934352875,0.8348179459571838,-0.07598534226417542,0.32434946298599243,0.637768030166626,-0.045673660933971405,0.3184994161128998,0.7210729122161865,-0.06524604558944702,0.31542715430259705,0.7749526500701904,-0.07770638912916183,0.3115609586238861,0.8180382251739502,-0.0861114040017128,0.2950228452682495,0.6248598098754883,-0.05074172466993332,0.2691059708595276,0.679474413394928,-0.07044187188148499,0.2504205107688904,0.7162793874740601,-0.08031922578811646,0.23353998363018036,0.7483117580413818,-0.08631738275289536,Open palm
0.3379584848880768,0.4944227635860443,4.723753477264836e-07,0.37749552726745605,0.5409954786300659,-0.017760848626494408,0.4131694734096527,0.5985374450683594,-0.034996148198843,0.45674818754196167,0.6345185041427612,-0.049762796610593796,0.497901976108551,0.6448211669921875,-0.06624353677034378,0.3736124038696289,0.6294654607772827,-0.05136911943554878,0.37489205598831177,0.7159186005592346,-0.07186097651720047,0.3738917410373688,0.7703344225883484,-0.08240717649459839,0.37097978591918945,0.8149466514587402,-0.0891013965010643,0.3390354812145233,0.6328147053718567,-0.054032426327466965,0.32583484053611755,0.7255679965019226,-0.07172753661870956,0.31572091579437256,0.7871253490447998,-0.08014120161533356,0.30484405159950256,0.8338236212730408,-0.08732747286558151,0.3073183596134186,0.6266803741455078,-0.0564705915749073,0.28249505162239075,0.7080506086349487,-0.07467576116323471,0.2636643648147583,0.7610097527503967,-0.0852961391210556,0.2474800944328308,0.8006276488304138,-0.09263713657855988,0.28269100189208984,0.6145692467689514,-0.059170201420784,0.2527759075164795,0.6716610193252563,-0.07508735358715057,0.2279984951019287,0.7071006894111633,-0.08206970244646072,0.20623616874217987,0.7347862124443054,-0.08699225634336472,Open palm
0.34455299377441406,0.51189124584198,5.352930543267576e-07,0.37605857849121094,0.5635717511177063,-0.02186894416809082,0.40117186307907104,0.6152905225753784,-0.041594069451093674,0.43481165170669556,0.6471131443977356,-0.05855698138475418,0.4705209732055664,0.6478277444839478,-0.0771871954202652,0.34292370080947876,0.6494497060775757,-0.04716385528445244,0.3220559060573578,0.7233003377914429,-0.06592286378145218,0.3076355755329132,0.7704399228096008,-0.07727028429508209,0.2944878041744232,0.8076561689376831,-0.0840974673628807,0.30872493982315063,0.643030047416687,-0.047131188213825226,0.27534422278404236,0.7261042594909668,-0.06243547424674034,0.2533474266529083,0.7803017497062683,-0.07079797983169556,0.23412777483463287,0.8213350176811218,-0.07754115015268326,0.28325819969177246,0.6325103044509888,-0.04765058681368828,0.24377486109733582,0.7071068286895752,-0.061909981071949005,0.21904097497463226,0.755742073059082,-0.0725071057677269,0.19929590821266174,0.7912030816078186,-0.07946468889713287,0.26757073402404785,0.6215603351593018,-0.04926896095275879,0.22794871032238007,0.6730502843856812,-0.05894634500145912,0.20141690969467163,0.704104483127594,-0.06358560174703598,0.1795143187046051,0.7279344797134399,-0.06711699813604355,Open palm
0.3222443163394928,0.5130785703659058,5.695174536413106e-07,0.3589595556259155,0.543724536895752,-0.042280398309230804,0.37729182839393616,0.5834224224090576,-0.07007130235433578,0.39204519987106323,0.6109957695007324,-0.08975786715745926,0.41702377796173096,0.6189413070678711,-0.11064449697732925,0.30385032296180725,0.6205785870552063,-0.07605370879173279,0.2700999081134796,0.6777782440185547,-0.10165886580944061,0.24411185085773468,0.7153071761131287,-0.11789390444755554,0.22041836380958557,0.7436851859092712,-0.12856073677539825,0.26828905940055847,0.6132550239562988,-0.06634483486413956,0.2242412567138672,0.6773122549057007,-0.08906485140323639,0.1915426254272461,0.7179273962974548,-0.10181521624326706,0.1607900857925415,0.7483878135681152,-0.11168985068798065,0.24703766405582428,0.6052089929580688,-0.057691942900419235,0.2011880874633789,0.6596975922584534,-0.07794885337352753,0.16573528945446014,0.6947715282440186,-0.09321276843547821,0.13365332782268524,0.7192397117614746,-0.10359956324100494,0.23816150426864624,0.5971409678459167,-0.051463861018419266,0.19465284049510956,0.6327498555183411,-0.06901361793279648,0.16375106573104858,0.6546729803085327,-0.08053743839263916,0.13567565381526947,0.6722347736358643,-0.08881965279579163,Open palm
0.31529733538627625,0.4960004389286041,7.088058282533893e-07,0.3510855436325073,0.523754358291626,-0.0527675487101078,0.3683871924877167,0.5522468686103821,-0.08813679218292236,0.37995320558547974,0.5750324726104736,-0.11347237229347229,0.39810284972190857,0.5860458612442017,-0.14008313417434692,0.28537440299987793,0.5776230096817017,-0.09204918146133423,0.2517264783382416,0.6221597194671631,-0.12370697408914566,0.22282400727272034,0.6527431607246399,-0.14412952959537506,0.19649028778076172,0.6751667857170105,-0.1568574458360672,0.25161194801330566,0.5727345943450928,-0.07679736614227295,0.19537866115570068,0.6202005743980408,-0.10630200803279877,0.15333932638168335,0.6531108617782593,-0.12366866320371628,0.11619728803634644,0.676476001739502,-0.13599365949630737,0.23487836122512817,0.571423351764679,-0.06254845857620239,0.183366596698761,0.615888237953186,-0.08815508335828781,0.14609922468662262,0.6463236212730408,-0.10751857608556747,0.11266262829303741,0.6670666933059692,-0.11998289078474045,0.23184728622436523,0.5737838745117188,-0.05101078748703003,0.19209891557693481,0.6010065078735352,-0.07026562839746475,0.16270455718040466,0.6220579743385315,-0.08381891995668411,0.1338150054216385,0.639026403427124,-0.09357723593711853,Open palm
0.3204755187034607,0.4940997064113617,6.526948936880217e-07,0.3567228317260742,0.5210044384002686,-0.056027960032224655,0.3746417760848999,0.5513970851898193,-0.095029316842556,0.3865528702735901,0.5741550922393799,-0.12408304214477539,0.4061172604560852,0.5836462378501892,-0.15418106317520142,0.297189325094223,0.5643670558929443,-0.10199490189552307,0.2592260241508484,0.6104518175125122,-0.13992542028427124,0.22600705921649933,0.6413511037826538,-0.16329750418663025,0.1969272792339325,0.6649413108825684,-0.1779935657978058,0.26110875606536865,0.5595700144767761,-0.0891733467578888,0.20614652335643768,0.6152191162109375,-0.12219027429819107,0.16431018710136414,0.6469473838806152,-0.13817645609378815,0.12752816081047058,0.6696944236755371,-0.14964646100997925,0.2400556206703186,0.5583744049072266,-0.07812312990427017,0.18933215737342834,0.6107383966445923,-0.10583542287349701,0.15164190530776978,0.6432702541351318,-0.12226175516843796,0.11880612373352051,0.6665587425231934,-0.13292817771434784,0.2305275797843933,0.5598016381263733,-0.07065120339393616,0.18792374432086945,0.5926021337509155,-0.092265784740448,0.15590766072273254,0.6159474849700928,-0.1053372323513031,0.12579314410686493,0.6347742676734924,-0.11463076621294022,Open palm
0.33813178539276123,0.509535014629364,4.0293630831911287e-07,0.3778614103794098,0.5467726588249207,-0.02893463335931301,0.4091891348361969,0.5961604118347168,-0.05074014142155647,0.4442839026451111,0.6304647326469421,-0.0683557465672493,0.48464763164520264,0.635245144367218,-0.08750825375318527,0.3521711528301239,0.6068589091300964,-0.06240556016564369,0.3367442786693573,0.6679210066795349,-0.08344775438308716,0.3251807987689972,0.7125759124755859,-0.09506499022245407,0.31345662474632263,0.7517260909080505,-0.10306079685688019,0.31369051337242126,0.6031016707420349,-0.060192327946424484,0.2872563600540161,0.672274112701416,-0.0783027783036232,0.26741138100624084,0.7209275364875793,-0.0851607397198677,0.24840515851974487,0.7597465515136719,-0.0922456830739975,0.28398191928863525,0.5959278345108032,-0.05859807878732681,0.24912628531455994,0.6565545797348022,-0.078415147960186,0.2241995930671692,0.6974909901618958,-0.08762458711862564,0.2034015953540802,0.7291074395179749,-0.09382514655590057,0.26347246766090393,0.5869103074073792,-0.05860058590769768,0.22272460162639618,0.6310611963272095,-0.07420351356267929,0.19374443590641022,0.6554585099220276,-0.08048983663320541,0.16913661360740662,0.6728917360305786,-0.08576864004135132,Open palm
0.37403011322021484,0.4937332570552826,3.467048372840509e-07,0.41806331276893616,0.5186610221862793,-0.026332631707191467,0.4593963623046875,0.5612300634384155,-0.04530825838446617,0.5027881264686584,0.5833830237388611,-0.0606050044298172,0.5424177050590515,0.5823588967323303,-0.07779468595981598,0.42152872681617737,0.5807706713676453,-0.062195658683776855,0.42791396379470825,0.6523454785346985,-0.08315170556306839,0.43449342250823975,0.7006756067276001,-0.09410770237445831,0.4412199854850769,0.7435793876647949,-0.10236385464668274,0.3824596703052521,0.5882940292358398,-0.061689868569374084,0.381128191947937,0.6629997491836548,-0.08110418170690536,0.3796660900115967,0.7185070514678955,-0.09028809517621994,0.3782922923564911,0.7644129991531372,-0.099451445043087,0.3469059467315674,0.5874943137168884,-0.061296623200178146,0.3324265480041504,0.6568574905395508,-0.08407124876976013,0.3215705156326294,0.7090696692466736,-0.09576846659183502,0.31337451934814453,0.7513765692710876,-0.10421039164066315,0.3189074993133545,0.5801708698272705,-0.06186678633093834,0.2908550500869751,0.6331234574317932,-0.08289918303489685,0.2677689790725708,0.6680967211723328,-0.09289368242025375,0.2469475269317627,0.6968565583229065,-0.10071481019258499,Open palm
0.3676137328147888,0.4714803397655487,3.738834664090973e-07,0.422410249710083,0.49260956048965454,-0.015048349276185036,0.4811074137687683,0.5319603085517883,-0.025076471269130707,0.5297894477844238,0.5478577613830566,-0.032811474055051804,0.5705212950706482,0.5419670939445496,-0.0414581373333931,0.44777342677116394,0.5426346659660339,-0.045203279703855515,0.4746182858943939,0.6077562570571899,-0.06314140558242798,0.4927526116371155,0.6496828198432922,-0.07091851532459259,0.5094402432441711,0.6847152709960938,-0.07706670463085175,0.4129030704498291,0.55766361951828,-0.05001556873321533,0.42689526081085205,0.6310380697250366,-0.0689813420176506,0.44118645787239075,0.6812936663627625,-0.07932665944099426,0.45418286323547363,0.7232252359390259,-0.08823154121637344,0.3779391348361969,0.5633525252342224,-0.0542890802025795,0.37640076875686646,0.6330572962760925,-0.08083364367485046,0.3785911500453949,0.6815868616104126,-0.09556344151496887,0.38215944170951843,0.7234634160995483,-0.10486622154712677,0.34571409225463867,0.5588693022727966,-0.057839151471853256,0.3268584609031677,0.6141883134841919,-0.08561255037784576,0.30971813201904297,0.6478224992752075,-0.09818119555711746,0.29432088136672974,0.6783539652824402,-0.10620536655187607,Open palm
0.3661884069442749,0.43851006031036377,4.1097578673543467e-07,0.4236631691455841,0.46014922857284546,-0.016310077160596848,0.48212310671806335,0.4958820939064026,-0.028811383992433548,0.5308663845062256,0.5141829252243042,-0.0389380045235157,0.5719438791275024,0.5077149868011475,-0.049664177000522614,0.45798301696777344,0.5112118721008301,-0.04810969531536102,0.4884253144264221,0.570209801197052,-0.07020706683397293,0.5091254711151123,0.6072720289230347,-0.08155147731304169,0.5278250575065613,0.6381571292877197,-0.08979938924312592,0.42532262206077576,0.5276554226875305,-0.05303654074668884,0.44433173537254333,0.5902950167655945,-0.07531926035881042,0.45961639285087585,0.635460615158081,-0.0874691754579544,0.4700242877006531,0.6724522113800049,-0.09704569727182388,0.3894081115722656,0.5336541533470154,-0.05762547627091408,0.3930809199810028,0.5936508178710938,-0.08574285358190536,0.39737993478775024,0.6356630921363831,-0.10081250220537186,0.3995339274406433,0.6699408888816833,-0.10996948927640915,0.3547103703022003,0.5288621783256531,-0.06168240308761597,0.3378959596157074,0.5769957900047302,-0.09022201597690582,0.3247658908367157,0.6081804633140564,-0.1029946506023407,0.3109000325202942,0.6358650326728821,-0.1105525940656662,Open palm
0.3741799592971802,0.42720672488212585,4.2071565076184925e-07,0.4250977039337158,0.4422684907913208,-0.02379363588988781,0.47966504096984863,0.4749246835708618,-0.040167152881622314,0.5252780914306641,0.4882526993751526,-0.052347566932439804,0.5673799514770508,0.4800097942352295,-0.06510720402002335,0.45352980494499207,0.47972196340560913,-0.061051614582538605,0.4757196605205536,0.5274728536605835,-0.08770092576742172,0.4930754005908966,0.5579870939254761,-0.10324802994728088,0.5103389620780945,0.5859385132789612,-0.11502624303102493,0.4189302623271942,0.48490646481513977,-0.06383403390645981,0.4285632073879242,0.5361205339431763,-0.09082106500864029,0.4389764666557312,0.5731790065765381,-0.1047704890370369,0.44829073548316956,0.6055887937545776,-0.11659003794193268,0.3826599717140198,0.4849393963813782,-0.06661953032016754,0.3792495131492615,0.534024715423584,-0.09922336041927338,0.3776162564754486,0.573993980884552,-0.11319360882043839,0.3765236735343933,0.6072918772697449,-0.12207344174385071,0.3496038317680359,0.47842785716056824,-0.06951820105314255,0.331236869096756,0.5272483825683594,-0.10248441994190216,0.3140336871147156,0.5565406084060669,-0.11499113589525223,0.29734668135643005,0.5825847387313843,-0.1226758286356926,Open palm
0.7914829850196838,0.5139835476875305,3.3467915727669606e-07,0.7300121784210205,0.536932647228241,-0.014312579296529293,0.6775161027908325,0.597270667552948,-0.026479670777916908,0.639630913734436,0.6503878831863403,-0.03590796887874603,0.59995436668396,0.6702051162719727,-0.04743179678916931,0.7064804434776306,0.6211689114570618,-0.0530986450612545,0.678874135017395,0.6990923881530762,-0.07332605868577957,0.6575794816017151,0.7487555742263794,-0.08289983123540878,0.6407720446586609,0.7914494276046753,-0.08990666270256042,0.7477947473526001,0.6401732563972473,-0.055654849857091904,0.734092652797699,0.7261415123939514,-0.07467807829380035,0.7253760695457458,0.7862600088119507,-0.08327029645442963,0.7205623984336853,0.8386533260345459,-0.09125667065382004,0.7872675657272339,0.6486287713050842,-0.05699775367975235,0.7870187759399414,0.7318363785743713,-0.07457076013088226,0.7846620678901672,0.7903744578361511,-0.08371980488300323,0.7832985520362854,0.840271532535553,-0.09131152182817459,0.8203655481338501,0.6495241522789001,-0.05843447148799896,0.834989607334137,0.7200732231140137,-0.0766894742846489,0.8473044037818909,0.7639151811599731,-0.08636390417814255,0.8585184216499329,0.8026459217071533,-0.09303974360227585,Open palm
0.7682319283485413,0.4953432083129883,2.912030936386145e-07,0.7052684426307678,0.5124220252037048,-0.01017483975738287,0.6518776416778564,0.5693320035934448,-0.0214763805270195,0.6094276905059814,0.6187407970428467,-0.030429529026150703,0.5682357549667358,0.637214183807373,-0.0418233722448349,0.6703142523765564,0.5855406522750854,-0.054299019277095795,0.6360641717910767,0.6589067578315735,-0.07511454075574875,0.611151397228241,0.7041298151016235,-0.08448795229196548,0.5908961296081543,0.7421994209289551,-0.09123793244361877,0.707909345626831,0.6062314510345459,-0.05886175483465195,0.6881889700889587,0.6844577193260193,-0.07974035292863846,0.6756370663642883,0.7415738105773926,-0.08893249183893204,0.6673843860626221,0.7903835773468018,-0.09710603952407837,0.7468135356903076,0.6181750893592834,-0.0617046020925045,0.7388138771057129,0.6952211260795593,-0.08111878484487534,0.7313213348388672,0.7516942620277405,-0.09179984033107758,0.7256287932395935,0.8002259135246277,-0.10043354332447052,0.7813682556152344,0.6230788826942444,-0.06391756236553192,0.7892886400222778,0.6896239519119263,-0.08451909571886063,0.7987224459648132,0.7318101525306702,-0.0957292765378952,0.8072065114974976,0.7703120708465576,-0.10341596603393555,Open palm
0.7510461211204529,0.48393142223358154,2.885616936509905e-07,0.6882295608520508,0.4991701543331146,-0.0017291108379140496,0.6322008967399597,0.5512787103652954,-0.009792355820536613,0.5860724449157715,0.5923044681549072,-0.017558090388774872,0.5445079803466797,0.5994986295700073,-0.028479691594839096,0.636633574962616,0.5555211305618286,-0.045579347759485245,0.5864555835723877,0.623262882232666,-0.06488995999097824,0.5553094148635864,0.6645581126213074,-0.07381150871515274,0.5285158753395081,0.6973065733909607,-0.08025205880403519,0.6660906076431274,0.5739763975143433,-0.0554082989692688,0.6282904148101807,0.6442467570304871,-0.07409568130970001,0.6021503210067749,0.6943969130516052,-0.08389070630073547,0.5794488191604614,0.7374109029769897,-0.09295550733804703,0.7028644680976868,0.5882322192192078,-0.06274310499429703,0.6774272322654724,0.659419059753418,-0.0798342153429985,0.6591467261314392,0.709746241569519,-0.09046786278486252,0.6411377787590027,0.7517216205596924,-0.09998210519552231,0.7417783141136169,0.5980144143104553,-0.06867752969264984,0.7373296022415161,0.6587689518928528,-0.08738332241773605,0.7353790402412415,0.6990450024604797,-0.0971168577671051,0.7327905297279358,0.7361850738525391,-0.10438046604394913,Open palm
0.7387871742248535,0.4753396511077881,2.263929275159171e-07,0.6768625378608704,0.48568999767303467,0.0015006472822278738,0.6189323663711548,0.5353127121925354,-0.006229027174413204,0.5697809457778931,0.5779430270195007,-0.013794595375657082,0.5274977087974548,0.5879430174827576,-0.02445097081363201,0.6199699640274048,0.5333253741264343,-0.04803342744708061,0.5614542961120605,0.597544252872467,-0.06891066581010818,0.5258988738059998,0.6333267092704773,-0.07771000266075134,0.4967536926269531,0.6619741916656494,-0.08411596715450287,0.6460698843002319,0.5478615760803223,-0.060269687324762344,0.5968075394630432,0.6163811087608337,-0.08311392366886139,0.5653440952301025,0.6656737327575684,-0.09395759552717209,0.5411051511764526,0.706271767616272,-0.10306505858898163,0.6803346276283264,0.5627079606056213,-0.06951212882995605,0.6451869606971741,0.6333920359611511,-0.09089875966310501,0.6193627119064331,0.6838716268539429,-0.10354159772396088,0.5959430932998657,0.7252097725868225,-0.11382663995027542,0.7179087400436401,0.5748311877250671,-0.07660141587257385,0.7060738801956177,0.6352261900901794,-0.09989691525697708,0.699386715888977,0.6754507422447205,-0.1119551956653595,0.6913620233535767,0.7137444615364075,-0.12045779079198837,Open palm
0.761543333530426,0.4826471209526062,2.8956293363080476e-07,0.6999961733818054,0.5070735216140747,-0.006787145044654608,0.6459716558456421,0.5681440830230713,-0.017198417335748672,0.603087306022644,0.6151835322380066,-0.026170926168560982,0.5627085566520691,0.6282246708869934,-0.0384797640144825,0.6601673364639282,0.5752026438713074,-0.05434316396713257,0.622287392616272,0.6532066464424133,-0.07662377506494522,0.5951366424560547,0.7004439830780029,-0.08775859326124191,0.5723162293434143,0.7397008538246155,-0.09554712474346161,0.6962906718254089,0.5959031581878662,-0.06221631541848183,0.6710474491119385,0.6801534295082092,-0.08253312855958939,0.6538988947868347,0.7415536642074585,-0.0922456756234169,0.6403681039810181,0.7937278747558594,-0.10099371522665024,0.736369788646698,0.6073042750358582,-0.06786588579416275,0.7240384221076965,0.6923150420188904,-0.08581233024597168,0.7140437364578247,0.7554828524589539,-0.096225306391716,0.7048771977424622,0.8088546395301819,-0.10543622821569443,0.7744284272193909,0.6105409264564514,-0.0726662278175354,0.7806932330131531,0.6791995167732239,-0.09232059866189957,0.7878856658935547,0.7272745966911316,-0.10239172726869583,0.7944246530532837,0.7707154154777527,-0.1095205545425415,Open palm
0.8283792734146118,0.5346709489822388,3.355371518409811e-07,0.7629269361495972,0.56242436170578,-0.017892038449645042,0.720657467842102,0.6316041350364685,-0.03118712455034256,0.6927149891853333,0.6995027661323547,-0.04081753268837929,0.6599819660186768,0.7351163029670715,-0.05229118838906288,0.7491980791091919,0.6710922718048096,-0.0566980354487896,0.7340953350067139,0.7642241716384888,-0.07850590348243713,0.7222548723220825,0.8264769315719604,-0.08813324570655823,0.7145366668701172,0.8784077167510986,-0.09494469314813614,0.7950000166893005,0.6858959794044495,-0.0575796440243721,0.794528067111969,0.7930753827095032,-0.0783064141869545,0.7956037521362305,0.861391007900238,-0.08741649985313416,0.7987596988677979,0.9169510006904602,-0.09431383013725281,0.8359590768814087,0.6872221827507019,-0.05717487633228302,0.8482543230056763,0.7826799154281616,-0.07649392634630203,0.8566246628761292,0.8479788303375244,-0.0868539810180664,0.8634498715400696,0.9019557237625122,-0.09416398406028748,0.867808997631073,0.679243803024292,-0.05686381831765175,0.893596351146698,0.7506993412971497,-0.07717400789260864,0.9127057790756226,0.7951210141181946,-0.08776410669088364,0.928134024143219,0.8351045250892639,-0.09379000216722488,Open palm
0.8272221684455872,0.540330171585083,2.668581373654888e-07,0.7644598484039307,0.5745329260826111,-0.02363066002726555,0.7274532318115234,0.648188591003418,-0.03972328081727028,0.7058390378952026,0.718218207359314,-0.05131257325410843,0.6749929189682007,0.7554128170013428,-0.06446810811758041,0.7709372639656067,0.6870084404945374,-0.0623675175011158,0.7719905972480774,0.7821545004844666,-0.08467993885278702,0.7722676396369934,0.8441866040229797,-0.09442108124494553,0.7747419476509094,0.8950784206390381,-0.10187006741762161,0.8198531866073608,0.6911090612411499,-0.060871321707963943,0.8392677307128906,0.790625810623169,-0.08419579267501831,0.8541397452354431,0.8560062646865845,-0.09519066661596298,0.8680583238601685,0.9108843803405762,-0.10409681499004364,0.8602626323699951,0.6867626309394836,-0.05845954641699791,0.8843799829483032,0.7781408429145813,-0.08050049096345901,0.9019584655761719,0.8390296101570129,-0.09159135073423386,0.9170961380004883,0.8907501697540283,-0.09960774332284927,0.8888036012649536,0.6766534447669983,-0.05668246001005173,0.9228180646896362,0.7456579208374023,-0.0788460224866867,0.9465733766555786,0.7862677574157715,-0.09070343524217606,0.9659394025802612,0.8226072192192078,-0.09801524877548218,Open palm
0.821739912033081,0.5387292504310608,3.53869438640686e-07,0.7614830732345581,0.5868456363677979,-0.03123803250491619,0.734029233455658,0.6658140420913696,-0.051336292177438736,0.7206281423568726,0.741395115852356,-0.0648241937160492,0.6935428380966187,0.7818018794059753,-0.07956573367118835,0.7944744229316711,0.7037964463233948,-0.0738619938492775,0.8087045550346375,0.7987179756164551,-0.0980219915509224,0.8183417320251465,0.8596451282501221,-0.10909878462553024,0.8282212018966675,0.9078202843666077,-0.11717689037322998,0.8430626392364502,0.6990600228309631,-0.06835385411977768,0.877354621887207,0.7996938824653625,-0.09349582344293594,0.9002290368080139,0.8617759943008423,-0.10578621923923492,0.9210181832313538,0.91246098279953,-0.11525274813175201,0.8788264393806458,0.6870571374893188,-0.061899811029434204,0.9156123995780945,0.7745219469070435,-0.08459508419036865,0.9393796920776367,0.8322548866271973,-0.09830492734909058,0.9600801467895508,0.8795007467269897,-0.10778699815273285,0.9004780650138855,0.6714318990707397,-0.056527331471443176,0.9397863149642944,0.738625168800354,-0.07826341688632965,0.965734601020813,0.7801991701126099,-0.09170034527778625,0.9870985150337219,0.8173626661300659,-0.10041449218988419,Open palm
0.7541272044181824,0.5275561213493347,3.6782805068469315e-07,0.6987860202789307,0.5725846290588379,-0.04482230171561241,0.6793978810310364,0.6459807753562927,-0.07321791350841522,0.6721245050430298,0.7203894257545471,-0.09279412776231766,0.6492137908935547,0.7680267095565796,-0.1135992705821991,0.7442412376403809,0.6772031784057617,-0.09135860949754715,0.7715817093849182,0.7583169341087341,-0.1240634098649025,0.7900474667549133,0.8153384923934937,-0.14208903908729553,0.8068792223930359,0.8636573553085327,-0.15438887476921082,0.7897362112998962,0.6689302325248718,-0.08082535117864609,0.8360655307769775,0.7570924758911133,-0.113343246281147,0.8683557510375977,0.8137505054473877,-0.1303456425666809,0.8968425393104553,0.8621059656143188,-0.14223957061767578,0.8222463726997375,0.6586799025535583,-0.06986463069915771,0.8650344610214233,0.7389816641807556,-0.09705189615488052,0.8976303339004517,0.7936038374900818,-0.11217401176691055,0.9250127673149109,0.839691698551178,-0.1218346506357193,0.8402679562568665,0.6459318995475769,-0.06121530011296272,0.8803605437278748,0.7047610878944397,-0.08452372997999191,0.9077293276786804,0.7422378063201904,-0.09738757461309433,0.9301737546920776,0.7734787464141846,-0.10535877197980881,Open palm
0.7946557402610779,0.5198742151260376,2.8117793249293754e-07,0.7382097244262695,0.5594455003738403,-0.010864567011594772,0.6982113122940063,0.6343626976013184,-0.022927958518266678,0.6651008129119873,0.7000357508659363,-0.03238900005817413,0.6261594891548157,0.7315523028373718,-0.04442138224840164,0.7171939611434937,0.6391093134880066,-0.0561286024749279,0.6960787177085876,0.7252289652824402,-0.07657104730606079,0.6821165680885315,0.7785214185714722,-0.08544568717479706,0.6710279583930969,0.8223692178726196,-0.09208770096302032,0.7577535510063171,0.6454720497131348,-0.061370737850666046,0.7500350475311279,0.7301278710365295,-0.08180590718984604,0.7486708164215088,0.7927280068397522,-0.09095361083745956,0.7489790320396423,0.8449455499649048,-0.09934176504611969,0.7978430390357971,0.6432392597198486,-0.0648328885436058,0.8000549674034119,0.7216917276382446,-0.08324552327394485,0.8003113865852356,0.7800500392913818,-0.09354326874017715,0.8000112771987915,0.8302994966506958,-0.10266128182411194,0.8318455815315247,0.63478684425354,-0.06763739883899689,0.8534839153289795,0.6954063177108765,-0.08749626576900482,0.871954619884491,0.7339738607406616,-0.09786240756511688,0.887691080570221,0.7704799771308899,-0.10525336861610413,Open palm
0.8310533165931702,0.5229452848434448,2.4402268650192127e-07,0.7726513743400574,0.5570457577705383,0.0009305364219471812,0.7231494188308716,0.6297622323036194,-0.008027947507798672,0.6787658929824829,0.6902828216552734,-0.016204748302698135,0.636665940284729,0.7191582322120667,-0.0279916450381279,0.7219793200492859,0.625494122505188,-0.05404730513691902,0.677032470703125,0.7087659239768982,-0.07624854892492294,0.6502628922462463,0.7593567371368408,-0.08580140769481659,0.6288467645645142,0.7996034026145935,-0.09289279580116272,0.7509507536888123,0.6318054795265198,-0.06706781685352325,0.7146510481834412,0.7165963649749756,-0.08908260613679886,0.6946916580200195,0.7778359651565552,-0.10006390511989594,0.6798208951950073,0.827012836933136,-0.11031266301870346,0.7903839349746704,0.635989248752594,-0.07694508880376816,0.7659497857093811,0.7200886607170105,-0.09818658977746964,0.7501016855239868,0.7786076664924622,-0.11282414942979813,0.7345406413078308,0.8267257213592529,-0.1256580948829651,0.8340286016464233,0.6352384686470032,-0.08438000082969666,0.8371207118034363,0.6954898834228516,-0.10889063775539398,0.8415417671203613,0.7363987565040588,-0.12293781340122223,0.8435096740722656,0.7761707305908203,-0.13346517086029053,Open palm
